,t0,t1,t_mean,t0_data,t1_data,cps_bgsub,cps_bgsub_err,flux_bgsub,flux_bgsub_err,mag_bgsub,mag_bgsub_err_1,mag_bgsub_err_2,cps_mcatbgsub,cps_mcatbgsub_err,flux_mcatbgsub,flux_mcatbgsub_err,mag_mcatbgsub,mag_mcatbgsub_err_1,mag_mcatbgsub_err_2,cps,cps_err,flux,flux_err,mag,mag_err_1,mag_err_2,counts,flat_counts,bg_counts,bg_flat_counts,exptime,bg,mcat_bg,responses,detxs,detys,detrad,racent,deccent,q_mean,flags
51,941803342.99,941803352.99,941803348.2465713,941803343.16,941803352.975,1.9789548351676207,0.8807702776906442,4.076646960445299e-16,1.814386772042727e-16,19.338910293490212,0.39972101642965896,0.6394013754450185,-1.1640443951130868,1.0572420149340336,-2.3979314539329585e-16,2.1779185507641086e-16,,,,4.5540535244512235,0.7039515543639862,9.38135026036952e-16,1.4501402019898115e-16,18.4340046734122,0.15605717657348706,0.18231474667384973,35.0,41.85146999900292,17.0,14.297602691807064,9.189938101143891,23.664997558853077,52.54896593707567,0.8365952811350723,267.477783203125,171.2710418701172,264.34650410387434,53.168369868454754,-26.3574824672815,8.54285717010498,0.0
52,941803352.99,941803362.99,941803357.1309618,941803353.045,941803362.725,2.8041461753095067,1.0786695758996132,5.776541121137584e-16,2.2220593263532027e-16,18.96049837773024,0.3533653345668526,0.5272289376519801,1.0342219564580866,1.1644665726972938,2.1304972303036584e-16,2.3988011397564246e-16,20.0434656160633,0.8188748926826932,,6.752319876022398,0.8568662319051669,1.390977894460614e-15,1.7651444377246434e-16,18.00636748041807,0.12971299628041774,0.14733944742201288,52.0,62.098335501941,26.0,21.937137803697233,9.196592673645872,36.30974533025749,52.587017434254854,0.837712834220963,268.91342163085943,172.21185302734375,262.81387126589283,53.16785528667474,-26.35674377895072,8.923076629638672,0.0
53,941803362.99,941803372.99,941803367.5753733,941803363.165,941803372.825,6.074771877268432,1.106039728443247,1.2514030067172974e-15,2.2784418405930887e-16,18.121175065642518,0.18160889768356012,0.21821097007593693,2.9435949567490782,1.2505397651851369,6.0638056109031e-16,2.576111916281381e-16,18.907804874551413,0.3844108159196189,0.6005173359042786,8.661692876313387,0.9705605004629728,1.784308732520558e-15,1.999354630953724e-16,17.735993048538944,0.11531279402942828,0.12903123577462594,67.0,79.64533366366047,17.0,14.37134721407228,9.1951232629665,23.78705745777481,52.57861520010614,0.8414550887395661,271.84307861328125,172.01724243164062,261.5345756258528,53.16864200697072,-26.35688305531535,9.731343269348145,0.0
54,941803372.99,941803382.99,941803377.6793939,941803373.185,941803382.98,-0.4092536702350728,0.9848330200385494,-8.430625606842498e-17,2.0287560212794118e-16,,,,-1.462855175066471,1.0413742892362974,-3.0134816606369303e-16,2.1452310358267722e-16,,,,4.25524274449784,0.6802188991290826,8.765800053665551e-16,1.4012509322059103e-16,18.507689150294603,0.16100860304329245,0.18911349249024667,33.0,39.1337342486336,31.0,25.917223605529674,9.196592673645872,42.897473553980156,52.587017434254854,0.8436119790808506,272.67169189453125,169.32595825195312,263.4824692107254,53.16827359742521,-26.353923554797497,9.78787899017334,0.0
55,941803382.99,941803392.99,941803387.9448037,941803383.09,941803392.795,2.615027812051542,1.066437888936201,5.386957292826175e-16,2.1968620512085736e-16,19.03630921961482,0.3713611162445147,0.5688497080761472,0.8202311184678769,1.154297682331042,1.6896761040438262e-16,2.3778532256019464e-16,20.295159395465397,0.9538180774875578,,6.538329038032187,0.8430809363372209,1.3468957818346308e-15,1.736746728854675e-16,18.04133306890045,0.13168138727935386,0.14988531118111226,51.0,60.144373656584435,26.0,21.80402385805344,9.1987376754422,36.089418799536745,52.599282764563895,0.8483081891854743,273.70315551757807,168.1547393798828,264.0134803342949,53.16660381828586,-26.355541824472777,9.56862735748291,0.0
56,941803392.99,941803402.99,941803397.7591381,941803393.25,941803402.895,2.9957658367906643,1.1426115291783392,6.171277623788769e-16,2.3537797501073794e-16,18.888730340385443,0.3508055656862545,0.5214907009633158,1.7851631612661143,1.1988130798506047,3.6774361122081957e-16,2.4695549444922456e-16,19.450805209664928,0.5577936119002658,1.2088023158592875,7.503261080830426,0.9031054288584704,1.5456717826510675e-15,1.8603971834484487e-16,17.891874854322644,0.12339565660751005,0.13923970152138665,58.0,69.02766942686657,30.0,25.053314487223126,9.199689132931905,41.467555013334845,52.604723291656335,0.8408215048525959,274.16854858398443,165.4998321533203,266.1275688191324,53.16761577325118,-26.356587808037897,8.913793563842773,0.0
57,941803402.99,941803412.99,941803407.9216912,941803403.02,941803412.915,4.721768842417604,1.1833263902281312,9.726843815380264e-16,2.4376523638699505e-16,18.394738194837316,0.2428054597361431,0.3132314631445894,3.0813272008086603,1.2564409764154651,6.347534033665839e-16,2.588268411415858e-16,18.858155455635227,0.3713213015235013,0.5687550623267157,8.799425120372971,0.9781894614982919,1.8126815747968322e-15,2.015070290686481e-16,17.71886425008059,0.114446535236727,0.127947320774485,68.0,80.92126078647425,27.0,22.65560769125297,9.196198578827653,37.498936868280786,52.58476396149466,0.8405511972919257,272.79464721679693,162.97628784179688,269.00082137784244,53.168295253222354,-26.3567524160612,9.573529243469238,0.0
58,941803412.99,941803422.99,941803418.3732935,941803413.22,941803422.97,12.837198556517944,1.4670017851781991,2.644462902642696e-15,3.0220236774670913e-16,17.308824353477494,0.11748331381219045,0.1317556950125791,10.597419524785025,1.547777527495952,2.1830684221057164e-15,3.1884217066416613e-16,17.516999681785993,0.14801109553513214,0.17142182094054448,16.31551744434934,1.3318830158367974,3.360996593535964e-15,2.7436790126238023e-16,17.048497870172636,0.0851997225355845,0.09245920843432387,126.0,150.06158945485006,23.0,19.328352873851358,9.197476572023886,31.991756480857426,52.59207165173128,0.8400258384599923,269.45352172851557,161.58856201171875,271.8131651571116,53.167431646166925,-26.355863281671468,8.79365062713623,0.0
59,941803422.99,941803432.99,941803428.4792486,941803422.99,941803432.98,18.92304380481345,1.8196379752405785,3.89814702379157e-15,3.748454228995592e-16,16.887522513213842,0.09968477509497477,0.1097709848249373,18.96852885970361,1.8182784236143483,3.907516945098945e-15,3.7456535526455583e-16,16.884915875847405,0.0993853500519144,0.109407958654959,24.686626779267932,1.6384029572708256,5.0854451165291926e-15,3.3751100919779014e-16,16.598845621791643,0.06976779787489917,0.07456072135922298,193.0,227.02937637821225,38.0,32.02356038650507,9.196451925496511,53.004513743180816,52.5862126225548,0.850354093406727,267.37515258789057,161.33070373535156,273.042822887817,53.16906385834454,-26.356267082837796,9.202072143554688,0.0
60,941803432.99,941803442.99,941803438.4328457,941803433.01,941803442.98,28.59837978653254,1.983435134252353,5.891266236025704e-15,4.085876376559846e-16,16.439146426766587,0.07280456591031381,0.07803965482681008,26.674811879536783,2.0354680453635496,5.4950112471845774e-15,4.1930641734489117e-16,16.51474658673785,0.07984015394627875,0.08618056818704645,32.39290979910109,1.8765669075569549,6.672939418614824e-15,3.865727829567327e-16,16.30387509578708,0.06114377784614077,0.06479368890126835,253.0,297.9695029137695,25.0,21.08805897572168,9.198602557218807,34.90437347705657,52.59851014533182,0.8493648035525896,264.662109375,163.3445281982422,272.6209034034937,53.16823051638366,-26.35626485846895,9.043478012084961,0.0
61,941803442.99,941803452.99,941803448.0345132,941803443.03,941803452.92,36.069128653677204,2.185703218664828,7.430240502657504e-15,4.502548630449546e-16,16.187160872750713,0.06387661676660272,0.06787085536907966,34.2857835846155,2.229617818310926,7.062871418430794e-15,4.593012705720507e-16,16.242214801249336,0.06840499893317188,0.07300626070150074,40.00388150417981,2.0855421931690423,8.240799589861042e-15,4.296216917928227e-16,16.074744669551144,0.055177117754965366,0.05813205914358832,308.0,367.9309342035569,26.0,21.864441593745614,9.197380863282321,36.18942056895828,52.59152437977524,0.8374150062004678,263.240966796875,165.76429748535156,271.2367922962966,53.168159998555154,-26.35619699998979,8.418830871582031,0.0
62,941803452.99,941803462.99,941803458.0524756,941803453.0,941803462.98,32.56018078043644,2.2642044302477773,6.7073972407699075e-15,4.664261126310421e-16,16.298282981222442,0.07299162655654713,0.0782546360486549,34.13174966918065,2.2261417146851783,7.031140431851214e-15,4.585851932251466e-16,16.247103620631147,0.06860034035950235,0.07322881830591754,39.84984758874496,2.0817875934097163,8.209068603281464e-15,4.288482442424015e-16,16.07893333821005,0.05528783483069688,0.05825496851642953,307.0,366.42111966524993,48.0,40.49657288013979,9.195044444002855,67.02881028436931,52.578164505554106,0.8381858690499736,263.27957153320307,168.78231811523438,268.61513728066257,53.16813955460074,-26.356468859378662,8.612378120422362,0.0
63,941803462.99,941803472.99,941803467.872733,941803462.995,941803472.96,26.20704573637045,1.9594135884503856,5.398651421692313e-15,4.036391992207794e-16,16.533954833431448,0.07828547660259844,0.08437182935697507,25.03962825065204,1.9915426533695575,5.15816341963432e-15,4.1025778659412887e-16,16.583430307852193,0.08309245374362463,0.08998254669096539,30.75772617021635,1.8287913927306692,6.3360915910645675e-15,3.767310269025178e-16,16.360114434548823,0.06270931208433694,0.06655445962167406,236.0,282.86558650013166,30.0,25.284768830896088,9.196570153941972,41.85065185803491,52.586888664382826,0.8345166484273396,264.6104736328125,171.03750610351562,265.99651776147186,53.16832280480346,-26.35634962248704,8.737288475036621,0.0
64,941803472.99,941803482.99,941803477.4882207,941803473.005,941803482.985,24.1614540087716,1.926305763930433,4.9772595258069495e-15,3.968189873696692e-16,16.622192334793525,0.08328430140895904,0.09020759196492634,23.4181080088835,1.9471816727155864,4.824130249830001e-15,4.0111942457941077e-16,16.656120488198994,0.08672005443846588,0.09425255697405532,29.136205928447808,1.7803064519699634,6.00205842126025e-15,3.6674312910581246e-16,16.418917505095383,0.06439374575245438,0.0684549969519388,222.0,267.8406340484356,33.0,27.629412810363625,9.192708024723396,45.73144189301565,52.56480463133299,0.8291389750265191,266.97305297851557,172.5181121826172,263.52263265005746,53.1681671622441,-26.356747019013106,8.698198318481445,0.0
65,941803482.99,941803492.99,941803487.8403275,941803483.005,941803492.955,19.229081541833423,1.7543392213272655,3.961190797617684e-15,3.6139387959341673e-16,16.870103647287255,0.09479437045155237,0.1038694016265822,18.05393236638292,1.7903740770123877,3.719110067474881e-15,3.688170598645519e-16,16.938570472066573,0.1026602844615283,0.11339060154507408,23.77203028594723,1.6074541275889294,4.89703823890513e-15,3.311355502833194e-16,16.639834312788373,0.07104130058239377,0.07601710989248289,183.0,218.7033187756034,30.0,25.251297346611647,9.20002692849038,41.79525078059861,52.60665483973649,0.8372611901563941,269.35531616210943,172.4560546875,262.3819362370062,53.16749920063278,-26.35646017313929,9.26229476928711,0.0
66,941803492.99,941803502.99,941803497.9796901,941803493.05,941803502.805,11.467435210861586,1.5344435426191176,2.3622916534374863e-15,3.1609536977953817e-16,17.43133426220507,0.13634954168680835,0.15596555982682148,10.84293000122158,1.5564124542532347,2.233643580251645e-15,3.2062096557616635e-16,17.492133364738464,0.1456300019322221,0.16823442607864791,16.56102792078589,1.3418972680901289,3.4115717516818925e-15,2.764308372265665e-16,17.03228177659667,0.0845917687944322,0.09174360997794297,129.0,152.3126735079674,34.0,28.302821195746194,9.197054327575788,46.84604887571784,52.58965721663107,0.8472227635542124,272.061767578125,170.43377685546875,262.8095168065236,53.16879596540096,-26.356172251616105,8.930233001708984,0.0
67,941803502.99,941803512.99,941803507.97105,941803502.99,941803512.945,9.264251675274778,1.32622681687702,1.9084358451066038e-15,2.732027242766661e-16,17.66297413822489,0.14526309463302312,0.1677447252943196,7.005259759273566,1.4157712321531015,1.4430835104103543e-15,2.9164887382353887e-16,17.96643939044318,0.19985255460709084,0.2451304368944456,12.723357678837873,1.175970298483528,2.6210116818406027e-15,2.4224988148760674e-16,17.318495659422837,0.09598016674936716,0.10529500222401468,100.0,117.06060563326434,23.0,19.22780291912645,9.200449172938477,31.825328969588607,52.609069274836685,0.8545601243433381,272.56256103515625,168.5955047607422,264.1748308731435,53.16699143091387,-26.356284891044588,9.380000114440918,0.0
68,941803512.99,941803522.99,941803518.2660184,941803513.415,941803522.94,9.631124605301473,1.4014532392662653,1.9840116686921035e-15,2.8869936728885063e-16,17.620807495750356,0.14749999690203452,0.17073627185904172,8.134291559712471,1.4583321371232194,1.675664061300769e-15,3.004164202473832e-16,17.80420066278132,0.1790441831105305,0.2145151164364023,13.852389479276784,1.226924877466398,2.853592232731017e-15,2.5274652475807795e-16,17.226188265387517,0.0921422528670348,0.10069331312287133,108.0,127.47160170603568,28.0,23.468650285277075,9.202138150730859,38.84466254114828,52.6187270152375,0.8475007994816588,272.2684936523437,165.30215454101562,267.2048210211235,53.167373549133394,-26.35593953685281,8.898148536682129,0.0
69,941803522.99,941803532.99,941803527.924034,941803523.385,941803532.86,6.532298623449296,1.3289349187442858,1.3456535164305551e-15,2.737605932613229e-16,18.04233492437005,0.20106167068183112,0.2469546174505233,5.6744240488105975,1.3635567570200613,1.1689313540549829e-15,2.8089269194613265e-16,18.19519553142394,0.23381572662712105,0.29839283485248913,11.392521968374908,1.11262876951898,2.3468595254852312e-15,2.2920152652090995e-16,17.43845031321998,0.10117264099943668,0.1115781801387996,88.0,104.84293702958692,32.0,27.022920996575785,9.202785592217936,44.727593373642684,52.6224291490578,0.8396185471020201,271.38644409179693,162.30848693847656,270.2567337640801,53.16917378837968,-26.355974320111194,9.238636016845703,0.0
70,941803532.99,941803542.99,941803538.15075,941803532.995,941803542.93,6.237354292567768,1.2539432861938986,1.2848949842689604e-15,2.583123169559431e-16,18.09249896641653,0.19889158893228046,0.24368426596727846,4.632200716665646,1.3216952340628438,9.542333476331233e-16,2.722692182169458e-16,18.41553157643357,0.2725346782351465,0.36473264490938107,10.350298636229958,1.0607706469134432,2.1321615190633713e-15,2.1851875326416926e-16,17.54261779841725,0.10593365398740673,0.11739808259516593,80.0,95.20566128952206,27.0,22.85701359042225,9.19834921054995,37.832298356560976,52.59706148427169,0.8406544341953343,268.2631225585937,161.44297790527344,272.5143256210872,53.16766733230249,-26.356259916176057,8.850000381469727,0.0
71,941803542.99,941803552.99,941803548.1427631,941803543.215,941803552.9,6.0552970969648445,1.2055414828350923,1.247391201974758e-15,2.48341545464029e-16,18.12466135945795,0.1971283139451394,0.24103900440186266,3.9946235047507286,1.295115740378812,8.228924419786502e-16,2.6679384251803527e-16,18.576310367229432,0.3048960278502477,0.4254781804342755,9.712721424315038,1.0275064449074731,2.0008206134088982e-15,2.116663276509394e-16,17.611647668286572,0.10918140737886972,0.12140089990965565,76.0,89.35374432895283,24.0,20.328434429737392,9.199660983302033,33.647063883703275,52.60456232931632,0.8508066984644084,265.37850952148443,161.9178466796875,273.50696047503783,53.16758673514178,-26.356667882188624,8.789473533630371,0.0
72,941803552.99,941803562.99,941803557.7085248,941803553.11,941803562.895,4.73922359645783,1.0868534537724868,9.762800608703131e-16,2.2389181147713233e-16,18.39073200203445,0.2241725617871708,0.2828310383099009,2.0861795587896284,1.2122608213620811,4.297529891106634e-16,2.4972572920058867e-16,19.28162078575231,0.4973923821117197,0.9447015866879518,7.8042774783539395,0.9209497334125966,1.6076811605409116e-15,1.897156450829949e-16,17.849168244536813,0.12111010740614958,0.13633563376148314,61.0,71.81142608447912,20.0,17.039455915792384,9.201547008503523,28.203237377863264,52.61534680609722,0.8498254220933719,262.33941650390625,163.05551147460938,274.0312516685715,53.16697544577227,-26.355677063261954,8.754097938537598,0.0
73,941803562.99,941803572.99,941803567.6501176,941803563.28,941803572.835,6.379183477735156,1.3098407281489122,1.314111796413442e-15,2.6982718999867595e-16,18.068087266287908,0.20276533656865325,0.2495335941218855,5.360334738644071,1.3514708587965802,1.1042289561606786e-15,2.7840299691209554e-16,18.25702022231343,0.24411864476228476,0.31542650238499803,11.078432658208381,1.0975796701148766,2.282157127590927e-15,2.261014120436646e-16,17.46880419469584,0.10256689258042684,0.11327665845046295,85.0,101.87896770100753,31.0,26.109072760939927,9.196153539419852,43.215016983624714,52.58450642175064,0.8345378078525216,261.29360961914057,165.8528594970703,272.14765502973944,53.16738040077829,-26.356331950836054,9.047059059143066,0.0
74,941803572.99,941803582.99,941803578.0467722,941803573.03,941803582.845,5.173567941138188,1.2885040148776379,1.0657549958744668e-15,2.6543182706479345e-16,18.295524608073872,0.24145408215979455,0.31097996883682205,4.506305720865068,1.3163458189478583,9.28298978498204e-16,2.7116723870325884e-16,18.445448369534933,0.27825037019368537,0.37508857053805394,10.224403640429381,1.0541702541072728,2.106227149928452e-15,2.1715907234609822e-16,17.55590503427315,0.10654050748539844,0.11814399375408158,79.0,94.0707177711753,33.0,28.07608014017525,9.200606810865766,46.470753335462476,52.60997066394077,0.8401128136887714,261.85537719726557,169.3897247314453,268.82156883097815,53.167757431691506,-26.357290220815344,8.848101615905762,0.0
75,941803582.99,941803592.99,941803587.3589064,941803583.31,941803592.95,4.9640976639511765,1.1226373799251397,1.0226041187739425e-15,2.312633002645787e-16,18.3403992068848,0.22136020010135127,0.2783599244236896,2.5609400438488485,1.2335104897788716,5.275536490328627e-16,2.541031608944475e-16,19.05900147254271,0.4268737113359471,0.7134698209463615,8.27903796341316,0.9486656918227829,1.7054818204631108e-15,1.954251325154933e-16,17.785050314878088,0.11778441198817192,0.1321346082080197,64.0,76.16112641569798,22.0,18.424086181526693,9.199272518409783,30.495039197009717,52.60234104902411,0.84062688900018,262.6270751953125,171.56060791015625,266.5630813293013,53.16706973580654,-26.356296578109678,8.28125,0.0
76,941803592.99,941803602.99,941803597.9045404,941803593.1,941803602.895,7.970914414104457,1.2602891792715945,1.642008369305518e-15,2.5961957092994843e-16,17.826229634960153,0.1593754584576672,0.1868629009110343,5.572105988102669,1.3598252660164505,1.1478538335491495e-15,2.8012400479938885e-16,18.214951578426014,0.23708719603765616,0.3037551553720093,11.290203907666982,1.1079075500493285,2.3257820049793982e-15,2.2822895531016157e-16,17.448245535981446,0.1016343767183443,0.11214013125244192,87.0,103.84761510933892,22.0,18.44576338941335,9.198028304769396,30.530918713511763,52.59522651359554,0.8381414218860179,266.001708984375,172.29612731933594,264.20559348522545,53.16873345497985,-26.356021936415853,9.54022979736328,0.0
77,941803602.99,941803612.99,941803607.6189344,941803603.07,941803612.925,5.856304602615028,1.044567450075739,1.2063987481386954e-15,2.1518089471560222e-16,18.1609408562597,0.17820079460316762,0.21330440521687424,2.2294874731338354,1.2187365394987986,4.592744194655701e-16,2.5105972713675246e-16,19.209487408716672,0.4734760883515818,0.8589022133693263,7.947585392698146,0.9294194515373212,1.6372025908958178e-15,1.914604070166881e-16,17.829411992795833,0.12007813498957633,0.13502892549142587,61.0,73.12180289628196,14.0,11.624674379975414,9.200505472198223,19.240840353062765,52.609391199516715,0.8346553282816669,268.35995483398443,172.85882568359375,262.53040692679144,53.16731595887668,-26.356461001781764,8.983606338500977,0.0
78,941803612.99,941803622.99,941803617.8833053,941803613.03,941803622.78,3.0815836567828647,1.1489341033343174,6.348062332972701e-16,2.3668042528686937e-16,18.85806509458905,0.34404890108888964,0.5065521285930217,1.8939401472034976,1.2038115032961056,3.9015167032392047e-16,2.479851696789977e-16,19.386584374511873,0.5342008671232783,1.096090492371058,7.612038066767808,0.9096863431251018,1.5680798417541686e-15,1.8739538668377096e-16,17.876247621329764,0.12256633416320994,0.1381843415465802,59.0,70.01942714324396,30.0,25.177704193112863,9.198512478403213,41.673441423083375,52.597995065843776,0.8429371983121811,271.99871826171875,171.45736694335938,261.94668016813097,53.16892084245801,-26.35755346900387,9.457627296447754,0.0
79,941803622.99,941803632.99,941803627.7239636,941803623.035,941803632.83,5.715517966143142,1.2916411652742117,1.1773967010254876e-15,2.6607808004648755e-16,18.187361014377135,0.22121596527951934,0.2781314257807885,4.817513228834509,1.3288722977609635,9.92407725139909e-16,2.7374769333875846e-16,18.37294271025836,0.26449220403824114,0.3504166099435615,10.53561114839882,1.0698844457529202,2.1703358965701563e-15,2.2039619582510158e-16,17.5233506670645,0.1050098946646969,0.11626442986053576,82.0,96.97185847412192,32.0,26.80391181596602,9.204198703637566,44.36509541952997,52.6305094585265,0.845820588676813,272.89111328125,168.70413208007812,263.9212905388839,53.16834764928228,-26.35688944481615,8.853658676147461,0.0
80,941803632.99,941803642.99,941803637.9201725,941803633.02,941803642.915,3.8726268669989534,1.0977070780027445,7.977611346017847e-16,2.2612765806856535e-16,18.609985864693307,0.2709497870292843,0.3618880501732846,1.7618079498610169,1.1976500702727504,3.629324376713695e-16,2.467159144761866e-16,19.465103586662078,0.5631340463897239,1.2363947675685552,7.479905869425327,0.9016207254337854,1.5408606091016176e-15,1.8573386943935981e-16,17.895259668656486,0.12356748711217234,0.13945859486408094,58.0,68.82472624483053,24.0,20.053253985790814,9.201282401982716,33.19159280406757,52.61383376010109,0.8429577461483951,272.2929077148437,165.57704162597656,266.95172753282293,53.16778726557988,-26.356614069724664,9.362069129943848,0.0
81,941803642.99,941803652.99,941803647.5792423,941803643.14,941803652.79,3.2126270244397985,1.2274432453337747,6.618011670345986e-16,2.528533085387576e-16,18.812849229250727,0.3513238378331209,0.5226489759269981,2.8180587572107982,1.2447925353164528,5.805201039854244e-16,2.564272622751893e-16,18.95512488996659,0.3972022066632874,0.6328695639379127,8.536156676775109,0.9632874638097434,1.7584482754156724e-15,1.9843721754480716e-16,17.75184405564523,0.11608953893589558,0.13000480330932265,66.0,78.52590289226528,35.0,29.58741333634431,9.199210589224064,48.97227034981129,52.601986931876105,0.8407793512116543,270.76040649414057,162.31759643554688,270.5472186028445,53.168771753633,-26.355753580197717,8.590909004211426,0.0
82,941803652.99,941803662.99,941803658.2706717,941803652.99,941803662.92,4.48040825914487,1.1773211939294237,9.229641013838432e-16,2.425281659494612e-16,18.451706027161183,0.2533114673928374,0.33099391959401103,2.8959863924353586,1.2483437104176611,5.965731968416839e-16,2.5715880434603824e-16,18.92550870779645,0.3891445587959233,0.6123337077412891,8.61408431199967,0.967793221203038,1.774501368271932e-15,1.993654035678258e-16,17.74197720453053,0.11560374403712005,0.12939572699555413,67.0,79.22332845995301,27.0,22.968739699061675,9.196952988908247,38.017224329481394,52.58907775220703,0.8460249440711217,267.98321533203125,160.44937133789062,273.51953335453146,53.16941885716164,-26.355573242796627,8.86567211151123,0.0
83,941803662.99,941803672.99,941803667.6891096,941803663.08,941803672.88,5.060528100543171,1.2153229630083775,1.042468788711893e-15,2.5035653037972586e-16,18.319510398026885,0.23369196928273794,0.29819081723227114,3.607275596669104,1.2786524353203894,7.430987729138356e-16,2.6340240167600023e-16,18.687051690544312,0.32941935474120143,0.4752002774582778,9.325373516233416,1.0067267192090796,1.921026944344084e-15,2.073857041570704e-16,17.655834410114444,0.1113059370384768,0.12403387763908925,73.0,85.80434520358259,28.0,23.708446641736288,9.201169803463227,39.24156685528766,52.61318991074104,0.8510170659030194,265.23257446289057,161.51893615722656,273.92604256894106,53.16834992764086,-26.35717945774755,8.917808532714844,0.0
84,941803672.99,941803682.99,941803678.4185344,941803673.105,941803682.78,1.7175207827545862,1.1970700709648001,3.5380928124744474e-16,2.465964346187488e-16,19.49274499770738,0.5741889919772838,1.296305985213568,1.733822963614834,1.1963298763311776,3.571675305046558e-16,2.464439545242226e-16,19.482488123335155,0.5697138088739919,1.2715796687951233,7.451920883179145,0.8998950622253387,1.5350957019349039e-15,1.853783828184197e-16,17.899329411607066,0.12378169891585955,0.1397315877133174,58.0,68.57293419512375,38.0,31.8808028384036,9.202048071915264,52.76822538770252,52.618211935749464,0.8461771691462858,261.30917358398443,162.72032165527344,274.83957336478,53.16747345264697,-26.355210277301765,8.362069129943848,0.0
85,941803682.99,941803692.99,941803687.5265572,941803683.35,941803692.75,4.082382129358623,1.1269634758135054,8.409707186478765e-16,2.3215447601758207e-16,18.552715864493013,0.26467379178573225,0.3507366102421656,2.163011842149254,1.2160410784338438,4.455804394827463e-16,2.5050446215737184e-16,19.242352757151234,0.4843402408332551,0.8968058152800467,7.8811097617135655,0.9257316897164688,1.6235086109129946e-15,1.907007280815926e-16,17.838531559875886,0.12058200452385034,0.1356665855694139,61.0,72.47771460238536,25.0,21.10629631041554,9.196384366384812,34.93455941034297,52.58582631293875,0.8419055150065461,260.82843017578125,165.53836059570312,272.65543493480544,53.168443565591936,-26.356314839027252,8.983606338500977,0.0
86,941803692.99,941803702.99,941803698.2153572,941803693.16,941803702.815,4.96375654400208,1.1973584567814703,1.0225338480644282e-15,2.466558420969829e-16,18.340473818431523,0.2346221064999341,0.2997106300551877,3.3568368991826367,1.268219413607829,6.9150840123162325e-16,2.6125319920321284e-16,18.76517439896946,0.3479669612166987,0.5151783272111068,9.074934818746947,0.9933162606894476,1.869436572661871e-15,2.046231497020262e-16,17.685391214065767,0.11277630740231005,0.12586291480282694,70.0,83.46644929685762,27.0,22.845017476515714,9.197470942097912,37.812442719750145,52.592039459263276,0.8389931011098776,260.10006713867193,169.226806640625,269.8671117196158,53.166925842068956,-26.35592997956296,8.771428108215332,0.0
87,941803702.99,941803712.99,941803707.6654876,941803703.36,941803712.755,1.6944760676693338,0.9877164139370253,3.4906206993988275e-16,2.0346958127102722e-16,19.507411401608472,0.4986362536487086,0.9494092251585292,-0.3835873301397472,1.0961208584126159,-7.901899000878791e-17,2.2580089683299895e-16,,,,5.334510589424563,0.7615060170915495,1.0989091814214602e-15,1.5687023952085918e-16,18.262263546063647,0.1448788996141701,0.1672323649073384,41.0,49.072985973565075,24.0,20.23066534179713,9.199154289964321,33.485239186422845,52.601665007196075,0.8358490385123348,262.58551025390625,171.46426391601562,266.66706706983496,53.16871106551258,-26.35642078304084,9.0,0.0
88,941803712.99,941803722.99,941803717.9938984,941803713.165,941803722.64,3.538074341440187,1.1307116852406802,7.288433143366784e-16,2.3292660715958013e-16,18.708082615014263,0.30109254102718097,0.4180635866741014,1.929718565519651,1.2055705812927229,3.9752202449704815e-16,2.4834753974630084e-16,19.36626506213629,0.5269590598812179,1.0641666226268711,7.647816485083963,0.911931112700194,1.575450195927296e-15,1.8785780921624e-16,17.87115635454681,0.12230875148920005,0.1378569255323967,59.0,70.33165716743669,27.0,22.83414353641233,9.196305547421169,37.79444447406181,52.585375618386706,0.8391494166930015,265.12673950195307,173.0670623779297,263.9874136680696,53.16811616343186,-26.356200327985253,8.881356239318848,0.0
89,941803722.99,941803732.99,941803728.3627777,941803723.115,941803732.955,0.8523068250380498,1.0847513689560409,1.7557520595783823e-16,2.2345878200494443e-16,20.25351008458253,0.8913667550572271,,0.11925143046122262,1.1208873275344382,2.4565794675011857e-17,2.309027894720943e-16,22.38884100686868,2.542516708605703,,5.837349350025535,0.7966662550704672,1.2024939661052598e-15,1.6411324854451623e-16,18.16446078632019,0.13890200824294394,0.15931572759215484,45.0,53.68816088499469,33.0,27.70055494689849,9.197352713652444,45.84919439486647,52.59136341743522,0.8386183904288251,268.77780151367193,172.9272003173828,262.261933439238,53.16857530810014,-26.356698129551297,8.95555591583252,0.0
90,941803732.99,941803742.99,941803737.8475351,941803733.02,941803742.76,5.830029464463284,1.1647552928108489,1.2009860696794364e-15,2.3993959031903486e-16,18.16582312587198,0.19775901330387316,0.24198394484516686,3.4360047337471262,1.2715889897689856,7.078169751519081e-16,2.6194733189241103e-16,18.739865616293756,0.34186305416032425,0.5017826728719683,9.154102653311435,0.9976243274736608,1.885745146582156e-15,2.0551061145957416e-16,17.675960554352105,0.1123103778141754,0.1252827294579717,71.0,84.19717000082844,22.0,18.47179304304111,9.197752438396641,30.574002278137012,52.593649082663404,0.8436052402209593,270.42184448242193,171.7566680908203,262.46050550195474,53.16684775292739,-26.356526133285843,8.36619758605957,0.0
91,941803742.99,941803752.99,941803748.005,941803743.64,941803752.6,2.3194754435212785,1.169394222882813,4.778119413653833e-16,2.4089520991385945e-16,19.166525552581373,0.4432374171455038,0.7616531673399649,1.7318983950351023,1.196391060239152,3.5677106937723113e-16,2.4645655840926533e-16,19.483693975614727,0.5702289846331539,1.2743924651322909,7.449996314599414,0.8998906205884468,1.5346992408074794e-15,1.8537746784122004e-16,17.899609855226426,0.12381134221194046,0.1397693749638158,58.0,68.53819539386389,34.0,28.51640844693482,9.199762321969576,47.19957260182316,52.605141793740366,0.8465522129101634,272.32147216796875,168.68011474609375,264.21713756536525,53.16772697232378,-26.356726830095138,9.224138259887695,0.0
92,941803752.99,941803762.99,941803757.3555171,941803753.06,941803762.545,3.6063284855365536,1.1128002602315976,7.4290366802053e-16,2.292368536077091e-16,18.687336794312337,0.2919913587832745,0.4006274843229463,1.7807862179748686,1.198654607905408,3.6684196090282286e-16,2.46922849228514e-16,19.45347053532079,0.5588074463322457,1.2139765087878658,7.4988841375391795,0.90287209559629,1.544770132333071e-15,1.8599165169283576e-16,17.89250839117529,0.1234335833054594,0.13928800922833773,58.0,68.9828011295127,26.0,21.6339475691131,9.199075471000672,35.80791321784238,52.601214312644025,0.8411442156660275,271.92990112304693,165.60389709472656,267.1020091342109,53.167474362730246,-26.356320438052826,9.137930870056152,0.0
93,941803762.99,941803772.99,941803768.1672881,941803763.175,941803772.805,2.5945284926584504,1.1730258688013802,5.344728694876407e-16,2.4164332897308435e-16,19.04485388899192,0.4050027074915796,0.6532769468518893,1.906866589360953,1.2044739217888445,3.928145174083564e-16,2.4812162788850195e-16,19.379199226392764,0.5315680857466845,1.084350850536353,7.624964508925264,0.9105180419283231,1.5707426888386043e-15,1.8756671663723447e-16,17.874405433596806,0.1224756307177941,0.13806902733049853,59.0,70.12914459378139,33.0,27.952657615396163,9.197307674244648,46.26646777720745,52.591105877691184,0.8414544392864509,270.18911743164057,162.25604248046875,270.87461042007067,53.1680840995799,-26.35578160946867,8.661017417907715,0.0
94,941803772.99,941803782.99,941803777.6710187,941803773.185,941803782.98,3.2699587001202524,1.072859494547585,6.73611492224772e-16,2.2100905587680242e-16,18.793644331211016,0.30807345290969224,0.4317315011576248,1.2098705114107795,1.1726140139417691,2.4923332535062057e-16,2.415584868720045e-16,19.873152770880466,0.7357279921355726,3.7788421693709506,6.92796843097509,0.8679212109075979,1.4271614967808687e-15,1.7879176944696516e-16,17.978485249894696,0.1281494565048682,0.14532472956794962,54.0,63.71639498806545,24.0,20.32576559330343,9.196981138538119,33.642646499260856,52.589238714547044,0.8477531376725443,267.4130249023437,160.8773193359375,273.4208521190616,53.16770960662193,-26.355707760892248,8.722222328186035,0.0
