2531.88502995383,1.8227001e-15
2533.7047156513854,-8.4035457e-16
2535.524401348941,8.3198223e-16
2537.3440870464965,5.117567e-15
2539.163772744052,6.914812e-15
2540.9834584416076,4.509569e-15
2542.803144139163,6.2508734e-16
2544.6228298367187,2.6415707e-15
2546.442515534274,5.0064856e-15
2548.2622012318297,6.9908e-15
2550.0818869293853,5.0704515e-15
2551.901572626941,-1.1090714e-15
2553.7212583244964,-2.9240105e-15
2555.540944022052,2.0656067e-15
2557.3606297196075,4.580427e-15
2559.180315417163,2.6667958e-15
2561.0000011147185,2.4192697e-15
2562.819686812274,4.276074e-15
2564.6393725098296,3.425169e-15
2566.459058207385,-1.5332982e-16
2568.2787439049407,3.5005932e-15
2570.0984296024963,5.4911223e-15
2571.918115300052,6.613377e-15
2573.7378009976073,7.0929357e-15
2575.557486695163,9.995436e-15
2577.3771723927184,9.172166e-15
2579.196858090274,9.3126055e-15
2581.0165437878295,6.3506558e-15
2582.836229485385,3.602369e-15
2584.6559151829406,3.0803238e-15
2586.475600880496,7.11305e-15
2588.2952865780517,4.871156e-15
2590.114972275607,8.069096e-15
2591.9346579731628,5.112623e-15
2593.7543436707183,3.7574907e-15
2595.574029368274,2.8368584e-15
2597.3937150658294,3.26283e-15
2599.213400763385,1.622829e-15
2601.0330864609405,-1.2251781e-15
2602.852772158496,2.5020407e-15
2604.6724578560516,7.9769396e-15
2606.492143553607,5.2434177e-15
2608.3118292511626,3.91072e-15
2610.131514948718,4.6623523e-15
2611.9512006462737,3.311353e-15
2613.7708863438293,3.747026e-15
2615.590572041385,1.1633809e-15
2617.4102577389403,3.2169845e-15
2619.229943436496,6.3458336e-15
2621.0496291340514,5.906614e-15
2622.869314831607,2.836502e-15
2624.6890005291625,3.568616e-15
2626.508686226718,4.4885847e-15
2628.3283719242736,7.01256e-15
2630.148057621829,5.9960514e-15
2631.9677433193847,3.6122736e-15
2633.78742901694,5.1369618e-15
2635.6071147144958,6.1764313e-15
2637.4268004120513,3.3585807e-15
2639.246486109607,2.214924e-15
2641.0661718071624,7.30619e-15
2642.885857504718,5.2225807e-15
2644.7055432022735,1.0824534e-15
2646.525228899829,4.404495e-15
2648.3449145973846,5.5132646e-15
2650.16460029494,3.7183823e-15
2651.9842859924956,2.0360597e-15
2653.803971690051,2.518723e-15
2655.6236573876067,4.2110484e-15
2657.4433430851623,7.502176e-15
2659.263028782718,6.83469e-15
2661.0827144802734,5.1344113e-15
2662.902400177829,4.6214376e-15
2664.7220858753844,2.5286708e-15
2666.54177157294,4.7721358e-15
2668.3614572704955,5.1657456e-15
2670.181142968051,3.1105072e-15
2672.0008286656066,2.433646e-15
2673.820514363162,3.9103594e-15
2675.6402000607177,4.5845603e-15
2677.4598857582732,3.2032812e-15
2679.279571455829,3.551829e-15
2681.0992571533843,2.2549345e-15
2682.91894285094,2.51473e-15
2684.7386285484954,3.9788174e-15
2686.558314246051,4.7714014e-15
2688.3779999436065,3.929247e-15
2690.197685641162,2.8755189e-15
2692.0173713387176,2.7156592e-15
2693.837057036273,3.0837238e-15
2695.6567427338287,4.5292173e-15
2697.476428431384,5.9000258e-15
2699.2961141289397,3.0065792e-15
2701.1157998264953,2.8590903e-15
2702.935485524051,4.4870427e-15
2704.7551712216064,3.7616356e-15
2706.574856919162,2.1194873e-15
2708.3945426167174,3.1399113e-15
2710.214228314273,4.519263e-15
2712.0339140118285,5.708827e-15
2713.853599709384,5.955985e-15
2715.6732854069396,2.8563247e-15
2717.492971104495,2.8441918e-15
2719.3126568020507,4.422989e-15
2721.1323424996062,4.452303e-15
2722.952028197162,2.5580511e-15
2724.7717138947173,2.5041303e-15
2726.591399592273,6.0201677e-15
2728.4110852898284,6.2396843e-15
2730.230770987384,4.991767e-15
2732.0504566849395,4.056503e-15
2733.870142382495,4.0385366e-15
2735.6898280800506,5.0616262e-15
2737.509513777606,3.3852593e-15
2739.3291994751617,1.7885757e-15
2741.148885172717,2.6473996e-15
2742.9685708702727,3.5229443e-15
2744.7882565678283,4.563576e-15
2746.607942265384,4.1236016e-15
2748.4276279629394,2.8138242e-15
2750.247313660495,2.248886e-15
2752.0669993580505,2.1461092e-15
2753.886685055606,2.7123924e-15
2755.7063707531615,2.2493506e-15
2757.526056450717,2.0600898e-15
2759.3457421482726,2.1702682e-15
2761.165427845828,2.6414958e-15
2762.9851135433837,3.756043e-15
2764.8047992409392,2.2734369e-15
2766.624484938495,1.3366669e-15
2768.4441706360503,1.5339416e-15
2770.263856333606,1.8838375e-15
2772.0835420311614,2.3758027e-15
2773.903227728717,1.7514997e-15
2775.7229134262725,8.866577e-16
2777.542599123828,1.6848261e-15
2779.3622848213836,1.8195631e-15
2781.181970518939,1.829005e-15
2783.0016562164947,1.783736e-15
2784.82134191405,1.5695171e-15
2786.6410276116058,2.7879139e-15
2788.4607133091613,2.7403193e-15
2790.280399006717,3.019545e-15
2792.1000847042724,2.5637477e-15
2793.919770401828,4.151182e-15
2795.7394560993835,4.8524883e-15
2797.559141796939,3.216579e-15
2799.3788274944945,3.82305e-15
2801.19851319205,4.6527126e-15
2803.0181988896056,2.9803547e-15
2804.837884587161,2.9838212e-15
2806.6575702847167,4.5307263e-15
2808.4772559822723,4.149313e-15
2810.296941679828,2.8717617e-15
2812.1166273773833,2.832686e-15
2813.936313074939,3.9345794e-15
2815.7559987724944,4.529567e-15
2817.57568447005,3.7868505e-15
2819.3953701676055,2.9589258e-15
2821.215055865161,3.317908e-15
2823.0347415627166,3.8986068e-15
2824.854427260272,3.639562e-15
2826.6741129578277,3.155547e-15
2828.493798655383,2.748337e-15
2830.3134843529388,2.7710062e-15
2832.133170050494,3.1950993e-15
2833.9528557480494,3.8751385e-15
2835.772541445605,4.407509e-15
2837.5922271431605,3.7447848e-15
2839.411912840716,3.3738584e-15
2841.2315985382716,3.663652e-15
2843.051284235827,2.7986905e-15
2844.8709699333826,2.0894255e-15
2846.690655630938,2.9758622e-15
2848.5103413284937,3.0358408e-15
2850.3300270260493,1.953603e-15
2852.149712723605,2.0239967e-15
2853.9693984211603,2.1472728e-15
2855.789084118716,1.3291106e-15
2857.6087698162714,1.6033235e-15
2859.428455513827,2.2582237e-15
2861.2481412113825,2.9939993e-15
2863.067826908938,3.3482058e-15
2864.8875126064936,2.214578e-15
2866.707198304049,2.087049e-15
2868.5268840016047,2.6799354e-15
2870.34656969916,3.0256377e-15
2872.1662553967158,3.1506434e-15
2873.9859410942713,3.3560004e-15
2875.805626791827,3.6312277e-15
2877.6253124893824,2.9562125e-15
2879.444998186938,2.2653202e-15
2881.2646838844935,2.4987438e-15
2883.084369582049,3.1376866e-15
2884.9040552796046,2.2170941e-15
2886.72374097716,1.3219791e-15
2888.5434266747156,1.9282108e-15
2890.363112372271,1.9872198e-15
2892.1827980698267,2.0226298e-15
2894.0024837673823,2.2085645e-15
2895.822169464938,2.2109559e-15
2897.6418551624934,2.5133964e-15
2899.461540860049,2.6461445e-15
2901.2812265576044,2.516681e-15
2903.10091225516,2.5069626e-15
2904.9205979527155,2.7318233e-15
2906.740283650271,2.4554052e-15
2908.5599693478266,1.724322e-15
2910.379655045382,1.8903628e-15
2912.1993407429377,2.2129566e-15
2914.0190264404932,2.0714678e-15
2915.838712138049,1.7281202e-15
2917.6583978356043,1.7440515e-15
2919.47808353316,2.1125593e-15
2921.2977692307154,2.3448945e-15
2923.117454928271,2.512267e-15
2924.9371406258265,2.3073493e-15
2926.756826323382,1.7015292e-15
2928.5765120209376,1.6752979e-15
2930.396197718493,2.282156e-15
2932.2158834160487,2.317378e-15
2934.035569113604,2.5509755e-15
2935.8552548111597,2.7732682e-15
2937.6749405087153,2.4520115e-15
2939.494626206271,2.2280651e-15
2941.3143119038264,2.3862335e-15
2943.133997601382,2.6943216e-15
2944.9536832989374,2.746863e-15
2946.773368996493,2.67762e-15
2948.5930546940485,2.5708534e-15
2950.412740391604,2.3433065e-15
2952.2324260891596,2.3872484e-15
2954.052111786715,2.1840145e-15
2955.8717974842707,2.1169335e-15
2957.6914831818262,1.6791423e-15
2959.511168879382,1.7573729e-15
2961.3308545769373,1.8581959e-15
2963.150540274493,1.6051721e-15
2964.9702259720484,1.8396586e-15
2966.789911669604,2.1400054e-15
2968.6095973671595,2.099678e-15
2970.429283064715,1.9253756e-15
2972.2489687622706,1.5170172e-15
2974.068654459826,1.1184457e-15
2975.8883401573817,1.2859159e-15
2977.708025854937,2.0680138e-15
2979.5277115524927,2.6131244e-15
2981.3473972500483,2.633805e-15
2983.167082947604,2.4794135e-15
2984.9867686451594,2.2698975e-15
2986.806454342715,2.2499484e-15
2988.6261400402705,2.1509108e-15
2990.445825737826,1.5363575e-15
2992.2655114353815,1.359977e-15
2994.085197132937,1.2438202e-15
2995.9048828304926,1.4317244e-15
2997.724568528048,1.5032944e-15
2999.5442542256037,1.5304966e-15
3001.3639399231593,1.7163444e-15
3003.183625620715,2.0262042e-15
3005.0033113182703,2.3539967e-15
3006.822997015826,2.5168915e-15
3008.6426827133814,2.7587194e-15
3010.462368410937,2.6974025e-15
3012.2820541084925,3.110235e-15
3014.101739806048,3.2457178e-15
3015.9214255036036,3.0051215e-15
3017.741111201159,3.147579e-15
3019.5607968987147,3.0534928e-15
3021.38048259627,2.6198714e-15
3023.2001682938258,2.7231266e-15
3025.0198539913813,2.6058077e-15
3026.839539688937,2.7712328e-15
3028.6592253864924,3.2377726e-15
3030.478911084048,3.4093222e-15
3032.2985967816035,3.2411515e-15
3034.118282479159,3.3780983e-15
3035.9379681767145,3.184141e-15
3037.75765387427,3.1466272e-15
3039.5773395718256,3.0930494e-15
3041.397025269381,3.1963906e-15
3043.2167109669367,3.5352892e-15
3045.0363966644923,3.4209814e-15
3046.856082362048,3.1937257e-15
3048.6757680596033,3.2476562e-15
3050.495453757159,3.2679785e-15
3052.3151394547144,3.5805557e-15
3054.13482515227,3.6975923e-15
3055.9545108498255,3.2587365e-15
3057.774196547381,3.1506547e-15
3059.5938822449366,2.9741476e-15
3061.413567942492,2.3797848e-15
3063.2332536400477,2.1771106e-15
3065.052939337603,2.4874941e-15
3066.8726250351588,3.0668302e-15
3068.6923107327143,3.2116313e-15
3070.51199643027,3.1393506e-15
3072.3316821278254,3.197641e-15
3074.151367825381,2.8278807e-15
3075.9710535229365,2.7267486e-15
3077.790739220492,2.4612033e-15
3079.6104249180476,2.8364063e-15
3081.430110615603,3.12939e-15
3083.2497963131586,3.174211e-15
3085.069482010714,2.9400804e-15
3086.8891677082697,3.0049589e-15
3088.7088534058253,3.4424958e-15
3090.528539103381,3.3396358e-15
3092.3482248009364,3.1113835e-15
3094.167910498492,2.7458326e-15
3095.9875961960474,2.7773874e-15
3097.807281893603,2.7504828e-15
3099.6269675911585,2.4351985e-15
3101.446653288714,2.6813616e-15
3103.2663389862696,2.966806e-15
3105.086024683825,3.1027655e-15
3106.9057103813807,3.047397e-15
3108.7253960789362,3.0677786e-15
3110.5450817764918,2.7753087e-15
3112.3647674740473,2.891459e-15
3114.184453171603,2.9586478e-15
3116.0041388691584,3.3113283e-15
3117.823824566714,3.2852918e-15
3119.6435102642695,3.2724275e-15
3121.463195961825,3.099267e-15
3123.2828816593806,2.9851982e-15
3125.102567356936,2.9608657e-15
3126.9222530544916,3.0149121e-15
3128.741938752047,2.56251e-15
3130.5616244496027,2.7915887e-15
3132.3813101471583,2.8655394e-15
3134.200995844714,2.8733856e-15
3136.0206815422694,3.097575e-15
3137.840367239825,3.0483064e-15
3139.6600529373804,2.954077e-15
3141.479738634936,2.9408878e-15
3143.2994243324915,3.1974092e-15
3145.119110030047,3.013226e-15
3146.9387957276026,2.9589105e-15
3148.758481425158,3.1529973e-15
3150.5781671227137,3.1465247e-15
3152.3978528202692,2.9478358e-15
3154.217538517825,3.0581758e-15
3156.0372242153803,2.8416522e-15
3157.856909912936,2.9650244e-15
3159.6765956104914,3.1103448e-15
3161.496281308047,2.8885585e-15
3163.3159670056025,2.7415466e-15
3165.135652703158,2.9636624e-15
3166.9553384007136,3.2389392e-15
3168.775024098269,3.370389e-15
3170.5947097958247,2.821212e-15
3172.41439549338,2.7179068e-15
3174.2340811909357,2.6577063e-15
3176.0537668884913,2.6617165e-15
3177.873452586047,2.9278803e-15
3179.6931382836024,3.1024646e-15
3181.512823981158,3.1649284e-15
3183.3325096787134,3.1765635e-15
3185.152195376269,3.1163865e-15
3186.9718810738245,3.2024014e-15
3188.79156677138,3.2308393e-15
3190.6112524689356,3.6104974e-15
3192.430938166491,3.501943e-15
3194.2506238640467,3.0496684e-15
3196.0703095616022,3.0925988e-15
3197.889995259158,3.332317e-15
3199.7096809567133,2.9683863e-15
3201.529366654269,2.6847095e-15
3203.3490523518244,2.6023965e-15
3205.16873804938,2.6305413e-15
3206.9884237469355,3.0289096e-15
3208.808109444491,3.3231582e-15
3210.6277951420466,3.1273416e-15
3212.447480839602,3.0444533e-15
3214.2671665371577,3.220617e-15
3216.086852234713,3.2336599e-15
3217.9065379322687,2.9078266e-15
3219.7262236298243,2.7780834e-15
3221.54590932738,3.193902e-15
3223.3655950249354,3.234893e-15
3225.185280722491,3.043491e-15
3227.0049664200465,2.9256006e-15
3228.824652117602,3.0194128e-15
3230.6443378151575,2.7056725e-15
3232.464023512713,2.530384e-15
3234.2837092102686,2.5542312e-15
3236.103394907824,2.6413958e-15
3237.9230806053797,2.5789765e-15
3239.7427663029353,2.6963443e-15
3241.562452000491,2.6320236e-15
3243.3821376980463,2.5614929e-15
3245.201823395602,2.401548e-15
3247.0215090931574,2.1817845e-15
3248.841194790713,1.870959e-15
3250.6608804882685,1.55441e-15
3252.480566185824,1.2289924e-15
3254.3002518833796,7.3550925e-16
3256.119937580935,4.4325944e-16
3257.9396232784907,5.529225e-16
3259.759308976046,8.2463014e-16
3261.5789946736018,1.019338e-15
3263.3986803711573,1.3268827e-15
3265.2183660687124,1.6569918e-15
3267.038051766268,1.7691223e-15
3268.8577374638235,1.7548177e-15
3270.677423161379,2.0779404e-15
3272.4971088589346,2.1624188e-15
3274.31679455649,2.3606211e-15
3276.1364802540456,2.5199726e-15
3277.956165951601,2.4162485e-15
3279.7758516491567,2.5300986e-15
3281.5955373467123,2.2899896e-15
3283.415223044268,2.1300376e-15
3285.2349087418233,2.4477274e-15
3287.054594439379,2.116994e-15
3288.8742801369344,1.933839e-15
3290.69396583449,2.2914393e-15
3292.5136515320455,2.4788057e-15
3294.333337229601,2.6914122e-15
3296.1530229271566,2.7800814e-15
3297.972708624712,2.6142844e-15
3299.7923943222677,2.4239946e-15
3301.612080019823,2.1935502e-15
3303.4317657173788,1.9933148e-15
3305.2514514149343,2.0147507e-15
3307.07113711249,2.2111674e-15
3308.8908228100454,2.362618e-15
3310.710508507601,2.6362564e-15
3312.5301942051565,2.8962604e-15
3314.349879902712,2.913983e-15
3316.1695656002676,2.7810965e-15
3317.989251297823,2.6768405e-15
3319.8089369953786,2.3400746e-15
3321.628622692934,2.2732865e-15
3323.4483083904897,2.5041076e-15
3325.2679940880453,2.834167e-15
3327.087679785601,2.9210249e-15
3328.9073654831564,2.6181935e-15
3330.727051180712,2.3966592e-15
3332.5467368782674,2.5359675e-15
3334.366422575823,2.8065376e-15
3336.1861082733785,2.7116553e-15
3338.005793970934,2.5901732e-15
3339.8254796684896,2.7075832e-15
3341.645165366045,2.9250934e-15
3343.4648510636007,2.9166461e-15
3345.2845367611562,3.011862e-15
3347.104222458712,3.3095777e-15
3348.9239081562673,3.2736722e-15
3350.743593853823,3.1002852e-15
3352.5632795513784,3.110095e-15
3354.382965248934,3.0999763e-15
3356.2026509464895,2.8789445e-15
3358.022336644045,3.0667321e-15
3359.8420223416006,3.4200164e-15
3361.661708039156,3.5487716e-15
3363.4813937367117,3.6373547e-15
3365.301079434267,3.6104817e-15
3367.1207651318227,3.515969e-15
3368.9404508293783,3.5733944e-15
3370.760136526934,3.4836968e-15
3372.5798222244894,3.2040703e-15
3374.399507922045,3.4558775e-15
3376.2191936196004,3.5849725e-15
3378.038879317156,3.582096e-15
3379.8585650147115,3.433111e-15
3381.678250712267,3.3375072e-15
3383.4979364098226,3.0133216e-15
3385.317622107378,3.064044e-15
3387.1373078049337,3.4579989e-15
3388.9569935024892,3.736006e-15
3390.776679200045,3.4376057e-15
3392.5963648976003,3.209069e-15
3394.416050595156,3.4778571e-15
3396.2357362927114,3.820302e-15
3398.055421990267,3.8216416e-15
3399.8751076878225,3.844933e-15
3401.694793385378,3.676935e-15
3403.5144790829336,3.5973227e-15
3405.334164780489,3.670403e-15
3407.1538504780447,3.7318107e-15
3408.9735361756,3.691279e-15
3410.7932218731557,3.5302298e-15
3412.6129075707113,3.1786525e-15
3414.432593268267,3.090833e-15
3416.2522789658224,3.1229027e-15
3418.071964663378,3.3484083e-15
3419.8916503609335,3.591078e-15
3421.711336058489,3.5755124e-15
3423.5310217560445,3.6573214e-15
3425.3507074536,3.6671855e-15
3427.1703931511556,3.8721984e-15
3428.990078848711,3.977714e-15
3430.8097645462667,4.032004e-15
3432.6294502438222,3.741533e-15
3434.449135941378,3.4518426e-15
3436.2688216389333,3.3481582e-15
3438.088507336489,3.4577124e-15
3439.9081930340444,3.9487744e-15
3441.7278787316,4.1818656e-15
3443.5475644291555,4.4458955e-15
3445.367250126711,4.156244e-15
3447.1869358242666,4.1403496e-15
3449.006621521822,4.376077e-15
3450.8263072193777,4.257295e-15
3452.645992916933,4.087894e-15
3454.4656786144888,3.813698e-15
3456.2853643120443,3.5460183e-15
3458.1050500096,3.5417541e-15
3459.9247357071554,3.877154e-15
3461.744421404711,4.1790704e-15
3463.5641071022665,3.9143845e-15
3465.383792799822,3.596299e-15
3467.2034784973775,3.660086e-15
3469.023164194933,4.290625e-15
3470.8428498924886,4.6475766e-15
3472.662535590044,4.4287986e-15
3474.4822212875997,4.6186966e-15
3476.3019069851553,4.9539264e-15
3478.121592682711,5.117129e-15
3479.9412783802663,4.929981e-15
3481.760964077822,4.646528e-15
3483.5806497753774,4.0732823e-15
3485.400335472933,3.4855238e-15
3487.2200211704885,3.6486266e-15
3489.039706868044,4.129635e-15
3490.8593925655996,4.243568e-15
3492.679078263155,4.444077e-15
3494.4987639607107,4.8425064e-15
3496.318449658266,4.7822332e-15
3498.1381353558218,4.8540993e-15
3499.9578210533773,5.0678998e-15
3501.777506750933,5.1337837e-15
3503.5971924484884,5.193652e-15
3505.416878146044,5.2631426e-15
3507.2365638435995,5.591947e-15
3509.056249541155,5.4866445e-15
3510.8759352387106,5.0828563e-15
3512.695620936266,5.1923852e-15
3514.5153066338216,5.310288e-15
3516.334992331377,5.405763e-15
3518.1546780289327,5.521541e-15
3519.9743637264883,5.2890368e-15
3521.794049424044,5.5119445e-15
3523.6137351215993,5.752624e-15
3525.433420819155,5.334136e-15
3527.2531065167104,5.2381627e-15
3529.072792214266,5.442914e-15
3530.8924779118215,5.582024e-15
3532.712163609377,5.4694307e-15
3534.5318493069326,5.4317936e-15
3536.351535004488,5.5678203e-15
3538.1712207020437,5.488124e-15
3539.990906399599,5.4806585e-15
3541.8105920971548,5.5530434e-15
3543.6302777947103,5.7156297e-15
3545.449963492266,5.524378e-15
3547.2696491898214,5.1611623e-15
3549.089334887377,5.2807075e-15
3550.9090205849325,5.696026e-15
3552.728706282488,5.8516627e-15
3554.5483919800436,5.7523227e-15
3556.368077677599,5.379155e-15
3558.1877633751546,5.139112e-15
3560.00744907271,5.1230768e-15
3561.8271347702657,5.0041326e-15
3563.6468204678213,4.756615e-15
3565.466506165377,4.513876e-15
3567.2861918629324,5.210675e-15
3569.105877560488,6.1451647e-15
3570.9255632580434,6.025398e-15
3572.745248955599,5.7806598e-15
3574.5649346531545,5.850127e-15
3576.38462035071,5.609474e-15
3578.2043060482656,5.485105e-15
3580.023991745821,5.7030025e-15
3581.8436774433767,5.70938e-15
3583.6633631409322,5.4802346e-15
3585.483048838488,5.675757e-15
3587.3027345360433,6.0566625e-15
3589.122420233599,6.3512915e-15
3590.9421059311544,6.748701e-15
3592.76179162871,6.994997e-15
3594.5814773262655,6.995131e-15
3596.401163023821,6.927592e-15
3598.2208487213766,6.8780295e-15
3600.040534418932,6.6838277e-15
3601.8602201164877,6.6960568e-15
3603.679905814043,6.8464326e-15
3605.4995915115987,6.9800504e-15
3607.3192772091543,7.0391407e-15
3609.13896290671,6.650961e-15
3610.9586486042654,6.260505e-15
3612.778334301821,6.3520784e-15
3614.5980199993764,6.2657983e-15
3616.417705696932,5.898535e-15
3618.2373913944875,5.882185e-15
3620.057077092043,6.2103287e-15
3621.8767627895986,6.2698658e-15
3623.696448487154,6.1755237e-15
3625.5161341847097,6.282494e-15
3627.3358198822652,6.6627726e-15
3629.155505579821,6.9056788e-15
3630.9751912773763,6.604104e-15
3632.794876974932,6.386093e-15
3634.6145626724874,6.4262158e-15
3636.434248370043,6.537242e-15
3638.2539340675985,6.7588244e-15
3640.073619765154,6.9835004e-15
3641.8933054627096,7.041409e-15
3643.712991160265,7.169579e-15
3645.5326768578207,7.105406e-15
3647.352362555376,7.035062e-15
3649.1720482529317,7.2632914e-15
3650.9917339504873,7.46476e-15
3652.811419648043,7.50203e-15
3654.6311053455984,7.16192e-15
3656.450791043154,6.4233393e-15
3658.2704767407095,6.102682e-15
3660.090162438265,6.328942e-15
3661.9098481358205,6.4262814e-15
3663.729533833376,6.6079658e-15
3665.5492195309316,6.6659032e-15
3667.368905228487,6.193867e-15
3669.1885909260427,6.1798956e-15
3671.0082766235982,6.3493657e-15
3672.827962321154,6.384392e-15
3674.6476480187093,6.307657e-15
3676.467333716265,6.2746e-15
3678.2870194138204,6.300556e-15
3680.106705111376,6.2698454e-15
3681.9263908089315,6.1762216e-15
3683.746076506487,6.2198044e-15
3685.5657622040426,6.4121627e-15
3687.385447901598,6.7712856e-15
3689.2051335991537,7.231542e-15
3691.024819296709,7.490338e-15
3692.8445049942648,7.42854e-15
3694.6641906918203,7.160525e-15
3696.483876389376,6.669483e-15
3698.3035620869314,6.2157412e-15
3700.123247784487,6.1463667e-15
3701.9429334820425,6.1000213e-15
3703.762619179598,6.077981e-15
3705.5823048771535,6.2963953e-15
3707.401990574709,6.5106963e-15
3709.2216762722646,6.4377862e-15
3711.04136196982,6.2235403e-15
3712.8610476673757,6.1733896e-15
3714.6807333649313,6.258267e-15
3716.500419062487,6.4630816e-15
3718.3201047600423,6.6070272e-15
3720.139790457598,6.7409232e-15
3721.9594761551534,6.7662203e-15
3723.779161852709,6.6728442e-15
3725.5988475502645,6.764923e-15
3727.41853324782,6.819154e-15
3729.2382189453756,6.7491695e-15
3731.057904642931,6.8386603e-15
3732.8775903404867,6.982462e-15
3734.697276038042,7.0081973e-15
3736.5169617355978,6.9487085e-15
3738.3366474331533,6.751551e-15
3740.156333130709,6.7614384e-15
3741.9760188282644,6.98184e-15
3743.79570452582,6.8687854e-15
3745.6153902233755,6.6461322e-15
3747.435075920931,6.633294e-15
3749.2547616184866,6.570711e-15
3751.074447316042,6.620788e-15
3752.8941330135976,6.7019153e-15
3754.713818711153,6.8116408e-15
3756.5335044087087,7.0724066e-15
3758.3531901062643,6.8868425e-15
3760.17287580382,6.7158036e-15
3761.9925615013753,6.553747e-15
3763.812247198931,6.6900212e-15
3765.6319328964864,6.983752e-15
3767.451618594042,7.0144056e-15
3769.2713042915975,7.0616756e-15
3771.090989989153,6.931113e-15
3772.9106756867086,6.911053e-15
3774.730361384264,6.9463554e-15
3776.5500470818197,6.9942488e-15
3778.369732779375,7.073547e-15
3780.1894184769308,6.8772744e-15
3782.0091041744863,6.922127e-15
3783.828789872042,6.7661077e-15
3785.6484755695974,6.8289664e-15
3787.468161267153,6.927689e-15
3789.2878469647085,6.507515e-15
3791.107532662264,5.926179e-15
3792.9272183598196,5.284063e-15
3794.746904057375,5.0569506e-15
3796.5665897549306,4.957217e-15
3798.386275452486,4.96167e-15
3800.2059611500417,4.829422e-15
3802.0256468475973,4.837066e-15
3803.845332545153,5.064539e-15
3805.6650182427084,5.1597626e-15
3807.484703940264,5.20529e-15
3809.3043896378194,5.122961e-15
3811.124075335375,4.999386e-15
3812.9437610329305,5.017068e-15
3814.763446730486,5.124349e-15
3816.5831324280416,5.02814e-15
3818.402818125597,5.1462313e-15
3820.2225038231527,5.4390976e-15
3822.0421895207082,5.6717872e-15
3823.861875218264,5.7652107e-15
3825.6815609158193,5.9909963e-15
3827.501246613375,6.2076927e-15
3829.3209323109304,6.299871e-15
3831.140618008486,6.2940905e-15
3832.9603037060415,6.26172e-15
3834.779989403597,6.132391e-15
3836.5996751011526,5.6366206e-15
3838.419360798708,5.152383e-15
3840.2390464962637,5.2033048e-15
3842.058732193819,5.4062877e-15
3843.8784178913747,5.355082e-15
3845.6981035889303,5.5694877e-15
3847.517789286486,5.748001e-15
3849.3374749840414,5.8532403e-15
3851.157160681597,5.93508e-15
3852.9768463791524,5.663178e-15
3854.796532076708,5.691641e-15
3856.6162177742635,5.8956343e-15
3858.435903471819,5.735204e-15
3860.2555891693746,5.7440243e-15
3862.07527486693,5.953964e-15
3863.8949605644857,5.9785555e-15
3865.7146462620412,6.013783e-15
3867.534331959597,6.4281555e-15
3869.3540176571523,6.2153507e-15
3871.173703354708,5.972929e-15
3872.9933890522634,5.9279546e-15
3874.813074749819,5.7858936e-15
3876.6327604473745,5.9373185e-15
3878.45244614493,7.0805784e-15
3880.2721318424856,7.499016e-15
3882.091817540041,5.8602673e-15
3883.9115032375967,5.6916337e-15
3885.731188935152,5.929499e-15
3887.5508746327077,6.170158e-15
3889.3705603302633,6.174137e-15
3891.190246027819,6.1237657e-15
3893.0099317253744,6.235637e-15
3894.82961742293,6.250753e-15
3896.6493031204855,6.1695826e-15
3898.468988818041,6.2087634e-15
3900.2886745155965,5.9976772e-15
3902.108360213152,6.1175214e-15
3903.9280459107076,6.1559576e-15
3905.747731608263,6.0960703e-15
3907.5674173058187,6.0513436e-15
3909.3871030033742,6.128533e-15
3911.20678870093,6.20116e-15
3913.0264743984853,6.385757e-15
3914.846160096041,6.3746615e-15
3916.6658457935964,6.5036244e-15
3918.485531491152,6.5290515e-15
3920.3052171887075,6.4584644e-15
3922.124902886263,6.5823727e-15
3923.9445885838186,6.6859487e-15
3925.764274281374,6.7931665e-15
3927.5839599789297,6.841788e-15
3929.403645676485,6.762845e-15
3931.2233313740408,6.8739286e-15
3933.0430170715963,7.0066832e-15
3934.862702769152,7.205006e-15
3936.6823884667074,7.269159e-15
3938.502074164263,7.245881e-15
3940.3217598618185,7.318972e-15
3942.141445559374,7.426052e-15
3943.9611312569295,7.295852e-15
3945.780816954485,7.114577e-15
3947.6005026520406,7.003346e-15
3949.420188349596,6.8731726e-15
3951.2398740471517,6.8950485e-15
3953.0595597447073,7.1894945e-15
3954.879245442263,7.451011e-15
3956.6989311398183,7.671568e-15
3958.518616837374,8.035719e-15
3960.3383025349294,8.11017e-15
3962.157988232485,7.7608005e-15
3963.9776739300405,7.593149e-15
3965.797359627596,7.72653e-15
3967.6170453251516,7.6293215e-15
3969.436731022707,7.66291e-15
3971.2564167202627,7.758519e-15
3973.076102417818,7.802018e-15
3974.8957881153738,7.833583e-15
3976.7154738129293,8.29741e-15
3978.535159510485,8.452901e-15
3980.3548452080404,8.528957e-15
3982.174530905596,8.213535e-15
3983.9942166031515,7.271277e-15
3985.813902300707,5.9370725e-15
3987.6335879982626,5.0362635e-15
3989.453273695818,4.8933174e-15
3991.2729593933736,5.10688e-15
3993.092645090929,5.059083e-15
3994.9123307884847,5.113355e-15
3996.73201648604,5.379534e-15
3998.5517021835954,5.452397e-15
4000.371387881151,5.663604e-15
4002.1910735787064,6.0687535e-15
4004.010759276262,6.218437e-15
4005.8304449738175,6.2657187e-15
4007.650130671373,6.319073e-15
4009.4698163689286,5.9363186e-15
4011.289502066484,5.8558712e-15
4013.1091877640397,5.7801825e-15
4014.9288734615952,5.88356e-15
4016.748559159151,6.007682e-15
4018.5682448567063,6.072975e-15
4020.387930554262,5.990003e-15
4022.2076162518174,5.9599042e-15
4024.027301949373,6.0257738e-15
4025.8469876469285,6.0657177e-15
4027.666673344484,5.894918e-15
4029.4863590420396,5.600061e-15
4031.306044739595,5.396711e-15
4033.1257304371507,5.3693956e-15
4034.945416134706,5.238936e-15
4036.7651018322617,5.0116284e-15
4038.5847875298173,5.1388663e-15
4040.404473227373,5.226549e-15
4042.2241589249284,5.15741e-15
4044.043844622484,5.03446e-15
4045.8635303200394,5.1534014e-15
4047.683216017595,5.4131233e-15
4049.5029017151505,5.630136e-15
4051.322587412706,5.4918525e-15
4053.1422731102616,5.4574337e-15
4054.961958807817,5.588447e-15
4056.7816445053727,5.4970486e-15
4058.6013302029282,5.3962906e-15
4060.421015900484,5.810083e-15
4062.2407015980393,6.173053e-15
4064.060387295595,6.021887e-15
4065.8800729931504,5.6856028e-15
4067.699758690706,5.5735378e-15
4069.5194443882615,5.51341e-15
4071.339130085817,5.263135e-15
4073.1588157833726,5.6476638e-15
4074.978501480928,6.03029e-15
4076.7981871784837,6.3457133e-15
4078.617872876039,6.262659e-15
4080.4375585735947,5.800443e-15
4082.2572442711503,5.740431e-15
4084.076929968706,5.8000213e-15
4085.8966156662614,5.7945355e-15
4087.716301363817,6.0677578e-15
4089.5359870613725,5.9140603e-15
4091.355672758928,5.8615853e-15
4093.1753584564835,5.878709e-15
4094.995044154039,5.6269335e-15
4096.814729851594,5.583571e-15
4098.63441554915,5.7933953e-15
4100.454101246705,5.9190374e-15
4102.273786944261,5.991935e-15
4104.093472641816,5.999406e-15
4105.913158339372,5.753966e-15
4107.732844036927,5.80327e-15
4109.552529734483,5.7384047e-15
4111.3722154320385,5.6052448e-15
4113.191901129594,5.7147657e-15
4115.01158682715,5.5674654e-15
4116.831272524705,5.6772015e-15
4118.650958222261,5.9307693e-15
4120.470643919816,5.9113095e-15
4122.290329617372,5.9434045e-15
4124.110015314927,5.8673163e-15
4125.929701012483,5.9880664e-15
4127.749386710038,5.915608e-15
4129.569072407594,5.583362e-15
4131.3887581051495,5.4833084e-15
4133.208443802705,5.5326638e-15
4135.028129500261,5.4601713e-15
4136.847815197816,5.457184e-15
4138.667500895372,5.451415e-15
4140.487186592927,5.4992026e-15
4142.306872290483,5.836203e-15
4144.126557988038,5.992021e-15
4145.946243685594,5.965158e-15
4147.765929383149,5.9912826e-15
4149.585615080705,5.8186793e-15
4151.40530077826,5.7930332e-15
4153.224986475816,5.7068366e-15
4155.0446721733715,5.3548745e-15
4156.864357870927,5.283149e-15
4158.684043568483,5.5185636e-15
4160.503729266038,5.5278645e-15
4162.323414963594,5.673341e-15
4164.143100661149,6.045068e-15
4165.962786358705,6.1986638e-15
4167.78247205626,6.2542397e-15
4169.602157753816,6.094465e-15
4171.421843451371,5.9487132e-15
4173.241529148927,5.7022487e-15
4175.0612148464825,5.598062e-15
4176.880900544038,5.7721738e-15
4178.700586241594,5.7945435e-15
4180.520271939149,5.7963756e-15
4182.339957636705,5.415987e-15
4184.15964333426,5.2741074e-15
4185.979329031816,5.668267e-15
4187.799014729371,6.2510388e-15
4189.618700426927,6.697223e-15
4191.438386124482,6.819733e-15
4193.258071822038,6.519034e-15
4195.077757519593,6.0794837e-15
4196.897443217149,5.1779277e-15
4198.7171289147045,4.387456e-15
4200.53681461226,3.690895e-15
4202.356500309816,3.4483008e-15
4204.176186007371,3.6401537e-15
4205.995871704927,3.8051706e-15
4207.815557402482,4.039728e-15
4209.635243100038,3.961354e-15
4211.454928797593,3.7971543e-15
4213.274614495149,3.8005487e-15
4215.094300192704,4.3391617e-15
4216.91398589026,4.9562947e-15
4218.7336715878155,5.3654273e-15
4220.553357285371,5.4802896e-15
4222.373042982927,5.469318e-15
4224.192728680482,5.430739e-15
4226.012414378038,5.6933934e-15
4227.832100075593,5.930457e-15
4229.651785773149,5.9410345e-15
4231.471471470704,5.501814e-15
4233.29115716826,4.9537985e-15
4235.110842865815,4.369697e-15
4236.930528563371,3.9424894e-15
4238.750214260926,3.8137993e-15
4240.569899958482,4.2872247e-15
4242.3895856560375,5.196597e-15
4244.209271353593,6.19003e-15
4246.028957051149,6.9989977e-15
4247.848642748704,7.0658968e-15
4249.66832844626,7.0106075e-15
4251.488014143815,7.0503245e-15
4253.307699841371,7.0422844e-15
4255.127385538926,6.989933e-15
4256.947071236482,6.950241e-15
4258.766756934037,6.9990485e-15
4260.586442631593,7.418173e-15
4262.4061283291485,7.65987e-15
4264.225814026704,7.5487585e-15
4266.04549972426,7.606979e-15
4267.865185421815,7.614927e-15
4269.684871119371,7.661864e-15
4271.504556816926,7.5746734e-15
4273.324242514482,7.0755042e-15
4275.143928212037,6.8413216e-15
4276.963613909593,6.903068e-15
4278.783299607148,7.0137606e-15
4280.602985304704,6.9457904e-15
4282.422671002259,7.139222e-15
4284.242356699815,7.0901105e-15
4286.0620423973705,7.25761e-15
4287.881728094926,7.551393e-15
4289.701413792482,7.641658e-15
4291.521099490037,7.108285e-15
4293.340785187593,6.551006e-15
4295.160470885148,6.4805e-15
4296.980156582704,6.3098402e-15
4298.799842280259,6.1554096e-15
4300.619527977815,6.1048273e-15
4302.43921367537,6.630985e-15
4304.258899372926,6.9179082e-15
4306.0785850704815,7.524882e-15
4307.898270768037,7.928513e-15
4309.717956465593,7.998183e-15
4311.537642163148,7.754361e-15
4313.357327860704,7.825779e-15
4315.177013558259,8.0757536e-15
4316.996699255815,8.8324835e-15
4318.81638495337,8.647179e-15
4320.636070650926,8.5491315e-15
4322.455756348481,8.459145e-15
4324.275442046037,8.5358695e-15
4326.0951277435925,8.359679e-15
4327.914813441148,8.091154e-15
4329.7344991387035,8.026808e-15
4331.554184836259,8.131143e-15
4333.373870533815,8.620365e-15
4335.19355623137,8.9973305e-15
4337.013241928926,9.281778e-15
4338.832927626481,8.666641e-15
4340.652613324037,8.410751e-15
4342.472299021592,8.465793e-15
4344.291984719148,8.812339e-15
4346.111670416703,9.069456e-15
4347.931356114259,9.249559e-15
4349.7510418118145,9.223947e-15
4351.57072750937,9.114083e-15
4353.390413206926,9.238619e-15
4355.210098904481,8.635379e-15
4357.029784602037,7.857446e-15
4358.849470299592,7.786881e-15
4360.669155997148,8.107747e-15
4362.488841694703,8.796372e-15
4364.308527392259,9.228402e-15
4366.128213089814,9.141552e-15
4367.94789878737,8.97453e-15
4369.7675844849255,9.115735e-15
4371.587270182481,9.2834345e-15
4373.406955880037,9.591667e-15
4375.226641577592,9.5444765e-15
4377.046327275148,9.12653e-15
4378.866012972703,9.378251e-15
4380.685698670259,9.452851e-15
4382.505384367814,9.790474e-15
4384.32507006537,1.05339304e-14
4386.144755762925,1.0742184e-14
4387.964441460481,1.0752813e-14
4389.784127158036,1.0441033e-14
4391.603812855592,1.0052102e-14
4393.4234985531475,1.0540686e-14
4395.243184250703,1.0672638e-14
4397.062869948259,1.1006813e-14
4398.882555645814,1.0579807e-14
4400.70224134337,9.863557e-15
4402.521927040925,1.00125935e-14
4404.341612738481,1.0362359e-14
4406.161298436036,1.142208e-14
4407.980984133592,1.2260992e-14
4409.800669831147,1.2605206e-14
4411.620355528703,1.1651548e-14
4413.4400412262585,1.1741212e-14
4415.259726923814,1.24694354e-14
4417.07941262137,1.28603555e-14
4418.899098318925,1.262382e-14
4420.718784016481,1.287858e-14
4422.538469714036,1.30603985e-14
4424.358155411592,1.2383911e-14
4426.177841109147,1.1440834e-14
4427.997526806703,1.1316872e-14
4429.817212504258,1.2322763e-14
4431.636898201814,1.33293475e-14
4433.456583899369,1.3644873e-14
4435.276269596925,1.3427596e-14
4437.0959552944805,1.2605181e-14
4438.915640992036,1.2659566e-14
4440.735326689592,1.2917595e-14
4442.555012387147,1.282878e-14
4444.374698084703,1.3200379e-14
4446.194383782258,1.4117444e-14
4448.014069479814,1.4731295e-14
4449.833755177369,1.5141258e-14
4451.653440874925,1.5061123e-14
4453.47312657248,1.4800944e-14
4455.292812270036,1.473393e-14
4457.1124979675915,1.5022065e-14
4458.932183665147,1.5583624e-14
4460.751869362703,1.4618693e-14
4462.571555060258,1.3802108e-14
4464.391240757814,1.365369e-14
4466.210926455369,1.4901134e-14
4468.030612152925,1.53049e-14
4469.85029785048,1.5517162e-14
4471.669983548036,1.6780558e-14
4473.489669245591,1.736299e-14
4475.309354943147,1.6372075e-14
4477.129040640702,1.4127021e-14
4478.948726338258,1.2817861e-14
4480.7684120358135,1.2002491e-14
4482.588097733369,1.1807242e-14
4484.407783430925,1.1859952e-14
4486.22746912848,1.1438757e-14
4488.047154826036,1.1800248e-14
4489.866840523591,1.3218145e-14
4491.686526221147,1.2973316e-14
4493.506211918702,1.2810426e-14
4495.325897616258,1.35122186e-14
4497.145583313813,1.437801e-14
4498.965269011369,1.4871288e-14
4500.7849547089245,1.4651024e-14
4502.60464040648,1.3911095e-14
4504.424326104036,1.3721285e-14
4506.244011801591,1.4215012e-14
4508.063697499147,1.47237e-14
4509.883383196702,1.5360555e-14
4511.703068894258,1.540529e-14
4513.522754591813,1.5547054e-14
4515.342440289369,1.5970659e-14
4517.162125986924,1.5877423e-14
4518.98181168448,1.5610998e-14
4520.801497382035,1.614243e-14
4522.621183079591,1.7026548e-14
4524.4408687771465,1.668754e-14
4526.260554474702,1.6088974e-14
4528.080240172258,1.4390671e-14
4529.899925869813,1.2935035e-14
4531.719611567369,1.30873434e-14
4533.539297264924,1.3621227e-14
4535.35898296248,1.3000167e-14
4537.178668660035,1.3491722e-14
4538.998354357591,1.3759281e-14
4540.818040055146,1.3294888e-14
4542.637725752702,1.2715222e-14
4544.4574114502575,1.304326e-14
4546.277097147813,1.4723572e-14
4548.096782845369,1.4512095e-14
4549.916468542924,1.3452451e-14
4551.73615424048,1.2797482e-14
4553.555839938035,1.4844105e-14
4555.375525635591,1.4639086e-14
4557.195211333146,1.2579444e-14
4559.014897030702,1.3288108e-14
4560.834582728257,1.348696e-14
4562.654268425813,1.25904654e-14
4564.4739541233685,1.3553896e-14
4566.293639820924,1.3831166e-14
4568.1133255184795,1.3820467e-14
4569.933011216035,1.4043022e-14
4571.752696913591,1.5492265e-14
4573.572382611146,1.4145185e-14
4575.392068308702,1.1570994e-14
4577.211754006257,1.3229707e-14
4579.031439703813,1.4063255e-14
4580.851125401368,1.38208e-14
4582.670811098924,1.4918481e-14
4584.490496796479,1.4651491e-14
4586.310182494035,1.34207026e-14
4588.1298681915905,1.4729058e-14
4589.949553889146,1.5484706e-14
4591.769239586702,1.7618146e-14
4593.588925284257,1.6244987e-14
4595.408610981813,1.2951489e-14
4597.228296679368,1.4488119e-14
4599.047982376924,1.5384324e-14
4600.867668074479,1.7486702e-14
4602.687353772035,1.8586781e-14
4604.50703946959,1.645886e-14
4606.326725167146,1.8620354e-14
4608.1464108647015,1.9284543e-14
4609.966096562257,1.6825962e-14
4611.785782259813,1.7886707e-14
4613.605467957368,1.9465439e-14
4615.425153654924,1.6716514e-14
4617.244839352479,1.7986082e-14
4619.064525050035,1.9454309e-14
4620.88421074759,1.8107435e-14
4622.703896445146,1.4866853e-14
4624.523582142701,1.4736927e-14
4626.343267840257,1.4468288e-14
4628.162953537812,1.6177164e-14
4629.982639235368,1.6493395e-14
4631.8023249329235,1.456114e-14
4633.622010630479,1.6189546e-14
4635.441696328035,1.7919202e-14
4637.26138202559,1.8600395e-14
4639.081067723146,1.9348538e-14
4640.900753420701,1.85607e-14
4642.720439118257,1.8900514e-14
4644.540124815812,1.8141572e-14
4646.359810513368,1.5240923e-14
4648.179496210923,1.5971443e-14
4649.999181908479,1.9242388e-14
4651.8188676060345,1.9046081e-14
4653.63855330359,1.844976e-14
4655.458239001146,1.9848789e-14
4657.277924698701,1.9539156e-14
4659.097610396257,1.817477e-14
4660.917296093812,1.9205293e-14
4662.736981791368,2.1282389e-14
4664.556667488923,1.9298661e-14
4666.376353186479,1.7976551e-14
4668.196038884034,2.0577495e-14
4670.01572458159,1.905206e-14
4671.835410279145,1.6148878e-14
4673.655095976701,1.8247194e-14
4675.4747816742565,2.0642481e-14
4677.294467371812,1.8315725e-14
4679.114153069368,1.8031432e-14
4680.933838766923,1.9925049e-14
4682.753524464479,2.138404e-14
4684.573210162034,2.0601024e-14
4686.39289585959,1.9077117e-14
4688.212581557145,1.7703458e-14
4690.032267254701,1.7884105e-14
4691.851952952256,1.8305473e-14
4693.671638649812,2.00972e-14
4695.4913243473675,1.927995e-14
4697.311010044923,1.7278224e-14
4699.130695742479,1.9520686e-14
4700.950381440034,2.1724037e-14
4702.77006713759,1.8704756e-14
4704.589752835145,1.4761014e-14
4706.409438532701,1.7814424e-14
4708.229124230256,1.9564659e-14
4710.048809927812,1.8923438e-14
4711.868495625367,2.0631705e-14
4713.688181322923,1.9796439e-14
4715.507867020478,1.7591058e-14
4717.327552718034,1.7840437e-14
4719.1472384155895,1.414003e-14
4720.966924113145,1.296249e-14
4722.786609810701,1.4141781e-14
4724.606295508256,8.874032e-15
4726.425981205812,1.0164048e-14
4728.245666903367,1.4668908e-14
4730.065352600923,1.7909724e-14
4731.885038298478,1.8567772e-14
