2531.88502995383,-7.7061153e-14
2533.7047156513854,5.343216e-15
2535.524401348941,6.382799e-14
2537.3440870464965,-3.5539473e-14
2539.163772744052,7.638121e-15
2540.9834584416076,-3.3953726e-14
2542.803144139163,-1.4526954e-14
2544.6228298367187,-5.552169e-14
2546.442515534274,-6.5895335e-15
2548.2622012318297,1.09522e-13
2550.0818869293853,-4.377096e-16
2551.901572626941,-6.919689e-14
2553.7212583244964,-1.1712595e-13
2555.540944022052,5.0919318e-14
2557.3606297196075,3.1536324e-14
2559.180315417163,2.2055613e-14
2561.0000011147185,4.3067746e-15
2562.819686812274,6.194297e-14
2564.6393725098296,2.0686369e-14
2566.459058207385,1.8974826e-14
2568.2787439049407,-1.6235702e-14
2570.0984296024963,1.6909248e-14
2571.918115300052,5.893831e-14
2573.7378009976073,8.2648894e-14
2575.557486695163,8.5456185e-14
2577.3771723927184,8.1480815e-14
2579.196858090274,5.5484378e-14
2581.0165437878295,-4.2135037e-14
2582.836229485385,4.9713712e-14
2584.6559151829406,7.689595e-14
2586.475600880496,-6.694409e-15
2588.2952865780517,-3.5791635e-14
2590.114972275607,-1.9401842e-15
2591.9346579731628,4.2624368e-14
2593.7543436707183,5.2940677e-14
2595.574029368274,5.969669e-14
2597.3937150658294,9.1887496e-14
2599.213400763385,1.8173573e-14
2601.0330864609405,1.6657128e-14
2602.852772158496,4.534833e-14
2604.6724578560516,3.8355346e-14
2606.492143553607,3.6567324e-14
2608.3118292511626,2.1357041e-14
2610.131514948718,-2.3780504e-14
2611.9512006462737,-2.6081937e-14
2613.7708863438293,1.9575787e-14
2615.590572041385,1.348243e-14
2617.4102577389403,-1.8020033e-14
2619.229943436496,7.9228345e-14
2621.0496291340514,4.4668774e-14
2622.869314831607,3.7334326e-14
2624.6890005291625,3.5674737e-14
2626.508686226718,4.7870345e-14
2628.3283719242736,9.188514e-14
2630.148057621829,6.6999906e-14
2631.9677433193847,7.0420625e-14
2633.78742901694,2.1462692e-14
2635.6071147144958,1.7646062e-15
2637.4268004120513,1.964708e-14
2639.246486109607,7.193041e-14
2641.0661718071624,5.4268473e-14
2642.885857504718,3.291396e-14
2644.7055432022735,4.468524e-14
2646.525228899829,5.119503e-14
2648.3449145973846,6.775109e-14
2650.16460029494,5.2259246e-14
2651.9842859924956,7.782374e-14
2653.803971690051,4.4141357e-14
2655.6236573876067,1.8661813e-14
2657.4433430851623,2.8585936e-14
2659.263028782718,5.4608658e-14
2661.0827144802734,3.069229e-14
2662.902400177829,3.8888424e-14
2664.7220858753844,5.0999305e-14
2666.54177157294,5.3823953e-14
2668.3614572704955,3.7586928e-14
2670.181142968051,2.5746888e-14
2672.0008286656066,8.251589e-14
2673.820514363162,1.0867225e-13
2675.6402000607177,6.94335e-14
2677.4598857582732,1.6437647e-14
2679.279571455829,2.7491893e-14
2681.0992571533843,1.1493684e-15
2682.91894285094,3.3450402e-14
2684.7386285484954,6.348206e-14
2686.558314246051,8.0414306e-14
2688.3779999436065,6.8487405e-14
2690.197685641162,3.3037615e-14
2692.0173713387176,1.8723965e-14
2693.837057036273,3.929752e-14
2695.6567427338287,4.4151362e-14
2697.476428431384,4.3066164e-14
2699.2961141289397,3.199698e-14
2701.1157998264953,2.2994425e-14
2702.935485524051,4.1839982e-14
2704.7551712216064,3.976754e-14
2706.574856919162,4.0361035e-14
2708.3945426167174,6.2406474e-14
2710.214228314273,6.176165e-14
2712.0339140118285,6.200945e-14
2713.853599709384,6.700729e-14
2715.6732854069396,7.301449e-14
2717.492971104495,6.696522e-14
2719.3126568020507,3.815356e-14
2721.1323424996062,4.8143574e-14
2722.952028197162,9.874554e-14
2724.7717138947173,6.674351e-14
2726.591399592273,4.7964023e-14
2728.4110852898284,6.2226184e-14
2730.230770987384,2.8024193e-14
2732.0504566849395,5.705365e-14
2733.870142382495,5.323547e-14
2735.6898280800506,6.1998034e-14
2737.509513777606,1.0706333e-13
2739.3291994751617,7.84628e-14
2741.148885172717,5.2051608e-14
2742.9685708702727,8.7471005e-14
2744.7882565678283,5.3762767e-14
2746.607942265384,4.421066e-14
2748.4276279629394,5.5814176e-14
2750.247313660495,3.335104e-14
2752.0669993580505,5.7650634e-14
2753.886685055606,7.292755e-14
2755.7063707531615,3.0831003e-14
2757.526056450717,2.8483895e-14
2759.3457421482726,5.725331e-14
2761.165427845828,7.607766e-14
2762.9851135433837,6.883028e-14
2764.8047992409392,7.375769e-14
2766.624484938495,5.6681575e-14
2768.4441706360503,2.5389203e-14
2770.263856333606,2.542736e-14
2772.0835420311614,4.6488187e-14
2773.903227728717,4.739866e-14
2775.7229134262725,3.489679e-14
2777.542599123828,2.2549235e-14
2779.3622848213836,4.285442e-14
2781.181970518939,6.459011e-14
2783.0016562164947,4.993235e-14
2784.82134191405,3.8321343e-14
2786.6410276116058,4.1315956e-14
2788.4607133091613,2.8932853e-14
2790.280399006717,2.4949157e-14
2792.1000847042724,5.4457842e-14
2793.919770401828,5.8649e-14
2795.7394560993835,5.206536e-14
2797.559141796939,6.2034694e-14
2799.3788274944945,7.0194115e-14
2801.19851319205,6.649689e-14
2803.0181988896056,6.29627e-14
2804.837884587161,6.210329e-14
2806.6575702847167,6.164055e-14
2808.4772559822723,5.929334e-14
2810.296941679828,3.0134444e-14
2812.1166273773833,2.42986e-14
2813.936313074939,4.103618e-14
2815.7559987724944,3.209754e-14
2817.57568447005,3.0911024e-14
2819.3953701676055,4.7706586e-14
2821.215055865161,4.448083e-14
2823.0347415627166,4.3285403e-14
2824.854427260272,4.4207364e-14
2826.6741129578277,3.9043757e-14
2828.493798655383,7.674412e-14
2830.3134843529388,9.768218e-14
2832.133170050494,7.622641e-14
2833.9528557480494,5.240386e-14
2835.772541445605,4.906354e-14
2837.5922271431605,5.4314958e-14
2839.411912840716,3.410156e-14
2841.2315985382716,3.4010124e-14
2843.051284235827,4.5784655e-14
2844.8709699333826,3.827831e-14
2846.690655630938,3.729835e-14
2848.5103413284937,4.814763e-14
2850.3300270260493,4.351702e-14
2852.149712723605,3.0395503e-14
2853.9693984211603,3.2747832e-14
2855.789084118716,2.6190291e-14
2857.6087698162714,1.3916791e-14
2859.428455513827,3.258215e-14
2861.2481412113825,5.246894e-14
2863.067826908938,6.3228726e-14
2864.8875126064936,7.9680674e-14
2866.707198304049,9.0607575e-14
2868.5268840016047,8.346105e-14
2870.34656969916,6.547343e-14
2872.1662553967158,5.166682e-14
2873.9859410942713,3.9894954e-14
2875.805626791827,5.125542e-14
2877.6253124893824,4.9874316e-14
2879.444998186938,3.6092728e-14
2881.2646838844935,3.6369237e-14
2883.084369582049,3.7618227e-14
2884.9040552796046,2.889702e-14
2886.72374097716,1.6806545e-14
2888.5434266747156,2.4924576e-14
2890.363112372271,3.2570585e-14
2892.1827980698267,2.4339297e-14
2894.0024837673823,2.434061e-14
2895.822169464938,4.3220595e-14
2897.6418551624934,5.2533363e-14
2899.461540860049,5.1391596e-14
2901.2812265576044,3.637444e-14
2903.10091225516,2.0608772e-14
2904.9205979527155,2.541945e-14
2906.740283650271,3.439077e-14
2908.5599693478266,3.5900895e-14
2910.379655045382,3.949783e-14
2912.1993407429377,4.0679496e-14
2914.0190264404932,4.401163e-14
2915.838712138049,5.858816e-14
2917.6583978356043,9.3355784e-14
2919.47808353316,1.2149984e-13
2921.2977692307154,1.0568949e-13
2923.117454928271,7.241508e-14
2924.9371406258265,5.0388787e-14
2926.756826323382,3.8127965e-14
2928.5765120209376,3.7384284e-14
2930.396197718493,4.3783435e-14
2932.2158834160487,4.6651715e-14
2934.035569113604,4.4973465e-14
2935.8552548111597,4.4978002e-14
2937.6749405087153,4.7225428e-14
2939.494626206271,4.650231e-14
2941.3143119038264,4.2250718e-14
2943.133997601382,3.312733e-14
2944.9536832989374,3.7616598e-14
2946.773368996493,4.5027482e-14
2948.5930546940485,4.6504884e-14
2950.412740391604,4.2598273e-14
2952.2324260891596,3.9739072e-14
2954.052111786715,4.1582216e-14
2955.8717974842707,4.2927918e-14
2957.6914831818262,3.9680343e-14
2959.511168879382,4.278409e-14
2961.3308545769373,1.03063107e-13
2963.150540274493,2.0913861e-13
2964.9702259720484,2.5669348e-13
2966.789911669604,2.065215e-13
2968.6095973671595,1.1278471e-13
2970.429283064715,5.4976145e-14
2972.2489687622706,3.66732e-14
2974.068654459826,3.1138486e-14
2975.8883401573817,2.996904e-14
2977.708025854937,3.1796346e-14
2979.5277115524927,3.1519712e-14
2981.3473972500483,3.6864934e-14
2983.167082947604,4.4879058e-14
2984.9867686451594,4.8104282e-14
2986.806454342715,4.796059e-14
2988.6261400402705,4.54508e-14
2990.445825737826,3.9930346e-14
2992.2655114353815,3.693104e-14
2994.085197132937,3.9263165e-14
2995.9048828304926,8.432859e-14
2997.724568528048,1.9010526e-13
2999.5442542256037,2.9010691e-13
3001.3639399231593,2.7445556e-13
3003.183625620715,1.756348e-13
3005.0033113182703,9.566308e-14
3006.822997015826,7.356258e-14
3008.6426827133814,6.18693e-14
3010.462368410937,5.177744e-14
3012.2820541084925,5.0770237e-14
3014.101739806048,6.084882e-14
3015.9214255036036,6.629135e-14
3017.741111201159,5.9700956e-14
3019.5607968987147,5.9610696e-14
3021.38048259627,6.0515795e-14
3023.2001682938258,5.857249e-14
3025.0198539913813,6.297495e-14
3026.839539688937,5.962664e-14
3028.6592253864924,6.059971e-14
3030.478911084048,6.721258e-14
3032.2985967816035,6.818833e-14
3034.118282479159,7.5937507e-14
3035.9379681767145,7.040603e-14
3037.75765387427,6.138702e-14
3039.5773395718256,6.6474556e-14
3041.397025269381,6.9884135e-14
3043.2167109669367,7.31004e-14
3045.0363966644923,7.4393765e-14
3046.856082362048,7.865625e-14
3048.6757680596033,6.694784e-14
3050.495453757159,5.997308e-14
3052.3151394547144,6.453266e-14
3054.13482515227,7.058771e-14
3055.9545108498255,7.3355615e-14
3057.774196547381,7.091966e-14
3059.5938822449366,6.210162e-14
3061.413567942492,5.823975e-14
3063.2332536400477,5.4613252e-14
3065.052939337603,5.1191944e-14
3066.8726250351588,5.89514e-14
3068.6923107327143,7.04763e-14
3070.51199643027,6.99475e-14
3072.3316821278254,7.6126124e-14
3074.151367825381,6.738355e-14
3075.9710535229365,5.525499e-14
3077.790739220492,5.922262e-14
3079.6104249180476,6.716997e-14
3081.430110615603,7.106968e-14
3083.2497963131586,7.1557784e-14
3085.069482010714,7.530607e-14
3086.8891677082697,7.108415e-14
3088.7088534058253,7.149052e-14
3090.528539103381,7.378941e-14
3092.3482248009364,6.9568205e-14
3094.167910498492,6.171731e-14
3095.9875961960474,6.4266314e-14
3097.807281893603,6.50581e-14
3099.6269675911585,6.131905e-14
3101.446653288714,6.313816e-14
3103.2663389862696,6.636892e-14
3105.086024683825,6.3658185e-14
3106.9057103813807,6.2147546e-14
3108.7253960789362,5.6472967e-14
3110.5450817764918,6.0466165e-14
3112.3647674740473,6.682475e-14
3114.184453171603,7.089216e-14
3116.0041388691584,7.2242905e-14
3117.823824566714,6.920746e-14
3119.6435102642695,6.641577e-14
3121.463195961825,6.5287666e-14
3123.2828816593806,6.773494e-14
3125.102567356936,6.9087016e-14
3126.9222530544916,7.3843424e-14
3128.741938752047,9.044844e-14
3130.5616244496027,1.4564905e-13
3132.3813101471583,2.0058541e-13
3134.200995844714,1.7796998e-13
3136.0206815422694,1.2511715e-13
3137.840367239825,8.6234974e-14
3139.6600529373804,6.6966445e-14
3141.479738634936,6.326099e-14
3143.2994243324915,6.866544e-14
3145.119110030047,6.6690136e-14
3146.9387957276026,6.395109e-14
3148.758481425158,7.082736e-14
3150.5781671227137,7.102151e-14
3152.3978528202692,6.315316e-14
3154.217538517825,7.1500884e-14
3156.0372242153803,7.169089e-14
3157.856909912936,6.7878794e-14
3159.6765956104914,6.7838855e-14
3161.496281308047,7.150043e-14
3163.3159670056025,6.514405e-14
3165.135652703158,6.850477e-14
3166.9553384007136,6.941519e-14
3168.775024098269,7.2283827e-14
3170.5947097958247,7.342897e-14
3172.41439549338,6.8254105e-14
3174.2340811909357,6.6502854e-14
3176.0537668884913,6.757413e-14
3177.873452586047,6.9984505e-14
3179.6931382836024,6.8561964e-14
3181.512823981158,7.407794e-14
3183.3325096787134,7.303627e-14
3185.152195376269,7.143616e-14
3186.9718810738245,7.2591184e-14
3188.79156677138,7.33609e-14
3190.6112524689356,7.914446e-14
3192.430938166491,7.872731e-14
3194.2506238640467,7.7962105e-14
3196.0703095616022,7.398336e-14
3197.889995259158,7.6577044e-14
3199.7096809567133,7.736927e-14
3201.529366654269,7.3696e-14
3203.3490523518244,7.614535e-14
3205.16873804938,7.861354e-14
3206.9884237469355,7.919459e-14
3208.808109444491,8.222542e-14
3210.6277951420466,8.1929384e-14
3212.447480839602,7.9259136e-14
3214.2671665371577,7.651786e-14
3216.086852234713,7.460334e-14
3217.9065379322687,7.687889e-14
3219.7262236298243,7.892083e-14
3221.54590932738,7.98985e-14
3223.3655950249354,8.418327e-14
3225.185280722491,7.4027915e-14
3227.0049664200465,7.1943814e-14
3228.824652117602,7.69108e-14
3230.6443378151575,7.155556e-14
3232.464023512713,6.70519e-14
3234.2837092102686,7.064727e-14
3236.103394907824,7.332604e-14
3237.9230806053797,7.3518096e-14
3239.7427663029353,7.3344366e-14
3241.562452000491,6.854398e-14
3243.3821376980463,6.7027215e-14
3245.201823395602,6.6817876e-14
3247.0215090931574,6.464366e-14
3248.841194790713,5.5746687e-14
3250.6608804882685,4.7028526e-14
3252.480566185824,3.6622076e-14
3254.3002518833796,3.0393622e-14
3256.119937580935,2.698862e-14
3257.9396232784907,2.5329512e-14
3259.759308976046,2.8420676e-14
3261.5789946736018,3.6419127e-14
3263.3986803711573,3.9616988e-14
3265.2183660687124,5.0890712e-14
3267.038051766268,5.1844142e-14
3268.8577374638235,5.638698e-14
3270.677423161379,5.646808e-14
3272.4971088589346,5.750383e-14
3274.31679455649,6.641351e-14
3276.1364802540456,6.415393e-14
3277.956165951601,6.185199e-14
3279.7758516491567,6.5733274e-14
3281.5955373467123,6.3547874e-14
3283.415223044268,5.8267756e-14
3285.2349087418233,5.4867094e-14
3287.054594439379,5.828318e-14
3288.8742801369344,6.0465684e-14
3290.69396583449,6.3897685e-14
3292.5136515320455,7.165715e-14
3294.333337229601,7.4341866e-14
3296.1530229271566,7.222818e-14
3297.972708624712,6.607102e-14
3299.7923943222677,7.074312e-14
3301.612080019823,6.9393e-14
3303.4317657173788,6.2227784e-14
3305.2514514149343,5.9842796e-14
3307.07113711249,6.526448e-14
3308.8908228100454,7.0264385e-14
3310.710508507601,7.732622e-14
3312.5301942051565,7.605491e-14
3314.349879902712,7.906367e-14
3316.1695656002676,8.239725e-14
3317.989251297823,7.8948383e-14
3319.8089369953786,7.1270016e-14
3321.628622692934,7.2435405e-14
3323.4483083904897,7.588643e-14
3325.2679940880453,8.2144916e-14
3327.087679785601,8.411994e-14
3328.9073654831564,8.163707e-14
3330.727051180712,7.7112396e-14
3332.5467368782674,7.501076e-14
3334.366422575823,7.605629e-14
3336.1861082733785,7.6314965e-14
3338.005793970934,7.505435e-14
3339.8254796684896,7.673714e-14
3341.645165366045,8.64906e-14
3343.4648510636007,9.5349327e-14
3345.2845367611562,9.288084e-14
3347.104222458712,8.992301e-14
3348.9239081562673,9.198176e-14
3350.743593853823,9.396445e-14
3352.5632795513784,9.7684224e-14
3354.382965248934,9.7440156e-14
3356.2026509464895,9.9425364e-14
3358.022336644045,1.06762025e-13
3359.8420223416006,1.0795974e-13
3361.661708039156,1.0392636e-13
3363.4813937367117,1.0905289e-13
3365.301079434267,1.2321886e-13
3367.1207651318227,1.4742702e-13
3368.9404508293783,2.4633586e-13
3370.760136526934,3.5219505e-13
3372.5798222244894,3.4412433e-13
3374.399507922045,2.5409275e-13
3376.2191936196004,1.7903128e-13
3378.038879317156,1.3855479e-13
3379.8585650147115,1.2246405e-13
3381.678250712267,1.1534063e-13
3383.4979364098226,1.0863547e-13
3385.317622107378,1.0169801e-13
3387.1373078049337,1.04339626e-13
3388.9569935024892,1.0944726e-13
3390.776679200045,1.0757023e-13
3392.5963648976003,1.0397484e-13
3394.416050595156,1.0536658e-13
3396.2357362927114,1.1492712e-13
3398.055421990267,1.13307835e-13
3399.8751076878225,1.1323946e-13
3401.694793385378,1.1491105e-13
3403.5144790829336,1.1667205e-13
3405.334164780489,1.198073e-13
3407.1538504780447,1.1672125e-13
3408.9735361756,1.1481899e-13
3410.7932218731557,1.1563051e-13
3412.6129075707113,1.1080547e-13
3414.432593268267,1.1276756e-13
3416.2522789658224,1.1563768e-13
3418.071964663378,1.2153147e-13
3419.8916503609335,1.245675e-13
3421.711336058489,1.1627942e-13
3423.5310217560445,1.1713997e-13
3425.3507074536,1.2753965e-13
3427.1703931511556,1.263621e-13
3428.990078848711,1.2708529e-13
3430.8097645462667,1.30706e-13
3432.6294502438222,1.3017163e-13
3434.449135941378,1.258693e-13
3436.2688216389333,1.1897545e-13
3438.088507336489,1.2375649e-13
3439.9081930340444,1.2916892e-13
3441.7278787316,1.3303338e-13
3443.5475644291555,1.3906503e-13
3445.367250126711,1.5107791e-13
3447.1869358242666,1.553376e-13
3449.006621521822,1.4903646e-13
3450.8263072193777,1.4284763e-13
3452.645992916933,1.4529387e-13
3454.4656786144888,1.451385e-13
3456.2853643120443,1.3917593e-13
3458.1050500096,1.2891083e-13
3459.9247357071554,1.303918e-13
3461.744421404711,1.4100422e-13
3463.5641071022665,1.4107153e-13
3465.383792799822,1.3045843e-13
3467.2034784973775,1.3316334e-13
3469.023164194933,1.4401761e-13
3470.8428498924886,1.5259557e-13
3472.662535590044,1.6160882e-13
3474.4822212875997,1.6172205e-13
3476.3019069851553,1.675333e-13
3478.121592682711,1.7786597e-13
3479.9412783802663,1.7401811e-13
3481.760964077822,1.6634164e-13
3483.5806497753774,1.5843921e-13
3485.400335472933,1.403176e-13
3487.2200211704885,1.309069e-13
3489.039706868044,1.4109483e-13
3490.8593925655996,1.5538435e-13
3492.679078263155,1.6396715e-13
3494.4987639607107,1.725061e-13
3496.318449658266,1.7136333e-13
3498.1381353558218,1.7449795e-13
3499.9578210533773,1.8608608e-13
3501.777506750933,2.0494872e-13
3503.5971924484884,2.0766982e-13
3505.416878146044,1.9328496e-13
3507.2365638435995,1.9546348e-13
3509.056249541155,1.9570593e-13
3510.8759352387106,1.8842289e-13
3512.695620936266,1.9217264e-13
3514.5153066338216,2.0058515e-13
3516.334992331377,2.0209997e-13
3518.1546780289327,1.9665286e-13
3519.9743637264883,1.9504183e-13
3521.794049424044,2.034001e-13
3523.6137351215993,2.0396281e-13
3525.433420819155,1.9358935e-13
3527.2531065167104,1.9302124e-13
3529.072792214266,2.0681693e-13
3530.8924779118215,2.1709972e-13
3532.712163609377,2.1531536e-13
3534.5318493069326,2.14346e-13
3536.351535004488,2.1170998e-13
3538.1712207020437,2.0321162e-13
3539.990906399599,1.99993e-13
3541.8105920971548,1.9434622e-13
3543.6302777947103,1.9891384e-13
3545.449963492266,2.0832914e-13
3547.2696491898214,2.1187139e-13
3549.089334887377,2.1430241e-13
3550.9090205849325,2.180606e-13
3552.728706282488,2.1885048e-13
3554.5483919800436,2.1450898e-13
3556.368077677599,2.0797051e-13
3558.1877633751546,2.0780964e-13
3560.00744907271,2.0464519e-13
3561.8271347702657,2.0515882e-13
3563.6468204678213,2.0708308e-13
3565.466506165377,2.0090354e-13
3567.2861918629324,2.0502907e-13
3569.105877560488,2.288468e-13
3570.9255632580434,2.4443292e-13
3572.745248955599,2.4432366e-13
3574.5649346531545,2.285446e-13
3576.38462035071,2.1791e-13
3578.2043060482656,2.2119071e-13
3580.023991745821,2.1877667e-13
3581.8436774433767,2.1908567e-13
3583.6633631409322,2.2102463e-13
3585.483048838488,2.2533153e-13
3587.3027345360433,2.3861948e-13
3589.122420233599,2.5896296e-13
3590.9421059311544,2.6758912e-13
3592.76179162871,2.6415624e-13
3594.5814773262655,2.6813583e-13
3596.401163023821,2.776624e-13
3598.2208487213766,2.8601424e-13
3600.040534418932,2.860311e-13
3601.8602201164877,2.8649655e-13
3603.679905814043,2.924549e-13
3605.4995915115987,2.8910782e-13
3607.3192772091543,2.7777056e-13
3609.13896290671,2.6358372e-13
3610.9586486042654,2.552391e-13
3612.778334301821,2.6274995e-13
3614.5980199993764,2.6362595e-13
3616.417705696932,2.4045056e-13
3618.2373913944875,2.2958282e-13
3620.057077092043,2.3503633e-13
3621.8767627895986,2.3610725e-13
3623.696448487154,2.4251586e-13
3625.5161341847097,2.4543938e-13
3627.3358198822652,2.4771613e-13
3629.155505579821,2.531275e-13
3630.9751912773763,2.5159375e-13
3632.794876974932,2.5072931e-13
3634.6145626724874,2.501016e-13
3636.434248370043,2.441809e-13
3638.2539340675985,2.5014008e-13
3640.073619765154,2.7304157e-13
3641.8933054627096,2.863062e-13
3643.712991160265,2.9474898e-13
3645.5326768578207,3.108344e-13
3647.352362555376,3.0929106e-13
3649.1720482529317,3.052788e-13
3650.9917339504873,3.098217e-13
3652.811419648043,3.0301597e-13
3654.6311053455984,2.9671995e-13
3656.450791043154,2.8462844e-13
3658.2704767407095,2.5579647e-13
3660.090162438265,2.419441e-13
3661.9098481358205,2.4955418e-13
3663.729533833376,2.5000515e-13
3665.5492195309316,2.504013e-13
3667.368905228487,2.4608635e-13
3669.1885909260427,2.3952831e-13
3671.0082766235982,2.4780552e-13
3672.827962321154,2.6067064e-13
3674.6476480187093,2.647826e-13
3676.467333716265,2.5849483e-13
3678.2870194138204,2.5169268e-13
3680.106705111376,2.532709e-13
3681.9263908089315,2.5603936e-13
3683.746076506487,2.621203e-13
3685.5657622040426,2.731288e-13
3687.385447901598,2.8378181e-13
3689.2051335991537,2.9729187e-13
3691.024819296709,3.097026e-13
3692.8445049942648,3.1192407e-13
3694.6641906918203,3.0916022e-13
3696.483876389376,2.9369568e-13
3698.3035620869314,2.7110565e-13
3700.123247784487,2.5040495e-13
3701.9429334820425,2.3569636e-13
3703.762619179598,2.3374534e-13
3705.5823048771535,2.4064724e-13
3707.401990574709,2.5170873e-13
3709.2216762722646,2.5537808e-13
3711.04136196982,2.4743743e-13
3712.8610476673757,2.5068313e-13
3714.6807333649313,2.5777126e-13
3716.500419062487,2.614409e-13
3718.3201047600423,2.6917178e-13
3720.139790457598,2.6955678e-13
3721.9594761551534,2.7524882e-13
3723.779161852709,2.8706177e-13
3725.5988475502645,2.8721134e-13
3727.41853324782,2.9144452e-13
3729.2382189453756,3.0255258e-13
3731.057904642931,3.061878e-13
3732.8775903404867,3.0440575e-13
3734.697276038042,3.0699466e-13
3736.5169617355978,3.047511e-13
3738.3366474331533,2.975291e-13
3740.156333130709,2.9539793e-13
3741.9760188282644,2.9468618e-13
3743.79570452582,2.899783e-13
3745.6153902233755,2.813777e-13
3747.435075920931,2.7923692e-13
3749.2547616184866,2.7732908e-13
3751.074447316042,2.771221e-13
3752.8941330135976,2.837393e-13
3754.713818711153,2.910685e-13
3756.5335044087087,2.9801977e-13
3758.3531901062643,2.9814614e-13
3760.17287580382,2.9746745e-13
3761.9925615013753,3.026782e-13
3763.812247198931,3.045849e-13
3765.6319328964864,3.023111e-13
3767.451618594042,3.0247164e-13
3769.2713042915975,3.0147898e-13
3771.090989989153,3.0685984e-13
3772.9106756867086,3.1242167e-13
3774.730361384264,3.118115e-13
3776.5500470818197,3.1317128e-13
3778.369732779375,3.1901115e-13
3780.1894184769308,3.2405965e-13
3782.0091041744863,3.3161549e-13
3783.828789872042,3.392577e-13
3785.6484755695974,3.3311036e-13
3787.468161267153,3.1902364e-13
3789.2878469647085,2.9342625e-13
3791.107532662264,2.5911367e-13
3792.9272183598196,2.2259057e-13
3794.746904057375,2.062503e-13
3796.5665897549306,1.979101e-13
3798.386275452486,1.9458147e-13
3800.2059611500417,1.9320765e-13
3802.0256468475973,2.0411632e-13
3803.845332545153,2.1162904e-13
3805.6650182427084,2.1336181e-13
3807.484703940264,2.1726639e-13
3809.3043896378194,2.1954239e-13
3811.124075335375,2.199083e-13
3812.9437610329305,2.2023431e-13
3814.763446730486,2.2598788e-13
3816.5831324280416,2.390486e-13
3818.402818125597,2.4729538e-13
3820.2225038231527,2.5407148e-13
3822.0421895207082,2.6206072e-13
3823.861875218264,2.6833196e-13
3825.6815609158193,2.7103387e-13
3827.501246613375,2.7654176e-13
3829.3209323109304,2.827493e-13
3831.140618008486,2.8363528e-13
3832.9603037060415,2.734178e-13
3834.779989403597,2.5823313e-13
3836.5996751011526,2.3492663e-13
3838.419360798708,2.1456696e-13
3840.2390464962637,2.126717e-13
3842.058732193819,2.2022263e-13
3843.8784178913747,2.286044e-13
3845.6981035889303,2.347004e-13
3847.517789286486,2.4511418e-13
3849.3374749840414,2.5080274e-13
3851.157160681597,2.4805163e-13
3852.9768463791524,2.427391e-13
3854.796532076708,2.5013943e-13
3856.6162177742635,2.529757e-13
3858.435903471819,2.5135544e-13
3860.2555891693746,2.4940813e-13
3862.07527486693,2.4840037e-13
3863.8949605644857,2.5607066e-13
3865.7146462620412,2.7197027e-13
3867.534331959597,2.8072615e-13
3869.3540176571523,2.838967e-13
3871.173703354708,2.7959191e-13
3872.9933890522634,2.6572586e-13
3874.813074749819,2.564589e-13
3876.6327604473745,2.552705e-13
3878.45244614493,2.6081942e-13
3880.2721318424856,2.4804648e-13
3882.091817540041,2.3964766e-13
3883.9115032375967,2.4000103e-13
3885.731188935152,2.565889e-13
3887.5508746327077,3.095337e-13
3889.3705603302633,4.8190786e-13
3891.190246027819,7.4116386e-13
3893.0099317253744,8.195059e-13
3894.82961742293,6.571434e-13
3896.6493031204855,4.5395965e-13
3898.468988818041,3.2401496e-13
3900.2886745155965,2.80543e-13
3902.108360213152,2.705153e-13
3903.9280459107076,2.7309052e-13
3905.747731608263,2.8040761e-13
3907.5674173058187,2.7415995e-13
3909.3871030033742,2.7186413e-13
3911.20678870093,2.8182968e-13
3913.0264743984853,2.8750656e-13
3914.846160096041,2.871915e-13
3916.6658457935964,2.948588e-13
3918.485531491152,3.0400812e-13
3920.3052171887075,3.0066853e-13
3922.124902886263,2.9778545e-13
3923.9445885838186,2.9853228e-13
3925.764274281374,3.0071787e-13
3927.5839599789297,3.1029216e-13
3929.403645676485,3.0678577e-13
3931.2233313740408,3.0216641e-13
3933.0430170715963,3.155507e-13
3934.862702769152,3.2739108e-13
3936.6823884667074,3.379638e-13
3938.502074164263,3.5312673e-13
3940.3217598618185,3.608333e-13
3942.141445559374,3.5942524e-13
3943.9611312569295,3.6069246e-13
3945.780816954485,3.5960826e-13
3947.6005026520406,3.5382716e-13
3949.420188349596,3.4461886e-13
3951.2398740471517,3.5066028e-13
3953.0595597447073,3.7114688e-13
3954.879245442263,3.8474e-13
3956.6989311398183,3.9513458e-13
3958.518616837374,4.0375784e-13
3960.3383025349294,4.017664e-13
3962.157988232485,4.0249187e-13
3963.9776739300405,3.923907e-13
3965.797359627596,3.8237306e-13
3967.6170453251516,3.883988e-13
3969.436731022707,3.8934098e-13
3971.2564167202627,3.999276e-13
3973.076102417818,4.099061e-13
3974.8957881153738,4.1661092e-13
3976.7154738129293,4.2957177e-13
3978.535159510485,4.412009e-13
3980.3548452080404,4.5153643e-13
3982.174530905596,4.4067305e-13
3983.9942166031515,3.8379822e-13
3985.813902300707,3.0215985e-13
3987.6335879982626,2.2970937e-13
3989.453273695818,2.037277e-13
3991.2729593933736,2.101347e-13
3993.092645090929,2.134138e-13
3994.9123307884847,2.1909415e-13
3996.73201648604,2.3172347e-13
3998.5517021835954,2.5538615e-13
4000.371387881151,2.64457e-13
4002.1910735787064,2.757576e-13
4004.010759276262,2.876903e-13
4005.8304449738175,2.9173793e-13
4007.650130671373,2.9035574e-13
4009.4698163689286,2.8423086e-13
4011.289502066484,2.7395588e-13
4013.1091877640397,2.632972e-13
4014.9288734615952,2.7424078e-13
4016.748559159151,2.9015833e-13
4018.5682448567063,2.9890126e-13
4020.387930554262,2.9981903e-13
4022.2076162518174,2.9847563e-13
4024.027301949373,3.0577925e-13
4025.8469876469285,3.1019726e-13
4027.666673344484,2.9883252e-13
4029.4863590420396,2.8117512e-13
4031.306044739595,2.5752382e-13
4033.1257304371507,2.4115275e-13
4034.945416134706,2.3927897e-13
4036.7651018322617,2.358079e-13
4038.5847875298173,2.3741924e-13
4040.404473227373,2.4980061e-13
4042.2241589249284,2.500274e-13
4044.043844622484,2.4369057e-13
4045.8635303200394,2.4106124e-13
4047.683216017595,2.5826533e-13
4049.5029017151505,2.7531644e-13
4051.322587412706,2.6480356e-13
4053.1422731102616,2.5335677e-13
4054.961958807817,2.6540177e-13
4056.7816445053727,2.7434945e-13
4058.6013302029282,2.7660366e-13
4060.421015900484,2.774699e-13
4062.2407015980393,2.8452837e-13
4064.060387295595,2.8982567e-13
4065.8800729931504,2.8345157e-13
4067.699758690706,2.804608e-13
4069.5194443882615,2.810903e-13
4071.339130085817,2.7775216e-13
4073.1588157833726,2.8747659e-13
4074.978501480928,2.9914802e-13
4076.7981871784837,3.1183682e-13
4078.617872876039,3.07476e-13
4080.4375585735947,2.9376393e-13
4082.2572442711503,2.8576837e-13
4084.076929968706,2.8969638e-13
4085.8966156662614,2.9455035e-13
4087.716301363817,2.9163938e-13
4089.5359870613725,2.9736223e-13
4091.355672758928,3.0449046e-13
4093.1753584564835,3.0602162e-13
4094.995044154039,2.9644432e-13
4096.814729851594,2.9139137e-13
4098.63441554915,2.9742422e-13
4100.454101246705,2.938943e-13
4102.273786944261,3.039444e-13
4104.093472641816,3.0921712e-13
4105.913158339372,3.0273765e-13
4107.732844036927,3.099272e-13
4109.552529734483,3.0741945e-13
4111.3722154320385,2.9718572e-13
4113.191901129594,2.9717724e-13
4115.01158682715,3.0163965e-13
4116.831272524705,3.0344238e-13
4118.650958222261,3.038903e-13
4120.470643919816,3.0282428e-13
4122.290329617372,3.0407735e-13
4124.110015314927,3.120404e-13
4125.929701012483,3.1334543e-13
4127.749386710038,3.1733118e-13
4129.569072407594,3.1805832e-13
4131.3887581051495,3.087027e-13
4133.208443802705,3.0206255e-13
4135.028129500261,2.9179797e-13
4136.847815197816,2.8885247e-13
4138.667500895372,2.9341164e-13
4140.487186592927,2.953439e-13
4142.306872290483,3.0526767e-13
4144.126557988038,3.138958e-13
4145.946243685594,3.2789467e-13
4147.765929383149,3.3194313e-13
4149.585615080705,3.3083372e-13
4151.40530077826,3.184333e-13
4153.224986475816,3.1504546e-13
4155.0446721733715,2.9677644e-13
4156.864357870927,2.8790162e-13
4158.684043568483,2.8305228e-13
4160.503729266038,2.8656317e-13
4162.323414963594,3.0365242e-13
4164.143100661149,3.1930342e-13
4165.962786358705,3.292554e-13
4167.78247205626,3.3532815e-13
4169.602157753816,3.300077e-13
4171.421843451371,3.2114415e-13
4173.241529148927,3.1723091e-13
4175.0612148464825,3.0526487e-13
4176.880900544038,3.0345477e-13
4178.700586241594,3.0039832e-13
4180.520271939149,2.9697477e-13
4182.339957636705,2.9133933e-13
4184.15964333426,2.7945268e-13
4185.979329031816,2.8983543e-13
4187.799014729371,3.1837431e-13
4189.618700426927,3.484733e-13
4191.438386124482,3.7548624e-13
4193.258071822038,3.8403162e-13
4195.077757519593,3.5650866e-13
4196.897443217149,3.0925707e-13
4198.7171289147045,2.477734e-13
4200.53681461226,2.0638108e-13
4202.356500309816,1.8645e-13
4204.176186007371,1.7855772e-13
4205.995871704927,1.7581845e-13
4207.815557402482,1.7861285e-13
4209.635243100038,1.805142e-13
4211.454928797593,1.8552061e-13
4213.274614495149,1.9078988e-13
4215.094300192704,2.1669042e-13
4216.91398589026,2.4427102e-13
4218.7336715878155,2.6352016e-13
4220.553357285371,2.783202e-13
4222.373042982927,2.752208e-13
4224.192728680482,2.718e-13
4226.012414378038,2.822815e-13
4227.832100075593,2.9014432e-13
4229.651785773149,2.9995245e-13
4231.471471470704,2.894998e-13
4233.29115716826,2.6789806e-13
4235.110842865815,2.541938e-13
4236.930528563371,2.2537347e-13
4238.750214260926,2.1088692e-13
4240.569899958482,2.2594635e-13
4242.3895856560375,2.6632353e-13
4244.209271353593,3.1960188e-13
4246.028957051149,3.567069e-13
4247.848642748704,3.681236e-13
4249.66832844626,3.801243e-13
4251.488014143815,3.929796e-13
4253.307699841371,3.9582988e-13
4255.127385538926,3.8054808e-13
4256.947071236482,3.701793e-13
4258.766756934037,3.7987712e-13
4260.586442631593,4.0226652e-13
4262.4061283291485,4.2232664e-13
4264.225814026704,4.1474848e-13
4266.04549972426,4.157892e-13
4267.865185421815,4.210468e-13
4269.684871119371,4.2019226e-13
4271.504556816926,3.9444741e-13
4273.324242514482,3.7031874e-13
4275.143928212037,3.729226e-13
4276.963613909593,3.743119e-13
4278.783299607148,3.6777352e-13
4280.602985304704,3.671611e-13
4282.422671002259,3.7771143e-13
4284.242356699815,3.9630717e-13
4286.0620423973705,4.1023234e-13
4287.881728094926,4.129782e-13
4289.701413792482,4.0645802e-13
4291.521099490037,3.8909913e-13
4293.340785187593,3.6497704e-13
4295.160470885148,3.3695082e-13
4296.980156582704,3.30617e-13
4298.799842280259,3.3695795e-13
4300.619527977815,3.402302e-13
4302.43921367537,3.5707944e-13
4304.258899372926,3.920731e-13
4306.0785850704815,4.21466e-13
4307.898270768037,4.3543673e-13
4309.717956465593,4.3117682e-13
4311.537642163148,4.329485e-13
4313.357327860704,4.300548e-13
4315.177013558259,4.3856303e-13
4316.996699255815,4.4753716e-13
4318.81638495337,4.6323286e-13
4320.636070650926,4.695813e-13
4322.455756348481,4.7500166e-13
4324.275442046037,4.660394e-13
4326.0951277435925,4.5595813e-13
4327.914813441148,4.4632817e-13
4329.7344991387035,4.337857e-13
4331.554184836259,4.457594e-13
4333.373870533815,4.735627e-13
4335.19355623137,4.8659536e-13
4337.013241928926,4.8377264e-13
4338.832927626481,4.7350665e-13
4340.652613324037,4.6114886e-13
4342.472299021592,4.726994e-13
4344.291984719148,4.8408407e-13
4346.111670416703,4.850485e-13
4347.931356114259,4.9997615e-13
4349.7510418118145,5.102112e-13
4351.57072750937,4.989083e-13
4353.390413206926,4.884972e-13
4355.210098904481,4.868099e-13
4357.029784602037,4.905059e-13
4358.849470299592,4.6453813e-13
4360.669155997148,4.6215733e-13
4362.488841694703,4.853586e-13
4364.308527392259,5.0702324e-13
4366.128213089814,5.023977e-13
4367.94789878737,4.91052e-13
4369.7675844849255,4.957771e-13
4371.587270182481,5.0524293e-13
4373.406955880037,5.0883576e-13
4375.226641577592,5.321397e-13
4377.046327275148,5.3243174e-13
4378.866012972703,5.366531e-13
4380.685698670259,5.6996405e-13
4382.505384367814,5.920205e-13
4384.32507006537,6.2183375e-13
4386.144755762925,6.216905e-13
4387.964441460481,6.048961e-13
4389.784127158036,5.95204e-13
4391.603812855592,6.01056e-13
4393.4234985531475,5.8707797e-13
4395.243184250703,6.0226374e-13
4397.062869948259,6.2990444e-13
4398.882555645814,6.22751e-13
4400.70224134337,6.0421676e-13
4402.521927040925,5.9565466e-13
4404.341612738481,6.1721174e-13
4406.161298436036,6.468627e-13
4407.980984133592,6.749138e-13
4409.800669831147,7.072858e-13
4411.620355528703,7.1731575e-13
4413.4400412262585,7.1589794e-13
4415.259726923814,6.856422e-13
4417.07941262137,7.26091e-13
4418.899098318925,7.345711e-13
4420.718784016481,7.068648e-13
4422.538469714036,7.2030126e-13
4424.358155411592,7.163449e-13
4426.177841109147,6.977561e-13
4427.997526806703,6.83201e-13
4429.817212504258,7.2413196e-13
4431.636898201814,7.599175e-13
4433.456583899369,7.558644e-13
4435.276269596925,7.40097e-13
4437.0959552944805,7.222073e-13
4438.915640992036,7.198332e-13
4440.735326689592,7.140293e-13
4442.555012387147,7.2514125e-13
4444.374698084703,7.7993796e-13
4446.194383782258,8.127962e-13
4448.014069479814,8.171045e-13
4449.833755177369,8.499702e-13
4451.653440874925,8.706545e-13
4453.47312657248,8.8618116e-13
4455.292812270036,8.509332e-13
4457.1124979675915,8.5812645e-13
4458.932183665147,8.509651e-13
4460.751869362703,8.2244725e-13
4462.571555060258,7.93793e-13
4464.391240757814,7.978575e-13
4466.210926455369,8.1331133e-13
4468.030612152925,8.680723e-13
4469.85029785048,9.0460555e-13
4471.669983548036,9.296369e-13
4473.489669245591,9.665811e-13
4475.309354943147,9.483378e-13
4477.129040640702,8.6288767e-13
4478.948726338258,7.4618333e-13
4480.7684120358135,6.357365e-13
4482.588097733369,5.9784556e-13
4484.407783430925,5.959431e-13
4486.22746912848,5.9987844e-13
4488.047154826036,5.7877856e-13
4489.866840523591,6.0101766e-13
4491.686526221147,6.269002e-13
4493.506211918702,6.50624e-13
4495.325897616258,6.830251e-13
4497.145583313813,7.084642e-13
4498.965269011369,7.275677e-13
4500.7849547089245,7.296305e-13
4502.60464040648,7.519521e-13
4504.424326104036,7.6220486e-13
4506.244011801591,7.6169886e-13
4508.063697499147,7.7955627e-13
4509.883383196702,7.868723e-13
4511.703068894258,7.817944e-13
4513.522754591813,8.046461e-13
4515.342440289369,8.432808e-13
4517.162125986924,8.1107067e-13
4518.98181168448,8.2008234e-13
4520.801497382035,8.715548e-13
4522.621183079591,8.922335e-13
4524.4408687771465,8.941813e-13
4526.260554474702,8.5656834e-13
4528.080240172258,8.2521566e-13
4529.899925869813,7.4779484e-13
4531.719611567369,6.8950466e-13
4533.539297264924,7.119099e-13
4535.35898296248,7.0327815e-13
4537.178668660035,6.8160397e-13
4538.998354357591,7.2502047e-13
4540.818040055146,7.4077967e-13
4542.637725752702,7.021418e-13
4544.4574114502575,7.387643e-13
4546.277097147813,7.320749e-13
4548.096782845369,7.412395e-13
4549.916468542924,8.0356484e-13
4551.73615424048,8.0982416e-13
4553.555839938035,7.786575e-13
4555.375525635591,7.6424457e-13
4557.195211333146,7.574558e-13
4559.014897030702,7.6960996e-13
4560.834582728257,7.8209406e-13
4562.654268425813,7.461665e-13
4564.4739541233685,6.9851227e-13
4566.293639820924,7.1282265e-13
4568.1133255184795,6.8717926e-13
4569.933011216035,6.4747274e-13
4571.752696913591,6.935409e-13
4573.572382611146,7.1711463e-13
4575.392068308702,7.38199e-13
4577.211754006257,7.2490267e-13
4579.031439703813,7.4520186e-13
4580.851125401368,7.5136886e-13
4582.670811098924,7.44538e-13
4584.490496796479,7.186331e-13
4586.310182494035,6.976822e-13
4588.1298681915905,7.47629e-13
4589.949553889146,7.5512865e-13
4591.769239586702,7.457923e-13
4593.588925284257,7.0598274e-13
4595.408610981813,7.8608496e-13
4597.228296679368,8.190196e-13
4599.047982376924,7.823193e-13
4600.867668074479,7.3590163e-13
4602.687353772035,7.7213165e-13
4604.50703946959,8.35956e-13
4606.326725167146,8.243251e-13
4608.1464108647015,8.6435796e-13
4609.966096562257,9.559821e-13
4611.785782259813,8.896963e-13
4613.605467957368,8.6945956e-13
4615.425153654924,9.215404e-13
4617.244839352479,9.306633e-13
4619.064525050035,9.736655e-13
4620.88421074759,8.3185233e-13
4622.703896445146,7.982164e-13
4624.523582142701,8.445563e-13
4626.343267840257,8.3507366e-13
4628.162953537812,8.0548925e-13
4629.982639235368,8.287174e-13
4631.8023249329235,7.8097994e-13
4633.622010630479,7.102864e-13
4635.441696328035,7.8689e-13
4637.26138202559,8.12295e-13
4639.081067723146,7.677559e-13
4640.900753420701,7.717424e-13
4642.720439118257,8.3962383e-13
4644.540124815812,8.041791e-13
4646.359810513368,7.8401044e-13
4648.179496210923,7.840079e-13
4649.999181908479,7.676216e-13
4651.8188676060345,8.070186e-13
4653.63855330359,8.560828e-13
4655.458239001146,8.6627445e-13
4657.277924698701,8.13613e-13
4659.097610396257,7.482713e-13
4660.917296093812,7.581912e-13
4662.736981791368,7.653618e-13
4664.556667488923,8.442628e-13
4666.376353186479,9.785628e-13
4668.196038884034,9.837618e-13
4670.01572458159,9.577941e-13
4671.835410279145,8.9543233e-13
4673.655095976701,8.761162e-13
4675.4747816742565,8.537769e-13
4677.294467371812,7.901486e-13
4679.114153069368,8.4419895e-13
4680.933838766923,9.265517e-13
4682.753524464479,9.739282e-13
4684.573210162034,9.877354e-13
4686.39289585959,9.585328e-13
4688.212581557145,1.0120059e-12
4690.032267254701,1.0710047e-12
4691.851952952256,1.0443036e-12
4693.671638649812,9.767123e-13
4695.4913243473675,8.979262e-13
4697.311010044923,9.82374e-13
4699.130695742479,1.0859013e-12
4700.950381440034,9.860114e-13
4702.77006713759,9.19585e-13
4704.589752835145,9.232211e-13
4706.409438532701,8.1296975e-13
4708.229124230256,8.8434446e-13
4710.048809927812,1.0044707e-12
4711.868495625367,8.944454e-13
4713.688181322923,8.301751e-13
4715.507867020478,9.138696e-13
4717.327552718034,1.0709401e-12
4719.1472384155895,9.798784e-13
4720.966924113145,9.296082e-13
4722.786609810701,9.471162e-13
4724.606295508256,8.0171677e-13
4726.425981205812,7.9012393e-13
4728.245666903367,8.974585e-13
4730.065352600923,9.126361e-13
4731.885038298478,8.621803e-13
