2531.88502995383,2.436874e-13
2533.7047156513854,2.645066e-13
2535.524401348941,2.6509326e-13
2537.3440870464965,2.497175e-13
2539.163772744052,2.3825405e-13
2540.9834584416076,2.2450272e-13
2542.803144139163,2.0445166e-13
2544.6228298367187,1.8904363e-13
2546.442515534274,1.8098427e-13
2548.2622012318297,2.017598e-13
2550.0818869293853,2.15448e-13
2551.901572626941,2.0935296e-13
2553.7212583244964,1.8016326e-13
2555.540944022052,1.4563567e-13
2557.3606297196075,1.4368593e-13
2559.180315417163,1.6462614e-13
2561.0000011147185,1.8189715e-13
2562.819686812274,2.0179603e-13
2564.6393725098296,2.1064448e-13
2566.459058207385,2.1292278e-13
2568.2787439049407,2.1060194e-13
2570.0984296024963,2.0841713e-13
2571.918115300052,2.0707965e-13
2573.7378009976073,1.9871726e-13
2575.557486695163,2.0664732e-13
2577.3771723927184,2.0810992e-13
2579.196858090274,2.0829687e-13
2581.0165437878295,2.0595415e-13
2582.836229485385,1.9335893e-13
2584.6559151829406,1.7177643e-13
2586.475600880496,1.6630049e-13
2588.2952865780517,1.6711109e-13
2590.114972275607,1.7706268e-13
2591.9346579731628,1.9167908e-13
2593.7543436707183,1.9045186e-13
2595.574029368274,1.6252636e-13
2597.3937150658294,1.4178073e-13
2599.213400763385,1.2488247e-13
2601.0330864609405,1.163166e-13
2602.852772158496,1.2397207e-13
2604.6724578560516,1.4218134e-13
2606.492143553607,1.5147905e-13
2608.3118292511626,1.36775e-13
2610.131514948718,1.10151044e-13
2611.9512006462737,9.2233316e-14
2613.7708863438293,8.6614594e-14
2615.590572041385,9.0418124e-14
2617.4102577389403,9.296661e-14
2619.229943436496,1.0466671e-13
2621.0496291340514,1.2737267e-13
2622.869314831607,1.4974686e-13
2624.6890005291625,1.7151691e-13
2626.508686226718,1.9772015e-13
2628.3283719242736,2.1211094e-13
2630.148057621829,2.2677091e-13
2631.9677433193847,2.2569009e-13
2633.78742901694,2.0250576e-13
2635.6071147144958,1.7138739e-13
2637.4268004120513,1.5439241e-13
2639.246486109607,1.4020501e-13
2641.0661718071624,1.3252873e-13
2642.885857504718,1.417488e-13
2644.7055432022735,1.6755111e-13
2646.525228899829,1.7536157e-13
2648.3449145973846,1.5446847e-13
2650.16460029494,1.3192226e-13
2651.9842859924956,1.4057778e-13
2653.803971690051,1.6704926e-13
2655.6236573876067,1.8970441e-13
2657.4433430851623,2.1542886e-13
2659.263028782718,2.2183743e-13
2661.0827144802734,1.9799897e-13
2662.902400177829,1.637141e-13
2664.7220858753844,1.4558775e-13
2666.54177157294,1.606289e-13
2668.3614572704955,1.7793026e-13
2670.181142968051,1.9669276e-13
2672.0008286656066,2.0883901e-13
2673.820514363162,2.0064014e-13
2675.6402000607177,1.7329507e-13
2677.4598857582732,1.50879e-13
2679.279571455829,1.4263695e-13
2681.0992571533843,1.4570552e-13
2682.91894285094,1.7419764e-13
2684.7386285484954,2.0127839e-13
2686.558314246051,2.1669815e-13
2688.3779999436065,2.3618626e-13
2690.197685641162,2.4506788e-13
2692.0173713387176,2.453216e-13
2693.837057036273,2.345854e-13
2695.6567427338287,2.2310227e-13
2697.476428431384,2.201847e-13
2699.2961141289397,2.1187113e-13
2701.1157998264953,2.0646314e-13
2702.935485524051,2.136041e-13
2704.7551712216064,2.2040456e-13
2706.574856919162,2.1517318e-13
2708.3945426167174,1.9788075e-13
2710.214228314273,1.7481553e-13
2712.0339140118285,1.6359124e-13
2713.853599709384,1.6759009e-13
2715.6732854069396,1.6323185e-13
2717.492971104495,1.5467636e-13
2719.3126568020507,1.5412273e-13
2721.1323424996062,1.7835854e-13
2722.952028197162,2.0118217e-13
2724.7717138947173,2.0467802e-13
2726.591399592273,1.974595e-13
2728.4110852898284,1.9649786e-13
2730.230770987384,2.0392351e-13
2732.0504566849395,2.0598863e-13
2733.870142382495,1.8905354e-13
2735.6898280800506,1.5731053e-13
2737.509513777606,1.2914236e-13
2739.3291994751617,1.2276374e-13
2741.148885172717,1.4487302e-13
2742.9685708702727,1.7745942e-13
2744.7882565678283,1.9422119e-13
2746.607942265384,1.9073081e-13
2748.4276279629394,1.5987353e-13
2750.247313660495,1.1963648e-13
2752.0669993580505,9.677652e-14
2753.886685055606,9.918947e-14
2755.7063707531615,1.2037927e-13
2757.526056450717,1.3533497e-13
2759.3457421482726,1.3608163e-13
2761.165427845828,1.2892728e-13
2762.9851135433837,1.12737205e-13
2764.8047992409392,9.155429e-14
2766.624484938495,7.654895e-14
2768.4441706360503,7.779758e-14
2770.263856333606,9.118134e-14
2772.0835420311614,1.0588275e-13
2773.903227728717,1.0203247e-13
2775.7229134262725,8.727998e-14
2777.542599123828,7.530568e-14
2779.3622848213836,7.098331e-14
2781.181970518939,7.822773e-14
2783.0016562164947,1.00744533e-13
2784.82134191405,1.2492745e-13
2786.6410276116058,1.3107069e-13
2788.4607133091613,1.1250328e-13
2790.280399006717,9.4636945e-14
2792.1000847042724,9.5202234e-14
2793.919770401828,9.8491e-14
2795.7394560993835,9.728531e-14
2797.559141796939,9.663299e-14
2799.3788274944945,1.05224674e-13
2801.19851319205,1.1942873e-13
2803.0181988896056,1.3269759e-13
2804.837884587161,1.3865176e-13
2806.6575702847167,1.3545675e-13
2808.4772559822723,1.3424499e-13
2810.296941679828,1.3111047e-13
2812.1166273773833,1.341995e-13
2813.936313074939,1.4115784e-13
2815.7559987724944,1.3541523e-13
2817.57568447005,1.1576993e-13
2819.3953701676055,9.6691366e-14
2821.215055865161,8.9566e-14
2823.0347415627166,8.893681e-14
2824.854427260272,8.90779e-14
2826.6741129578277,8.7868955e-14
2828.493798655383,8.6486726e-14
2830.3134843529388,8.6528244e-14
2832.133170050494,9.2513284e-14
2833.9528557480494,1.01430833e-13
2835.772541445605,1.0485852e-13
2837.5922271431605,1.0084239e-13
2839.411912840716,9.7035376e-14
2841.2315985382716,9.885569e-14
2843.051284235827,9.271955e-14
2844.8709699333826,7.611184e-14
2846.690655630938,6.573693e-14
2848.5103413284937,6.365115e-14
2850.3300270260493,5.8367516e-14
2852.149712723605,5.3303492e-14
2853.9693984211603,5.31444e-14
2855.789084118716,5.0022974e-14
2857.6087698162714,4.451487e-14
2859.428455513827,4.4212924e-14
2861.2481412113825,4.6850432e-14
2863.067826908938,4.7205e-14
2864.8875126064936,4.7749548e-14
2866.707198304049,5.1027447e-14
2868.5268840016047,5.033734e-14
2870.34656969916,4.584371e-14
2872.1662553967158,4.8371504e-14
2873.9859410942713,5.6934356e-14
2875.805626791827,6.4560756e-14
2877.6253124893824,6.656281e-14
2879.444998186938,6.472619e-14
2881.2646838844935,6.2382106e-14
2883.084369582049,5.9273136e-14
2884.9040552796046,5.737513e-14
2886.72374097716,5.3604988e-14
2888.5434266747156,4.6728937e-14
2890.363112372271,4.4387667e-14
2892.1827980698267,4.872801e-14
2894.0024837673823,5.53583e-14
2895.822169464938,5.9163097e-14
2897.6418551624934,5.882577e-14
2899.461540860049,5.4410327e-14
2901.2812265576044,4.9850854e-14
2903.10091225516,4.949089e-14
2904.9205979527155,5.4014397e-14
2906.740283650271,6.030058e-14
2908.5599693478266,5.930707e-14
2910.379655045382,5.3638097e-14
2912.1993407429377,5.2054677e-14
2914.0190264404932,5.4391943e-14
2915.838712138049,5.5108485e-14
2917.6583978356043,5.701775e-14
2919.47808353316,6.1370444e-14
2921.2977692307154,6.9666305e-14
2923.117454928271,7.667314e-14
2924.9371406258265,7.935088e-14
2926.756826323382,7.9042716e-14
2928.5765120209376,7.414815e-14
2930.396197718493,7.0776284e-14
2932.2158834160487,6.9409823e-14
2934.035569113604,6.7236344e-14
2935.8552548111597,6.4662976e-14
2937.6749405087153,6.6957805e-14
2939.494626206271,7.381261e-14
2941.3143119038264,8.090389e-14
2943.133997601382,8.466948e-14
2944.9536832989374,8.490197e-14
2946.773368996493,8.208819e-14
2948.5930546940485,7.5984303e-14
2950.412740391604,6.699993e-14
2952.2324260891596,6.016605e-14
2954.052111786715,5.867231e-14
2955.8717974842707,5.992501e-14
2957.6914831818262,5.5418882e-14
2959.511168879382,4.5589746e-14
2961.3308545769373,3.9318517e-14
2963.150540274493,4.0243372e-14
2964.9702259720484,4.3719385e-14
2966.789911669604,4.2016697e-14
2968.6095973671595,4.2266812e-14
2970.429283064715,4.7018995e-14
2972.2489687622706,5.088707e-14
2974.068654459826,5.1410797e-14
2975.8883401573817,5.3309906e-14
2977.708025854937,5.903222e-14
2979.5277115524927,6.612206e-14
2981.3473972500483,7.156456e-14
2983.167082947604,7.420624e-14
2984.9867686451594,7.476097e-14
2986.806454342715,7.3433894e-14
2988.6261400402705,7.004136e-14
2990.445825737826,6.317956e-14
2992.2655114353815,5.3696454e-14
2994.085197132937,4.5139877e-14
2995.9048828304926,4.0160936e-14
2997.724568528048,4.1125255e-14
2999.5442542256037,4.3717417e-14
3001.3639399231593,4.459555e-14
3003.183625620715,4.688743e-14
3005.0033113182703,5.1676067e-14
3006.822997015826,5.785154e-14
3008.6426827133814,6.7411774e-14
3010.462368410937,7.5634974e-14
3012.2820541084925,7.850543e-14
3014.101739806048,7.844828e-14
3015.9214255036036,7.9948635e-14
3017.741111201159,8.242915e-14
3019.5607968987147,8.4185466e-14
3021.38048259627,8.5236275e-14
3023.2001682938258,8.652397e-14
3025.0198539913813,8.613921e-14
3026.839539688937,8.275949e-14
3028.6592253864924,8.1379754e-14
3030.478911084048,8.605127e-14
3032.2985967816035,9.0524064e-14
3034.118282479159,8.8733755e-14
3035.9379681767145,8.294396e-14
3037.75765387427,7.920751e-14
3039.5773395718256,8.4513505e-14
3041.397025269381,9.0738e-14
3043.2167109669367,9.189669e-14
3045.0363966644923,9.268075e-14
3046.856082362048,9.217636e-14
3048.6757680596033,8.975513e-14
3050.495453757159,9.1814875e-14
3052.3151394547144,9.3239544e-14
3054.13482515227,9.048332e-14
3055.9545108498255,8.859291e-14
3057.774196547381,8.9440906e-14
3059.5938822449366,8.686509e-14
3061.413567942492,7.897217e-14
3063.2332536400477,6.7883714e-14
3065.052939337603,6.7049895e-14
3066.8726250351588,7.7414746e-14
3068.6923107327143,8.822746e-14
3070.51199643027,9.107761e-14
3072.3316821278254,8.7418984e-14
3074.151367825381,7.753487e-14
3075.9710535229365,6.607703e-14
3077.790739220492,6.279133e-14
3079.6104249180476,7.102407e-14
3081.430110615603,8.143313e-14
3083.2497963131586,8.33831e-14
3085.069482010714,8.0482326e-14
3086.8891677082697,7.546064e-14
3088.7088534058253,7.229084e-14
3090.528539103381,7.240269e-14
3092.3482248009364,6.997533e-14
3094.167910498492,6.3532594e-14
3095.9875961960474,6.216353e-14
3097.807281893603,6.795987e-14
3099.6269675911585,7.270164e-14
3101.446653288714,7.161337e-14
3103.2663389862696,7.056908e-14
3105.086024683825,7.194544e-14
3106.9057103813807,7.12288e-14
3108.7253960789362,7.065031e-14
3110.5450817764918,7.5731535e-14
3112.3647674740473,8.194072e-14
3114.184453171603,8.20916e-14
3116.0041388691584,8.288753e-14
3117.823824566714,8.728129e-14
3119.6435102642695,9.171837e-14
3121.463195961825,9.147885e-14
3123.2828816593806,8.894805e-14
3125.102567356936,8.5573455e-14
3126.9222530544916,8.002506e-14
3128.741938752047,7.609354e-14
3130.5616244496027,7.275067e-14
3132.3813101471583,7.06226e-14
3134.200995844714,7.148497e-14
3136.0206815422694,7.620378e-14
3137.840367239825,7.918001e-14
3139.6600529373804,7.916843e-14
3141.479738634936,7.777869e-14
3143.2994243324915,7.83218e-14
3145.119110030047,8.158762e-14
3146.9387957276026,8.332087e-14
3148.758481425158,8.070782e-14
3150.5781671227137,7.77238e-14
3152.3978528202692,7.7862094e-14
3154.217538517825,7.8358184e-14
3156.0372242153803,7.826823e-14
3157.856909912936,7.7994116e-14
3159.6765956104914,7.494706e-14
3161.496281308047,7.081488e-14
3163.3159670056025,6.589483e-14
3165.135652703158,6.60281e-14
3166.9553384007136,7.12163e-14
3168.775024098269,7.761554e-14
3170.5947097958247,7.916053e-14
3172.41439549338,7.414888e-14
3174.2340811909357,6.515792e-14
3176.0537668884913,6.316052e-14
3177.873452586047,6.7314115e-14
3179.6931382836024,6.991925e-14
3181.512823981158,7.124113e-14
3183.3325096787134,6.953593e-14
3185.152195376269,6.627084e-14
3186.9718810738245,6.527312e-14
3188.79156677138,6.781584e-14
3190.6112524689356,7.286326e-14
3192.430938166491,7.7931415e-14
3194.2506238640467,7.8694944e-14
3196.0703095616022,7.780187e-14
3197.889995259158,7.274242e-14
3199.7096809567133,7.126228e-14
3201.529366654269,6.940565e-14
3203.3490523518244,6.609916e-14
3205.16873804938,6.357396e-14
3206.9884237469355,6.444267e-14
3208.808109444491,6.578524e-14
3210.6277951420466,6.6979374e-14
3212.447480839602,6.780596e-14
3214.2671665371577,6.6956206e-14
3216.086852234713,6.687065e-14
3217.9065379322687,6.567243e-14
3219.7262236298243,6.556873e-14
3221.54590932738,6.7870385e-14
3223.3655950249354,7.116118e-14
3225.185280722491,7.0203846e-14
3227.0049664200465,6.5093486e-14
3228.824652117602,5.9972453e-14
3230.6443378151575,5.77962e-14
3232.464023512713,5.878247e-14
3234.2837092102686,6.251943e-14
3236.103394907824,6.864281e-14
3237.9230806053797,7.3793266e-14
3239.7427663029353,7.487083e-14
3241.562452000491,7.491528e-14
3243.3821376980463,7.3639865e-14
3245.201823395602,7.066966e-14
3247.0215090931574,6.8870345e-14
3248.841194790713,7.0542015e-14
3250.6608804882685,7.3944296e-14
3252.480566185824,7.3763525e-14
3254.3002518833796,6.5204014e-14
3256.119937580935,5.2195424e-14
3257.9396232784907,4.545e-14
3259.759308976046,5.123098e-14
3261.5789946736018,6.272019e-14
3263.3986803711573,6.796988e-14
3265.2183660687124,6.65941e-14
3267.038051766268,6.3832586e-14
3268.8577374638235,6.414759e-14
3270.677423161379,6.692013e-14
3272.4971088589346,7.15775e-14
3274.31679455649,7.481482e-14
3276.1364802540456,7.6249737e-14
3277.956165951601,7.2507945e-14
3279.7758516491567,6.5357665e-14
3281.5955373467123,6.098452e-14
3283.415223044268,6.078956e-14
3285.2349087418233,6.126498e-14
3287.054594439379,6.38286e-14
3288.8742801369344,6.439793e-14
3290.69396583449,6.206759e-14
3292.5136515320455,6.1466796e-14
3294.333337229601,6.787063e-14
3296.1530229271566,7.3648756e-14
3297.972708624712,7.359994e-14
3299.7923943222677,6.813009e-14
3301.612080019823,5.862687e-14
3303.4317657173788,5.1069202e-14
3305.2514514149343,5.1371986e-14
3307.07113711249,5.8277696e-14
3308.8908228100454,6.550093e-14
3310.710508507601,6.791725e-14
3312.5301942051565,6.612226e-14
3314.349879902712,6.5863994e-14
3316.1695656002676,6.583358e-14
3317.989251297823,6.294585e-14
3319.8089369953786,5.70742e-14
3321.628622692934,5.51785e-14
3323.4483083904897,5.822877e-14
3325.2679940880453,6.20234e-14
3327.087679785601,6.118505e-14
3328.9073654831564,5.4443365e-14
3330.727051180712,4.769855e-14
3332.5467368782674,4.4867705e-14
3334.366422575823,4.5346664e-14
3336.1861082733785,4.5283242e-14
3338.005793970934,4.1756952e-14
3339.8254796684896,4.0158333e-14
3341.645165366045,4.386353e-14
3343.4648510636007,5.2025414e-14
3345.2845367611562,6.284226e-14
3347.104222458712,7.524689e-14
3348.9239081562673,8.319416e-14
3350.743593853823,8.3756454e-14
3352.5632795513784,7.80774e-14
3354.382965248934,6.695439e-14
3356.2026509464895,5.6265644e-14
3358.022336644045,5.798627e-14
3359.8420223416006,6.93211e-14
3361.661708039156,7.979057e-14
3363.4813937367117,8.319117e-14
3365.301079434267,8.364539e-14
3367.1207651318227,7.977093e-14
3368.9404508293783,7.160014e-14
3370.760136526934,6.6406583e-14
3372.5798222244894,6.776124e-14
3374.399507922045,7.245602e-14
3376.2191936196004,7.673199e-14
3378.038879317156,8.04572e-14
3379.8585650147115,8.119371e-14
3381.678250712267,7.5795666e-14
3383.4979364098226,6.991835e-14
3385.317622107378,7.019079e-14
3387.1373078049337,7.474453e-14
3388.9569935024892,7.7268405e-14
3390.776679200045,7.9459503e-14
3392.5963648976003,8.098516e-14
3394.416050595156,8.4672287e-14
3396.2357362927114,8.6005306e-14
3398.055421990267,8.336856e-14
3399.8751076878225,8.024261e-14
3401.694793385378,7.8858984e-14
3403.5144790829336,7.4458635e-14
3405.334164780489,6.941181e-14
3407.1538504780447,6.9601815e-14
3408.9735361756,7.1998356e-14
3410.7932218731557,7.060787e-14
3412.6129075707113,6.2995196e-14
3414.432593268267,5.4382507e-14
3416.2522789658224,5.3814605e-14
3418.071964663378,6.050434e-14
3419.8916503609335,6.63924e-14
3421.711336058489,6.9071695e-14
3423.5310217560445,7.125071e-14
3425.3507074536,7.409923e-14
3427.1703931511556,7.700729e-14
3428.990078848711,7.966605e-14
3430.8097645462667,7.8338594e-14
3432.6294502438222,7.282317e-14
3434.449135941378,6.489452e-14
3436.2688216389333,5.9394384e-14
3438.088507336489,6.17444e-14
3439.9081930340444,6.9633135e-14
3441.7278787316,7.844988e-14
3443.5475644291555,8.0655704e-14
3445.367250126711,7.6602536e-14
3447.1869358242666,7.4311956e-14
3449.006621521822,7.7338364e-14
3450.8263072193777,8.200971e-14
3452.645992916933,8.169617e-14
3454.4656786144888,7.914526e-14
3456.2853643120443,7.7405415e-14
3458.1050500096,7.786024e-14
3459.9247357071554,7.849651e-14
3461.744421404711,7.876836e-14
3463.5641071022665,7.66557e-14
3465.383792799822,7.308552e-14
3467.2034784973775,7.32416e-14
3469.023164194933,7.7931897e-14
3470.8428498924886,8.073007e-14
3472.662535590044,7.8635984e-14
3474.4822212875997,7.813704e-14
3476.3019069851553,8.181269e-14
3478.121592682711,8.602363e-14
3479.9412783802663,8.674569e-14
3481.760964077822,8.463558e-14
3483.5806497753774,7.973195e-14
3485.400335472933,7.251351e-14
3487.2200211704885,6.756711e-14
3489.039706868044,6.6547116e-14
3490.8593925655996,6.692882e-14
3492.679078263155,6.9681335e-14
3494.4987639607107,7.474442e-14
3496.318449658266,7.887371e-14
3498.1381353558218,8.06933e-14
3499.9578210533773,8.091661e-14
3501.777506750933,8.2667366e-14
3503.5971924484884,8.651628e-14
3505.416878146044,8.858817e-14
3507.2365638435995,9.039448e-14
3509.056249541155,8.912128e-14
3510.8759352387106,8.393249e-14
3512.695620936266,8.038607e-14
3514.5153066338216,8.27557e-14
3516.334992331377,8.869246e-14
3518.1546780289327,9.0070915e-14
3519.9743637264883,8.6682865e-14
3521.794049424044,8.5201005e-14
3523.6137351215993,8.4719375e-14
3525.433420819155,8.254494e-14
3527.2531065167104,8.247781e-14
3529.072792214266,8.599173e-14
3530.8924779118215,8.929908e-14
3532.712163609377,9.1544e-14
3534.5318493069326,9.451886e-14
3536.351535004488,9.778008e-14
3538.1712207020437,9.869611e-14
3539.990906399599,9.7483694e-14
3541.8105920971548,9.600228e-14
3543.6302777947103,9.402203e-14
3545.449963492266,9.2189324e-14
3547.2696491898214,9.0286726e-14
3549.089334887377,9.046849e-14
3550.9090205849325,9.2741366e-14
3552.728706282488,9.295075e-14
3554.5483919800436,8.981153e-14
3556.368077677599,8.3926254e-14
3558.1877633751546,7.695524e-14
3560.00744907271,7.305228e-14
3561.8271347702657,7.335347e-14
3563.6468204678213,7.521232e-14
3565.466506165377,7.6239186e-14
3567.2861918629324,7.936798e-14
3569.105877560488,8.567538e-14
3570.9255632580434,8.9145034e-14
3572.745248955599,8.945087e-14
3574.5649346531545,8.869109e-14
3576.38462035071,8.711677e-14
3578.2043060482656,8.497714e-14
3580.023991745821,8.4275306e-14
3581.8436774433767,8.5870784e-14
3583.6633631409322,8.6446e-14
3585.483048838488,8.5316106e-14
3587.3027345360433,8.7167e-14
3589.122420233599,9.207567e-14
3590.9421059311544,9.557979e-14
3592.76179162871,9.553201e-14
3594.5814773262655,9.140072e-14
3596.401163023821,8.904645e-14
3598.2208487213766,9.067555e-14
3600.040534418932,9.258404e-14
3601.8602201164877,9.1887706e-14
3603.679905814043,9.146895e-14
3605.4995915115987,9.414083e-14
3607.3192772091543,9.4515894e-14
3609.13896290671,9.0958985e-14
3610.9586486042654,8.657655e-14
3612.778334301821,8.457216e-14
3614.5980199993764,8.482904e-14
3616.417705696932,8.5350984e-14
3618.2373913944875,8.787005e-14
3620.057077092043,9.1695884e-14
3621.8767627895986,9.1948056e-14
3623.696448487154,8.896778e-14
3625.5161341847097,8.6593025e-14
3627.3358198822652,8.563408e-14
3629.155505579821,8.5593045e-14
3630.9751912773763,8.618671e-14
3632.794876974932,8.6997345e-14
3634.6145626724874,8.749614e-14
3636.434248370043,8.875894e-14
3638.2539340675985,9.152453e-14
3640.073619765154,9.436559e-14
3641.8933054627096,9.5136796e-14
3643.712991160265,9.416374e-14
3645.5326768578207,9.3464204e-14
3647.352362555376,9.2430695e-14
3649.1720482529317,9.186691e-14
3650.9917339504873,9.3313595e-14
3652.811419648043,9.3798314e-14
3654.6311053455984,9.281112e-14
3656.450791043154,9.26937e-14
3658.2704767407095,9.332999e-14
3660.090162438265,9.409889e-14
3661.9098481358205,9.487252e-14
3663.729533833376,9.415558e-14
3665.5492195309316,9.174296e-14
3667.368905228487,8.895476e-14
3669.1885909260427,8.6362354e-14
3671.0082766235982,8.5992675e-14
3672.827962321154,8.764616e-14
3674.6476480187093,8.8231655e-14
3676.467333716265,8.502131e-14
3678.2870194138204,8.127415e-14
3680.106705111376,8.117817e-14
3681.9263908089315,8.455165e-14
3683.746076506487,8.720494e-14
3685.5657622040426,8.6917086e-14
3687.385447901598,8.781402e-14
3689.2051335991537,9.069588e-14
3691.024819296709,9.394558e-14
3692.8445049942648,9.422864e-14
3694.6641906918203,8.954634e-14
3696.483876389376,8.317361e-14
3698.3035620869314,7.851942e-14
3700.123247784487,7.871603e-14
3701.9429334820425,8.323725e-14
3703.762619179598,8.719098e-14
3705.5823048771535,8.8610644e-14
3707.401990574709,8.947559e-14
3709.2216762722646,8.8297296e-14
3711.04136196982,8.508833e-14
3712.8610476673757,8.491266e-14
3714.6807333649313,8.680004e-14
3716.500419062487,8.845522e-14
3718.3201047600423,8.848076e-14
3720.139790457598,8.7735923e-14
3721.9594761551534,8.7057335e-14
3723.779161852709,8.7271255e-14
3725.5988475502645,8.8930674e-14
3727.41853324782,8.885716e-14
3729.2382189453756,8.6312136e-14
3731.057904642931,8.281816e-14
3732.8775903404867,8.0547934e-14
3734.697276038042,8.006836e-14
3736.5169617355978,8.088056e-14
3738.3366474331533,8.105585e-14
3740.156333130709,8.1633214e-14
3741.9760188282644,8.410976e-14
3743.79570452582,8.634309e-14
3745.6153902233755,8.7429264e-14
3747.435075920931,8.905809e-14
3749.2547616184866,9.2155016e-14
3751.074447316042,9.471915e-14
3752.8941330135976,9.5135935e-14
3754.713818711153,9.4807856e-14
3756.5335044087087,9.333849e-14
3758.3531901062643,8.9765794e-14
3760.17287580382,8.579779e-14
3761.9925615013753,8.368778e-14
3763.812247198931,8.515017e-14
3765.6319328964864,8.704456e-14
3767.451618594042,8.69147e-14
3769.2713042915975,8.783092e-14
3771.090989989153,8.962625e-14
3772.9106756867086,9.133378e-14
3774.730361384264,9.2208406e-14
3776.5500470818197,9.2855506e-14
3778.369732779375,9.4466833e-14
3780.1894184769308,9.466318e-14
3782.0091041744863,9.2887856e-14
3783.828789872042,9.002856e-14
3785.6484755695974,8.728528e-14
3787.468161267153,8.6287314e-14
3789.2878469647085,8.803696e-14
3791.107532662264,8.998166e-14
3792.9272183598196,8.899985e-14
3794.746904057375,8.540692e-14
3796.5665897549306,8.3784975e-14
3798.386275452486,8.455781e-14
3800.2059611500417,8.6241324e-14
3802.0256468475973,8.833848e-14
3803.845332545153,8.951427e-14
3805.6650182427084,9.090482e-14
3807.484703940264,9.2274184e-14
3809.3043896378194,9.3109656e-14
3811.124075335375,9.237291e-14
3812.9437610329305,9.0644296e-14
3814.763446730486,8.850924e-14
3816.5831324280416,8.67272e-14
3818.402818125597,8.5998517e-14
3820.2225038231527,8.64219e-14
3822.0421895207082,8.857937e-14
3823.861875218264,9.202224e-14
3825.6815609158193,9.520927e-14
3827.501246613375,9.5433054e-14
3829.3209323109304,9.346304e-14
3831.140618008486,9.190628e-14
3832.9603037060415,9.2539684e-14
3834.779989403597,9.389908e-14
3836.5996751011526,9.344855e-14
3838.419360798708,9.1051265e-14
3840.2390464962637,9.0496546e-14
3842.058732193819,9.1321014e-14
3843.8784178913747,9.2924095e-14
3845.6981035889303,9.3882726e-14
3847.517789286486,9.521216e-14
3849.3374749840414,9.6628875e-14
3851.157160681597,9.618435e-14
3852.9768463791524,9.3884075e-14
3854.796532076708,9.0874384e-14
3856.6162177742635,8.9729764e-14
3858.435903471819,9.145017e-14
3860.2555891693746,9.054695e-14
3862.07527486693,8.8051386e-14
3863.8949605644857,8.805077e-14
3865.7146462620412,8.944916e-14
3867.534331959597,9.040826e-14
3869.3540176571523,8.887857e-14
3871.173703354708,8.714109e-14
3872.9933890522634,8.6142654e-14
3874.813074749819,8.667811e-14
3876.6327604473745,8.9487506e-14
3878.45244614493,9.098098e-14
3880.2721318424856,9.036366e-14
3882.091817540041,9.0757886e-14
3883.9115032375967,9.006594e-14
3885.731188935152,8.674196e-14
3887.5508746327077,8.37678e-14
3889.3705603302633,8.1484813e-14
3891.190246027819,7.7688954e-14
3893.0099317253744,7.526556e-14
3894.82961742293,7.6639656e-14
3896.6493031204855,8.0911806e-14
3898.468988818041,8.3842235e-14
3900.2886745155965,8.12329e-14
3902.108360213152,7.617529e-14
3903.9280459107076,7.4191094e-14
3905.747731608263,7.7332956e-14
3907.5674173058187,8.213677e-14
3909.3871030033742,8.52633e-14
3911.20678870093,8.595764e-14
3913.0264743984853,8.5442016e-14
3914.846160096041,8.4340426e-14
3916.6658457935964,8.097555e-14
3918.485531491152,7.7879984e-14
3920.3052171887075,7.475401e-14
3922.124902886263,7.299374e-14
3923.9445885838186,7.719819e-14
3925.764274281374,8.570653e-14
3927.5839599789297,9.1618526e-14
3929.403645676485,9.2512966e-14
3931.2233313740408,9.018563e-14
3933.0430170715963,8.7468607e-14
3934.862702769152,8.648733e-14
3936.6823884667074,8.7797174e-14
3938.502074164263,8.71971e-14
3940.3217598618185,8.415767e-14
3942.141445559374,8.141647e-14
3943.9611312569295,8.3513024e-14
3945.780816954485,8.562332e-14
3947.6005026520406,8.2985525e-14
3949.420188349596,7.553226e-14
3951.2398740471517,6.782672e-14
3953.0595597447073,6.7888085e-14
3954.879245442263,7.457913e-14
3956.6989311398183,8.005535e-14
3958.518616837374,8.428037e-14
3960.3383025349294,8.711202e-14
3962.157988232485,8.821528e-14
3963.9776739300405,8.586866e-14
3965.797359627596,8.1424816e-14
3967.6170453251516,7.8558565e-14
3969.436731022707,7.644444e-14
3971.2564167202627,7.6604365e-14
3973.076102417818,8.1093315e-14
3974.8957881153738,8.528943e-14
3976.7154738129293,8.7089685e-14
3978.535159510485,8.77112e-14
3980.3548452080404,8.769516e-14
3982.174530905596,8.7718786e-14
3983.9942166031515,8.6688516e-14
3985.813902300707,8.2865674e-14
3987.6335879982626,7.5773995e-14
3989.453273695818,7.192403e-14
3991.2729593933736,7.596363e-14
3993.092645090929,8.2109395e-14
3994.9123307884847,8.403195e-14
3996.73201648604,8.1563005e-14
3998.5517021835954,7.8879645e-14
4000.371387881151,7.9034354e-14
4002.1910735787064,8.098735e-14
4004.010759276262,8.323786e-14
4005.8304449738175,8.370481e-14
4007.650130671373,8.2635884e-14
4009.4698163689286,8.04066e-14
4011.289502066484,7.637761e-14
4013.1091877640397,7.1578235e-14
4014.9288734615952,6.693194e-14
4016.748559159151,6.8595635e-14
4018.5682448567063,7.389635e-14
4020.387930554262,7.749575e-14
4022.2076162518174,7.770999e-14
4024.027301949373,7.7148045e-14
4025.8469876469285,7.756517e-14
4027.666673344484,7.8061716e-14
4029.4863590420396,7.7274755e-14
4031.306044739595,7.448988e-14
4033.1257304371507,7.160495e-14
4034.945416134706,6.985201e-14
4036.7651018322617,6.8443095e-14
4038.5847875298173,6.8636645e-14
4040.404473227373,7.084673e-14
4042.2241589249284,7.1820825e-14
4044.043844622484,6.899325e-14
4045.8635303200394,6.621537e-14
4047.683216017595,6.6403785e-14
4049.5029017151505,6.8133745e-14
4051.322587412706,6.927686e-14
4053.1422731102616,6.950607e-14
4054.961958807817,6.9802454e-14
4056.7816445053727,7.055739e-14
4058.6013302029282,7.080587e-14
4060.421015900484,7.189421e-14
4062.2407015980393,7.5310526e-14
4064.060387295595,7.735246e-14
4065.8800729931504,7.616155e-14
4067.699758690706,7.185251e-14
4069.5194443882615,6.7918754e-14
4071.339130085817,6.449643e-14
4073.1588157833726,6.3224904e-14
4074.978501480928,6.762628e-14
4076.7981871784837,7.364856e-14
4078.617872876039,7.386535e-14
4080.4375585735947,7.058932e-14
4082.2572442711503,6.8383857e-14
4084.076929968706,6.945134e-14
4085.8966156662614,7.209474e-14
4087.716301363817,7.4359606e-14
4089.5359870613725,7.676075e-14
4091.355672758928,7.793365e-14
4093.1753584564835,7.7838764e-14
4094.995044154039,7.387345e-14
4096.814729851594,6.9623296e-14
4098.63441554915,6.787931e-14
4100.454101246705,6.816332e-14
4102.273786944261,6.855384e-14
4104.093472641816,6.85664e-14
4105.913158339372,6.854111e-14
4107.732844036927,6.885499e-14
4109.552529734483,6.7193226e-14
4111.3722154320385,6.364896e-14
4113.191901129594,6.211784e-14
4115.01158682715,6.381184e-14
4116.831272524705,6.7737354e-14
4118.650958222261,6.99032e-14
4120.470643919816,7.11423e-14
4122.290329617372,7.237857e-14
4124.110015314927,7.3242905e-14
4125.929701012483,7.2191466e-14
4127.749386710038,6.95696e-14
4129.569072407594,6.6292295e-14
4131.3887581051495,6.5321345e-14
4133.208443802705,6.6947336e-14
4135.028129500261,6.8510396e-14
4136.847815197816,6.780757e-14
4138.667500895372,6.6375657e-14
4140.487186592927,6.5328155e-14
4142.306872290483,6.576906e-14
4144.126557988038,6.8119325e-14
4145.946243685594,7.044844e-14
4147.765929383149,7.206092e-14
4149.585615080705,7.251987e-14
4151.40530077826,7.071185e-14
4153.224986475816,6.80197e-14
4155.0446721733715,6.45987e-14
4156.864357870927,6.225588e-14
4158.684043568483,6.286492e-14
4160.503729266038,6.3540034e-14
4162.323414963594,6.461851e-14
4164.143100661149,6.6372614e-14
4165.962786358705,6.7064e-14
4167.78247205626,6.574794e-14
4169.602157753816,6.412415e-14
4171.421843451371,6.2476866e-14
4173.241529148927,6.2560566e-14
4175.0612148464825,6.273037e-14
4176.880900544038,6.3204304e-14
4178.700586241594,6.287944e-14
4180.520271939149,6.275054e-14
4182.339957636705,6.287272e-14
4184.15964333426,6.233513e-14
4185.979329031816,6.2466315e-14
4187.799014729371,6.537749e-14
4189.618700426927,6.860651e-14
4191.438386124482,6.883724e-14
4193.258071822038,6.6458225e-14
4195.077757519593,6.245086e-14
4196.897443217149,5.4824702e-14
4198.7171289147045,4.7118566e-14
4200.53681461226,4.4639426e-14
4202.356500309816,4.528056e-14
4204.176186007371,4.4818072e-14
4205.995871704927,4.7303168e-14
4207.815557402482,5.519003e-14
4209.635243100038,6.0758215e-14
4211.454928797593,5.9471545e-14
4213.274614495149,5.1875855e-14
4215.094300192704,4.4316506e-14
4216.91398589026,4.6003782e-14
4218.7336715878155,5.5981285e-14
4220.553357285371,6.322495e-14
4222.373042982927,6.346951e-14
4224.192728680482,6.101693e-14
4226.012414378038,6.126391e-14
4227.832100075593,6.4618334e-14
4229.651785773149,6.850882e-14
4231.471471470704,7.108399e-14
4233.29115716826,7.050777e-14
4235.110842865815,6.6362063e-14
4236.930528563371,5.99451e-14
4238.750214260926,5.5811133e-14
4240.569899958482,5.6511104e-14
4242.3895856560375,6.189248e-14
4244.209271353593,6.890728e-14
4246.028957051149,7.1451105e-14
4247.848642748704,7.094461e-14
4249.66832844626,7.098141e-14
4251.488014143815,7.4244545e-14
4253.307699841371,7.5759284e-14
4255.127385538926,7.1944885e-14
4256.947071236482,6.564435e-14
4258.766756934037,6.1950065e-14
4260.586442631593,6.4153876e-14
4262.4061283291485,6.8329335e-14
4264.225814026704,6.9835474e-14
4266.04549972426,7.068075e-14
4267.865185421815,7.46893e-14
4269.684871119371,7.801629e-14
4271.504556816926,7.9496075e-14
4273.324242514482,7.954206e-14
4275.143928212037,7.909721e-14
4276.963613909593,7.8319004e-14
4278.783299607148,7.5922375e-14
4280.602985304704,7.419662e-14
4282.422671002259,7.386618e-14
4284.242356699815,7.46176e-14
4286.0620423973705,7.507544e-14
4287.881728094926,7.74349e-14
4289.701413792482,8.0299516e-14
4291.521099490037,8.039007e-14
4293.340785187593,7.370537e-14
4295.160470885148,6.5759023e-14
4296.980156582704,6.10997e-14
4298.799842280259,5.9006456e-14
4300.619527977815,5.782585e-14
4302.43921367537,5.9576286e-14
4304.258899372926,6.5049996e-14
4306.0785850704815,7.0757954e-14
4307.898270768037,7.433496e-14
4309.717956465593,7.872746e-14
4311.537642163148,8.042455e-14
4313.357327860704,7.724545e-14
4315.177013558259,7.432912e-14
4316.996699255815,7.762344e-14
4318.81638495337,8.399204e-14
4320.636070650926,8.719361e-14
4322.455756348481,8.7499506e-14
4324.275442046037,8.7701175e-14
4326.0951277435925,8.5010246e-14
4327.914813441148,8.0000304e-14
4329.7344991387035,7.46453e-14
4331.554184836259,7.447379e-14
4333.373870533815,7.8979995e-14
4335.19355623137,8.4111686e-14
4337.013241928926,8.840513e-14
4338.832927626481,8.978306e-14
4340.652613324037,9.0226885e-14
4342.472299021592,9.146512e-14
4344.291984719148,9.152788e-14
4346.111670416703,9.052771e-14
4347.931356114259,9.007817e-14
4349.7510418118145,9.124738e-14
4351.57072750937,9.0567304e-14
4353.390413206926,8.859426e-14
4355.210098904481,8.38958e-14
4357.029784602037,7.9138566e-14
4358.849470299592,7.516853e-14
4360.669155997148,7.305741e-14
4362.488841694703,7.8089695e-14
4364.308527392259,8.71681e-14
4366.128213089814,9.2656975e-14
4367.94789878737,9.4406335e-14
4369.7675844849255,9.2229847e-14
4371.587270182481,8.8230035e-14
4373.406955880037,8.674727e-14
4375.226641577592,9.068494e-14
4377.046327275148,9.213362e-14
4378.866012972703,9.108918e-14
4380.685698670259,9.252748e-14
4382.505384367814,9.446827e-14
4384.32507006537,9.848414e-14
4386.144755762925,1.01904765e-13
4387.964441460481,1.0474636e-13
4389.784127158036,1.06245775e-13
4391.603812855592,1.0722578e-13
4393.4234985531475,1.05040075e-13
4395.243184250703,1.01157946e-13
4397.062869948259,9.7350466e-14
4398.882555645814,9.599408e-14
4400.70224134337,9.374415e-14
4402.521927040925,8.917107e-14
4404.341612738481,9.054201e-14
4406.161298436036,9.9478924e-14
4407.980984133592,1.070013e-13
4409.800669831147,1.0876748e-13
4411.620355528703,1.0814844e-13
4413.4400412262585,1.0729095e-13
4415.259726923814,1.05638697e-13
4417.07941262137,1.06456e-13
4418.899098318925,1.09481455e-13
4420.718784016481,1.0861321e-13
4422.538469714036,1.0572272e-13
4424.358155411592,1.02658225e-13
4426.177841109147,1.02295485e-13
4427.997526806703,1.0203905e-13
4429.817212504258,1.0171449e-13
4431.636898201814,1.044246e-13
4433.456583899369,1.0753181e-13
4435.276269596925,1.05224104e-13
4437.0959552944805,1.0125457e-13
4438.915640992036,9.9433496e-14
4440.735326689592,1.01840215e-13
4442.555012387147,1.0594675e-13
4444.374698084703,1.10714965e-13
4446.194383782258,1.1537559e-13
4448.014069479814,1.1738448e-13
4449.833755177369,1.201622e-13
4451.653440874925,1.2309423e-13
4453.47312657248,1.2282532e-13
4455.292812270036,1.21192e-13
4457.1124979675915,1.2247319e-13
4458.932183665147,1.2296162e-13
4460.751869362703,1.2187396e-13
4462.571555060258,1.1776861e-13
4464.391240757814,1.1767593e-13
4466.210926455369,1.163768e-13
4468.030612152925,1.1783887e-13
4469.85029785048,1.2614194e-13
4471.669983548036,1.3341239e-13
4473.489669245591,1.3792472e-13
4475.309354943147,1.358964e-13
4477.129040640702,1.2878537e-13
4478.948726338258,1.2385911e-13
4480.7684120358135,1.2813998e-13
4482.588097733369,1.3764852e-13
4484.407783430925,1.4112268e-13
4486.22746912848,1.3597546e-13
4488.047154826036,1.3320143e-13
4489.866840523591,1.4059584e-13
4491.686526221147,1.4388963e-13
4493.506211918702,1.4273276e-13
4495.325897616258,1.3862761e-13
4497.145583313813,1.391878e-13
4498.965269011369,1.4785223e-13
4500.7849547089245,1.5107402e-13
4502.60464040648,1.5022807e-13
4504.424326104036,1.4667335e-13
4506.244011801591,1.4440546e-13
4508.063697499147,1.4293798e-13
4509.883383196702,1.3958797e-13
4511.703068894258,1.4111352e-13
4513.522754591813,1.4557196e-13
4515.342440289369,1.4999323e-13
4517.162125986924,1.5499918e-13
4518.98181168448,1.5810577e-13
4520.801497382035,1.5712071e-13
4522.621183079591,1.5604113e-13
4524.4408687771465,1.6279496e-13
4526.260554474702,1.6257696e-13
4528.080240172258,1.5828865e-13
4529.899925869813,1.6168546e-13
4531.719611567369,1.6331339e-13
4533.539297264924,1.6113535e-13
4535.35898296248,1.5896461e-13
4537.178668660035,1.601116e-13
4538.998354357591,1.616071e-13
4540.818040055146,1.6276582e-13
4542.637725752702,1.6290914e-13
4544.4574114502575,1.6348105e-13
4546.277097147813,1.6126742e-13
4548.096782845369,1.6206989e-13
4549.916468542924,1.671491e-13
4551.73615424048,1.7225525e-13
4553.555839938035,1.7572405e-13
4555.375525635591,1.7222949e-13
4557.195211333146,1.6871309e-13
4559.014897030702,1.6488937e-13
4560.834582728257,1.6071041e-13
4562.654268425813,1.630636e-13
4564.4739541233685,1.6834548e-13
4566.293639820924,1.7043414e-13
4568.1133255184795,1.7002568e-13
4569.933011216035,1.6846802e-13
4571.752696913591,1.6706585e-13
4573.572382611146,1.6696441e-13
4575.392068308702,1.6835644e-13
4577.211754006257,1.6574609e-13
4579.031439703813,1.6941913e-13
4580.851125401368,1.7659637e-13
4582.670811098924,1.7412612e-13
4584.490496796479,1.6556739e-13
4586.310182494035,1.6446409e-13
4588.1298681915905,1.6697741e-13
4589.949553889146,1.6811761e-13
4591.769239586702,1.7249757e-13
4593.588925284257,1.6580795e-13
4595.408610981813,1.5719616e-13
4597.228296679368,1.5943781e-13
4599.047982376924,1.5560995e-13
4600.867668074479,1.538611e-13
4602.687353772035,1.5386237e-13
4604.50703946959,1.5338756e-13
4606.326725167146,1.5711236e-13
4608.1464108647015,1.6278351e-13
4609.966096562257,1.6385154e-13
4611.785782259813,1.6770759e-13
4613.605467957368,1.7020437e-13
4615.425153654924,1.674328e-13
4617.244839352479,1.6230985e-13
4619.064525050035,1.5762352e-13
4620.88421074759,1.5375228e-13
4622.703896445146,1.5335475e-13
4624.523582142701,1.5901424e-13
4626.343267840257,1.6647446e-13
4628.162953537812,1.7087418e-13
4629.982639235368,1.7335393e-13
4631.8023249329235,1.6873013e-13
4633.622010630479,1.7085159e-13
4635.441696328035,1.7264246e-13
4637.26138202559,1.7824192e-13
4639.081067723146,1.872687e-13
4640.900753420701,1.9201811e-13
4642.720439118257,1.9432947e-13
4644.540124815812,1.947698e-13
4646.359810513368,1.9167815e-13
4648.179496210923,1.8837414e-13
4649.999181908479,1.8721214e-13
4651.8188676060345,1.886627e-13
4653.63855330359,1.9234195e-13
4655.458239001146,1.9750373e-13
4657.277924698701,1.9491822e-13
4659.097610396257,1.9535895e-13
4660.917296093812,2.0164338e-13
4662.736981791368,2.0309237e-13
4664.556667488923,2.0396179e-13
4666.376353186479,2.0372667e-13
4668.196038884034,2.0519991e-13
4670.01572458159,2.0309099e-13
4671.835410279145,1.9927529e-13
4673.655095976701,1.9943372e-13
4675.4747816742565,1.995187e-13
4677.294467371812,2.0209974e-13
4679.114153069368,2.1176354e-13
4680.933838766923,2.1752841e-13
4682.753524464479,2.1122202e-13
4684.573210162034,2.0157762e-13
4686.39289585959,2.002875e-13
4688.212581557145,2.0193016e-13
4690.032267254701,1.9956054e-13
4691.851952952256,1.9277455e-13
4693.671638649812,1.9423634e-13
4695.4913243473675,1.9644456e-13
4697.311010044923,1.9660159e-13
4699.130695742479,2.090632e-13
4700.950381440034,2.0870996e-13
4702.77006713759,2.0190461e-13
4704.589752835145,2.0848983e-13
4706.409438532701,2.0409367e-13
4708.229124230256,2.0280847e-13
4710.048809927812,2.0350374e-13
4711.868495625367,1.9120954e-13
4713.688181322923,1.824977e-13
4715.507867020478,1.8414338e-13
4717.327552718034,1.8785726e-13
4719.1472384155895,1.8867798e-13
4720.966924113145,1.8688274e-13
4722.786609810701,1.8956219e-13
4724.606295508256,1.857791e-13
4726.425981205812,1.8085984e-13
4728.245666903367,1.9046475e-13
4730.065352600923,2.0063884e-13
4731.885038298478,1.990667e-13
