5163.28196450791,2.6589256e-15
5165.5778340019715,2.532089e-15
5167.873703496033,2.1122732e-15
5170.169572990095,2.5338402e-15
5172.4654424841565,1.4500437e-15
5174.761311978218,2.163401e-15
5177.05718147228,2.458873e-15
5179.3530509663415,2.3400128e-15
5181.648920460402,2.3491665e-15
5183.944789954464,3.0071885e-15
5186.240659448526,3.0084948e-15
5188.536528942587,2.0025968e-15
5190.832398436649,2.7275668e-15
5193.1282679307105,3.7582225e-15
5195.424137424772,3.679719e-15
5197.720006918834,3.1631598e-15
5200.0158764128955,3.0602909e-15
5202.311745906957,2.8545743e-15
5204.607615401019,2.294397e-15
5206.9034848950805,2.3620285e-15
5209.199354389142,2.8767045e-15
5211.495223883204,3.529071e-15
5213.791093377265,3.5000801e-15
5216.086962871326,3.7650098e-15
5218.382832365388,3.7345975e-15
5220.67870185945,4.03083e-15
5222.974571353511,4.5278006e-15
5225.270440847573,4.207963e-15
5227.566310341635,3.744529e-15
5229.862179835696,4.0817273e-15
5232.158049329758,4.4572055e-15
5234.45391882382,4.449692e-15
5236.749788317881,4.7441947e-15
5239.045657811943,4.906488e-15
5241.3415273060045,4.592212e-15
5243.637396800066,4.330124e-15
5245.933266294127,4.584608e-15
5248.229135788189,4.7353013e-15
5250.52500528225,4.5501377e-15
5252.820874776312,4.802175e-15
5255.116744270374,5.140399e-15
5257.412613764435,5.392328e-15
5259.708483258497,4.2228696e-15
5262.004352752559,4.5367428e-15
5264.30022224662,4.0755143e-15
5266.596091740682,3.903276e-15
5268.891961234744,4.4717296e-15
5271.187830728805,4.608102e-15
5273.483700222867,4.803022e-15
5275.779569716929,5.0019472e-15
5278.07543921099,4.972718e-15
5280.371308705051,4.7444793e-15
5282.667178199113,4.9668496e-15
5284.963047693174,5.340078e-15
5287.258917187236,5.142555e-15
5289.554786681298,5.040775e-15
5291.850656175359,4.9450974e-15
5294.146525669421,4.5009527e-15
5296.442395163483,4.494422e-15
5298.738264657544,4.6170982e-15
5301.034134151606,4.6843654e-15
5303.330003645668,5.7968483e-15
5305.625873139729,5.525906e-15
5307.921742633791,5.104609e-15
5310.217612127853,5.238292e-15
5312.513481621914,5.2196106e-15
5314.809351115975,5.1501517e-15
5317.105220610037,5.1405134e-15
5319.401090104098,5.013913e-15
5321.69695959816,4.885972e-15
5323.992829092222,4.398867e-15
5326.288698586283,4.383397e-15
5328.584568080345,4.489181e-15
5330.880437574407,4.6720732e-15
5333.176307068468,4.908592e-15
5335.47217656253,4.8518975e-15
5337.768046056592,4.627948e-15
5340.063915550653,4.8019602e-15
5342.359785044715,4.3416054e-15
5344.655654538777,4.479844e-15
5346.951524032837,5.0267903e-15
5349.247393526899,4.7587603e-15
5351.543263020961,5.0151288e-15
5353.839132515022,5.108275e-15
5356.135002009084,5.044665e-15
5358.430871503146,5.109691e-15
5360.726740997207,4.6230393e-15
5363.022610491269,4.571034e-15
5365.318479985331,5.1431324e-15
5367.614349479392,4.8221196e-15
5369.910218973454,4.6978387e-15
5372.206088467516,4.874673e-15
5374.501957961577,5.1852994e-15
5376.797827455639,5.6088277e-15
5379.0936969497,5.5591835e-15
5381.389566443761,5.240387e-15
5383.685435937823,5.206332e-15
5385.981305431885,5.076707e-15
5388.277174925946,5.0485294e-15
5390.573044420008,4.7880045e-15
5392.86891391407,5.0187977e-15
5395.164783408131,4.9469765e-15
5397.460652902193,4.846324e-15
5399.756522396255,5.1091215e-15
5402.052391890316,4.5369524e-15
5404.348261384378,4.324092e-15
5406.64413087844,4.7257014e-15
5408.940000372501,5.004936e-15
5411.235869866563,5.077734e-15
5413.531739360624,5.081055e-15
5415.827608854685,5.1098635e-15
5418.123478348747,4.93036e-15
5420.419347842809,5.0593587e-15
5422.71521733687,5.3060583e-15
5425.011086830932,5.1936164e-15
5427.306956324994,5.029786e-15
5429.602825819055,4.7407752e-15
5431.898695313117,4.759877e-15
5434.194564807179,4.8620225e-15
5436.49043430124,4.9305995e-15
5438.786303795302,5.2340597e-15
5441.082173289364,5.661038e-15
5443.378042783425,5.2488167e-15
5445.673912277487,4.6036935e-15
5447.969781771548,4.1921096e-15
5450.265651265609,4.177457e-15
5452.561520759671,4.0935277e-15
5454.857390253733,4.185551e-15
5457.153259747794,4.0900396e-15
5459.449129241856,4.253013e-15
5461.744998735918,4.42689e-15
5464.040868229979,4.351971e-15
5466.336737724041,4.4106403e-15
5468.632607218103,4.442361e-15
5470.928476712164,4.5741266e-15
5473.224346206226,4.833528e-15
5475.520215700288,4.7757077e-15
5477.8160851943485,4.7387025e-15
5480.11195468841,4.5388256e-15
5482.407824182472,4.461322e-15
5484.7036936765335,4.6747215e-15
5486.999563170595,5.0821473e-15
5489.295432664657,4.800661e-15
5491.5913021587185,4.78134e-15
5493.88717165278,4.9043635e-15
5496.183041146842,4.4790734e-15
5498.478910640903,4.226093e-15
5500.774780134965,4.2796073e-15
5503.070649629027,4.585248e-15
5505.366519123088,4.4481224e-15
5507.66238861715,4.67105e-15
5509.958258111212,4.6298927e-15
5512.2541276052725,4.303328e-15
5514.549997099334,4.7319297e-15
5516.845866593396,4.9781164e-15
5519.1417360874575,5.046863e-15
5521.437605581519,5.036176e-15
5523.733475075581,5.12531e-15
5526.0293445696425,5.13974e-15
5528.325214063704,5.020987e-15
5530.621083557766,5.0363923e-15
5532.9169530518275,5.2927608e-15
5535.212822545889,5.227012e-15
5537.508692039951,5.145841e-15
5539.8045615340125,5.0936347e-15
5542.100431028074,5.234524e-15
5544.396300522136,5.2811657e-15
5546.6921700161965,5.3334937e-15
5548.988039510258,5.1506147e-15
5551.28390900432,5.4138314e-15
5553.5797784983815,5.3826043e-15
5555.875647992443,5.3850666e-15
5558.171517486505,5.2639472e-15
5560.4673869805665,5.2571617e-15
5562.763256474628,5.2138774e-15
5565.05912596869,5.1723614e-15
5567.3549954627515,5.2802696e-15
5569.650864956813,5.2154178e-15
5571.946734450875,5.175102e-15
5574.2426039449365,4.9543783e-15
5576.538473438997,5.3846295e-15
5578.834342933059,5.3142784e-15
5581.130212427121,5.2763393e-15
5583.426081921182,5.0757225e-15
5585.721951415244,4.945875e-15
5588.017820909306,4.649316e-15
5590.313690403367,4.686549e-15
5592.609559897429,4.6270056e-15
5594.9054293914905,4.3776857e-15
5597.201298885552,4.3132713e-15
5599.497168379614,4.4255557e-15
5601.7930378736755,4.7334535e-15
5604.088907367737,4.7718562e-15
5606.384776861799,4.938437e-15
5608.6806463558605,5.146647e-15
5610.976515849921,5.1679555e-15
5613.272385343983,5.165444e-15
5615.568254838045,4.828484e-15
5617.864124332106,4.701413e-15
5620.159993826168,5.196083e-15
5622.45586332023,5.188167e-15
5624.751732814291,4.9347877e-15
5627.047602308353,4.832263e-15
5629.343471802415,4.917538e-15
5631.639341296476,4.944411e-15
5633.935210790538,5.1857424e-15
5636.2310802846,5.0285623e-15
5638.526949778661,4.9967473e-15
5640.822819272723,5.1823212e-15
5643.1186887667845,5.3647497e-15
5645.414558260845,5.3771506e-15
5647.710427754907,5.115677e-15
5650.006297248969,5.3978924e-15
5652.30216674303,5.5887196e-15
5654.598036237092,5.1958576e-15
5656.893905731154,5.383201e-15
5659.189775225215,5.2266803e-15
5661.485644719277,4.9714227e-15
5663.781514213339,5.1139093e-15
5666.0773837074,5.287882e-15
5668.373253201462,5.168246e-15
5670.669122695524,5.3186914e-15
5672.964992189585,5.4008595e-15
5675.260861683647,5.4454787e-15
5677.556731177709,5.3664353e-15
5679.852600671769,5.382737e-15
5682.148470165831,5.785087e-15
5684.444339659893,5.3468713e-15
5686.740209153954,5.4856094e-15
5689.036078648016,5.5262907e-15
5691.331948142078,5.5172245e-15
5693.627817636139,5.6066826e-15
5695.923687130201,5.364064e-15
5698.219556624263,5.380075e-15
5700.515426118324,5.219752e-15
5702.811295612386,5.2745186e-15
5705.107165106448,5.7177388e-15
5707.403034600509,5.495372e-15
5709.69890409457,5.7519437e-15
5711.994773588632,5.7598037e-15
5714.290643082693,5.7571783e-15
5716.586512576755,6.0128705e-15
5718.882382070817,5.7618116e-15
5721.178251564878,5.9146803e-15
5723.47412105894,5.8192616e-15
5725.769990553002,5.710454e-15
5728.065860047063,5.691683e-15
5730.361729541125,5.8277925e-15
5732.657599035187,5.97389e-15
5734.953468529248,6.017853e-15
5737.24933802331,5.686137e-15
5739.545207517372,5.7661294e-15
5741.841077011433,6.0525705e-15
5744.136946505494,6.180585e-15
5746.432815999556,6.1912535e-15
5748.728685493617,6.3061086e-15
5751.024554987679,5.9909857e-15
5753.320424481741,6.2491817e-15
5755.616293975802,5.9568304e-15
5757.912163469864,5.7747102e-15
5760.208032963926,5.7889743e-15
5762.503902457987,5.64662e-15
5764.799771952049,5.7087543e-15
5767.095641446111,5.7581452e-15
5769.391510940172,5.8217066e-15
5771.687380434234,6.0116846e-15
5773.983249928295,5.8606332e-15
5776.279119422357,6.7333343e-15
5778.574988916418,7.908423e-15
5780.87085841048,6.0733766e-15
5783.166727904541,5.8670385e-15
5785.462597398603,5.7741245e-15
5787.758466892665,5.7753904e-15
5790.054336386726,5.9198434e-15
5792.350205880788,5.991505e-15
5794.64607537485,6.1341753e-15
5796.941944868911,6.3346973e-15
5799.237814362973,6.3034727e-15
5801.533683857035,6.232091e-15
5803.829553351096,6.1516403e-15
5806.125422845158,5.954929e-15
5808.421292339219,6.0045975e-15
5810.717161833281,6.0618184e-15
5813.013031327342,5.841107e-15
5815.308900821404,5.7438325e-15
5817.604770315465,5.802669e-15
5819.900639809527,5.669772e-15
5822.196509303589,5.519859e-15
5824.49237879765,5.8657925e-15
5826.788248291712,5.859972e-15
5829.084117785774,5.56931e-15
5831.379987279835,5.6975764e-15
5833.675856773897,5.9227106e-15
5835.971726267959,5.9222333e-15
5838.26759576202,5.968561e-15
5840.563465256082,5.744415e-15
5842.859334750143,5.7258e-15
5845.1552042442045,5.6050216e-15
5847.451073738266,5.341677e-15
5849.746943232328,5.3719516e-15
5852.0428127263895,5.2499246e-15
5854.338682220451,5.1104585e-15
5856.634551714513,5.1334555e-15
5858.930421208574,5.0950065e-15
5861.226290702636,5.0705294e-15
5863.522160196698,4.97995e-15
5865.818029690759,4.9256177e-15
5868.113899184821,4.938808e-15
5870.409768678883,4.8765466e-15
5872.705638172944,4.7998985e-15
5875.001507667006,4.503912e-15
5877.297377161067,4.1812134e-15
5879.5932466551285,3.9707503e-15
5881.88911614919,3.648552e-15
5884.184985643252,3.2216968e-15
5886.4808551373135,2.6986167e-15
5888.776724631375,2.3403624e-15
5891.072594125437,2.4030316e-15
5893.3684636194985,2.519462e-15
5895.66433311356,2.7254634e-15
5897.960202607622,3.1701589e-15
5900.2560721016835,3.6163246e-15
5902.551941595745,4.0029117e-15
5904.847811089807,4.6112728e-15
5907.1436805838675,4.812686e-15
5909.43955007793,4.7538945e-15
5911.735419571991,4.672454e-15
5914.0312890660525,4.75744e-15
5916.327158560114,4.8168388e-15
5918.623028054176,4.899106e-15
5920.9188975482375,4.9275125e-15
5923.214767042299,4.8710637e-15
5925.510636536361,5.0232798e-15
5927.8065060304225,5.0073064e-15
5930.102375524484,5.075885e-15
5932.398245018546,5.0803135e-15
5934.6941145126075,5.359655e-15
5936.989984006669,5.4635184e-15
5939.285853500731,5.2385142e-15
5941.581722994792,5.4185693e-15
5943.877592488853,5.7239585e-15
5946.173461982915,5.423836e-15
5948.469331476977,5.2637774e-15
5950.765200971038,5.4925305e-15
5953.0610704651,5.0887482e-15
5955.3569399591615,5.1835846e-15
5957.652809453223,5.3756578e-15
5959.948678947285,5.3547454e-15
5962.2445484413465,5.438498e-15
5964.540417935408,5.3452052e-15
5966.83628742947,5.3803236e-15
5969.1321569235315,5.4692528e-15
5971.428026417593,5.430973e-15
5973.723895911655,5.3265133e-15
5976.019765405716,5.46086e-15
5978.315634899777,5.533466e-15
5980.611504393839,5.410227e-15
5982.907373887901,5.791513e-15
5985.203243381962,6.0061344e-15
5987.499112876024,5.9303415e-15
5989.794982370086,5.956181e-15
5992.090851864147,6.058595e-15
5994.386721358209,5.953452e-15
5996.682590852271,5.916118e-15
5998.978460346332,6.091953e-15
6001.274329840394,5.9299697e-15
6003.5701993344555,5.926018e-15
6005.866068828516,5.9136215e-15
6008.161938322579,6.080292e-15
6010.45780781664,6.2169893e-15
6012.753677310701,5.8079944e-15
6015.049546804763,5.949368e-15
6017.345416298825,6.1139207e-15
6019.641285792886,6.19509e-15
6021.937155286948,6.1231508e-15
6024.23302478101,6.3413685e-15
6026.528894275071,6.4967673e-15
6028.824763769133,6.6410458e-15
6031.120633263195,6.579799e-15
6033.416502757256,6.4135518e-15
6035.712372251318,6.298069e-15
6038.00824174538,6.171032e-15
6040.30411123944,6.2746058e-15
6042.599980733503,6.555456e-15
6044.895850227564,6.7266846e-15
6047.191719721625,6.661453e-15
6049.487589215687,6.6434014e-15
6051.783458709749,6.639123e-15
6054.07932820381,6.586861e-15
6056.375197697872,6.408202e-15
6058.671067191934,6.6654806e-15
6060.966936685995,6.5794995e-15
6063.262806180057,6.455254e-15
6065.558675674119,6.6423456e-15
6067.85454516818,6.7557637e-15
6070.150414662242,6.893282e-15
6072.446284156304,6.728402e-15
6074.742153650364,6.5554607e-15
6077.038023144426,6.3601404e-15
6079.333892638488,6.7651446e-15
6081.629762132549,6.5951912e-15
6083.925631626611,6.697316e-15
6086.221501120673,6.8697337e-15
6088.517370614734,6.7212937e-15
6090.813240108796,6.9162764e-15
6093.109109602858,6.8294805e-15
6095.404979096919,6.7284477e-15
6097.700848590981,6.4399585e-15
6099.996718085043,6.086328e-15
6102.292587579104,6.166327e-15
6104.588457073166,6.3086082e-15
6106.884326567228,6.6106445e-15
6109.180196061288,6.7860104e-15
6111.47606555535,6.748036e-15
6113.771935049412,6.7039265e-15
6116.067804543473,6.2877725e-15
6118.363674037535,5.6621734e-15
6120.659543531597,5.6182963e-15
6122.955413025658,6.0072847e-15
6125.25128251972,6.4322005e-15
6127.547152013782,6.61107e-15
6129.843021507843,6.7417012e-15
6132.138891001905,6.397586e-15
6134.434760495967,6.4693115e-15
6136.730629990028,6.5035084e-15
6139.026499484089,6.6333996e-15
6141.322368978152,6.8835047e-15
6143.618238472212,6.8897516e-15
6145.914107966274,6.447358e-15
6148.209977460336,6.1364865e-15
6150.505846954397,6.1938437e-15
6152.801716448459,6.08089e-15
6155.097585942521,5.8015413e-15
6157.393455436582,4.938403e-15
6159.689324930644,4.51535e-15
6161.985194424706,4.314053e-15
6164.281063918767,4.4772633e-15
6166.576933412829,4.6771906e-15
6168.872802906891,4.706338e-15
6171.168672400952,4.950633e-15
6173.464541895013,5.1684972e-15
6175.760411389075,5.1569297e-15
6178.056280883136,5.2381652e-15
6180.352150377198,5.1148614e-15
6182.64801987126,5.0825704e-15
6184.943889365321,5.049933e-15
6187.239758859383,4.748805e-15
6189.535628353445,4.651144e-15
6191.831497847506,4.6242917e-15
6194.127367341568,4.7472055e-15
6196.42323683563,4.843881e-15
6198.719106329691,4.9137406e-15
6201.014975823753,4.8593454e-15
6203.310845317814,4.8879802e-15
6205.606714811876,5.0579217e-15
6207.902584305937,4.81929e-15
6210.1984538,4.5335677e-15
6212.49432329406,4.490992e-15
6214.790192788122,4.1861956e-15
6217.086062282184,4.0129173e-15
6219.381931776245,4.2126027e-15
6221.677801270307,4.1653853e-15
6223.973670764369,3.954201e-15
6226.26954025843,3.9366767e-15
6228.565409752492,4.0325574e-15
6230.861279246554,4.1826906e-15
6233.157148740615,4.201761e-15
6235.453018234677,4.1607952e-15
6237.748887728738,4.0516203e-15
6240.0447572228,4.076238e-15
6242.340626716861,4.2072097e-15
6244.636496210923,4.196696e-15
6246.9323657049845,4.200131e-15
6249.228235199046,4.2001213e-15
6251.524104693108,4.28604e-15
6253.8199741871695,4.393697e-15
6256.115843681231,4.207944e-15
6258.411713175293,4.2319354e-15
6260.707582669354,4.580463e-15
6263.003452163416,4.627735e-15
6265.299321657478,4.504027e-15
6267.595191151539,4.441162e-15
6269.891060645601,4.717319e-15
6272.186930139662,4.5867118e-15
6274.482799633724,4.473288e-15
6276.778669127785,4.4567473e-15
6279.074538621847,4.3340592e-15
6281.3704081159085,4.45484e-15
6283.66627760997,4.7038234e-15
6285.962147104032,4.753651e-15
6288.2580165980935,4.755501e-15
6290.553886092155,4.776046e-15
6292.849755586217,4.652987e-15
6295.1456250802785,4.6832676e-15
6297.44149457434,4.7008296e-15
6299.737364068402,4.739389e-15
6302.033233562463,4.7975057e-15
6304.329103056525,4.9582306e-15
6306.624972550586,5.0794122e-15
6308.920842044648,5.357378e-15
6311.216711538709,5.3162346e-15
6313.512581032771,5.247236e-15
6315.8084505268325,5.404638e-15
6318.104320020894,5.3802525e-15
6320.400189514956,5.3809407e-15
6322.6960590090175,5.3607584e-15
6324.991928503079,5.3915447e-15
6327.287797997141,5.4554716e-15
6329.5836674912025,5.6188896e-15
6331.879536985264,5.5732405e-15
6334.175406479326,5.5423864e-15
6336.471275973387,5.7442984e-15
6338.767145467449,5.668964e-15
6341.06301496151,5.682065e-15
6343.358884455572,5.9435285e-15
6345.654753949633,6.0145815e-15
6347.950623443695,6.114792e-15
6350.246492937757,6.040972e-15
6352.542362431818,5.726268e-15
6354.83823192588,5.6777876e-15
6357.1341014199415,5.5406157e-15
6359.429970914003,5.5272254e-15
6361.725840408065,5.610866e-15
6364.0217099021265,5.5905636e-15
6366.317579396188,5.6387767e-15
6368.61344889025,5.9417515e-15
6370.909318384311,6.062869e-15
6373.205187878373,5.678435e-15
6375.501057372434,5.437907e-15
6377.796926866496,5.4191355e-15
6380.092796360557,5.3301738e-15
6382.388665854619,5.394109e-15
6384.684535348681,5.5719996e-15
6386.980404842742,5.5198435e-15
6389.276274336804,5.56875e-15
6391.572143830866,5.778899e-15
6393.868013324927,5.8351676e-15
6396.163882818989,6.0337833e-15
6398.459752313051,6.321002e-15
6400.755621807112,6.480258e-15
6403.051491301174,6.606167e-15
6405.347360795235,6.615187e-15
6407.643230289297,6.609717e-15
6409.939099783358,6.599953e-15
6412.23496927742,6.6116474e-15
6414.530838771481,6.6342937e-15
6416.826708265543,6.5841925e-15
6419.122577759605,6.6027912e-15
6421.418447253666,6.7278116e-15
6423.714316747728,6.9308945e-15
6426.01018624179,6.9295808e-15
6428.306055735851,6.864643e-15
6430.601925229913,6.9328003e-15
6432.897794723975,6.927674e-15
6435.193664218035,6.8496878e-15
6437.489533712098,6.7184663e-15
6439.785403206159,6.77019e-15
6442.081272700221,7.167574e-15
6444.377142194282,7.305053e-15
6446.673011688344,7.0612813e-15
6448.968881182405,6.929028e-15
6451.264750676467,7.146281e-15
6453.560620170529,7.363859e-15
6455.85648966459,7.354386e-15
6458.152359158652,7.099301e-15
6460.448228652714,6.893746e-15
6462.744098146775,7.0740236e-15
6465.039967640837,7.304826e-15
6467.335837134899,7.602044e-15
6469.631706628959,7.558547e-15
6471.927576123022,7.488641e-15
6474.223445617083,7.787073e-15
6476.519315111144,7.857365e-15
6478.815184605206,7.7549915e-15
6481.111054099268,7.476263e-15
6483.406923593329,7.397902e-15
6485.702793087391,7.5608516e-15
6487.998662581453,7.3090575e-15
6490.294532075514,6.8056997e-15
6492.590401569576,6.6930638e-15
6494.886271063638,6.7538956e-15
6497.182140557699,6.9398896e-15
6499.478010051761,7.4133924e-15
6501.773879545823,7.534892e-15
6504.069749039883,7.770395e-15
6506.365618533946,7.960846e-15
6508.661488028007,7.759091e-15
6510.957357522068,7.8449125e-15
6513.25322701613,8.034101e-15
6515.549096510192,8.0543795e-15
6517.844966004253,7.938251e-15
6520.140835498315,7.956579e-15
6522.436704992377,8.172713e-15
6524.732574486438,8.113053e-15
6527.0284439805,8.163117e-15
6529.324313474562,8.2125485e-15
6531.620182968623,8.0943925e-15
6533.916052462684,8.1320914e-15
6536.211921956747,8.326512e-15
6538.507791450807,8.31777e-15
6540.80366094487,8.090088e-15
6543.099530438931,7.831674e-15
6545.395399932992,7.801341e-15
6547.691269427054,7.811382e-15
6549.987138921116,7.5641304e-15
6552.283008415177,7.5046645e-15
6554.578877909239,7.8188154e-15
6556.874747403301,8.382065e-15
6559.170616897362,8.9548035e-15
6561.466486391424,8.73871e-15
6563.762355885486,8.366911e-15
6566.058225379547,7.97719e-15
6568.354094873608,7.432476e-15
6570.649964367671,7.503712e-15
6572.945833861731,7.515447e-15
6575.241703355793,7.5392895e-15
6577.537572849855,7.655528e-15
6579.833442343916,7.6025e-15
6582.129311837978,7.759731e-15
6584.42518133204,7.882272e-15
6586.721050826101,7.930545e-15
6589.016920320163,7.65611e-15
6591.312789814225,7.624864e-15
6593.608659308286,7.553095e-15
6595.904528802348,7.465755e-15
6598.20039829641,7.585268e-15
6600.496267790471,7.595513e-15
6602.792137284532,7.657273e-15
6605.088006778595,7.5546945e-15
6607.3838762726555,7.4525465e-15
6609.679745766717,7.515817e-15
6611.975615260779,7.44266e-15
6614.2714847548405,7.39777e-15
6616.567354248902,7.338926e-15
6618.863223742964,7.387101e-15
6621.159093237025,7.2707335e-15
6623.454962731087,7.0922645e-15
6625.750832225149,7.159206e-15
6628.04670171921,7.242523e-15
6630.342571213272,7.110045e-15
6632.638440707333,7.170242e-15
6634.934310201395,7.236642e-15
6637.230179695456,7.251879e-15
6639.526049189519,7.327269e-15
6641.8219186835795,7.187336e-15
6644.117788177641,7.0137708e-15
6646.413657671703,7.037308e-15
6648.7095271657645,6.8912915e-15
6651.005396659826,6.7273834e-15
6653.301266153888,6.716906e-15
6655.5971356479495,6.690649e-15
6657.893005142011,6.5658216e-15
6660.188874636073,6.5081874e-15
6662.4847441301345,6.737441e-15
6664.780613624196,6.9531596e-15
6667.076483118257,6.908387e-15
6669.372352612319,7.0058912e-15
6671.66822210638,6.969048e-15
6673.964091600443,6.826075e-15
6676.2599610945035,6.651278e-15
6678.555830588565,6.4935164e-15
6680.851700082627,6.271738e-15
6683.1475695766885,6.2239663e-15
6685.44343907075,6.2650665e-15
6687.739308564812,6.3756128e-15
6690.0351780588735,6.2352615e-15
6692.331047552935,6.218305e-15
6694.626917046997,6.36889e-15
6696.9227865410585,6.5254855e-15
6699.21865603512,6.3970313e-15
6701.514525529181,6.4329188e-15
6703.8103950232435,6.4716697e-15
6706.106264517304,6.4915923e-15
6708.402134011366,6.3265437e-15
6710.698003505428,6.4322725e-15
6712.993872999489,5.964999e-15
6715.289742493551,5.7072733e-15
6717.5856119876125,5.6260326e-15
6719.881481481674,5.8221407e-15
6722.177350975736,6.0394186e-15
6724.4732204697975,5.954925e-15
6726.769089963859,5.8359045e-15
6729.064959457921,5.996962e-15
6731.3608289519825,6.0395634e-15
6733.656698446044,5.9163824e-15
6735.952567940105,6.0685015e-15
6738.2484374341675,6.1658434e-15
6740.544306928228,6.1168243e-15
6742.84017642229,5.9317933e-15
6745.136045916352,5.895015e-15
6747.431915410413,5.829251e-15
6749.727784904475,5.890574e-15
6752.023654398537,5.849236e-15
6754.319523892598,5.9430106e-15
6756.61539338666,5.970087e-15
6758.911262880722,6.094522e-15
6761.207132374783,5.9018084e-15
6763.503001868845,5.950365e-15
6765.798871362906,6.0824453e-15
6768.094740856968,6.0526734e-15
6770.390610351029,6.0491417e-15
6772.6864798450915,5.982882e-15
6774.982349339152,6.0393326e-15
6777.278218833214,6.0899526e-15
6779.574088327276,5.848077e-15
6781.869957821337,5.616119e-15
6784.165827315399,5.3383815e-15
6786.461696809461,5.5975745e-15
6788.757566303522,5.5067835e-15
6791.053435797584,5.4742185e-15
6793.349305291646,5.6072395e-15
6795.645174785707,5.6371538e-15
6797.941044279769,5.6269517e-15
6800.23691377383,5.5901943e-15
6802.532783267892,5.652767e-15
6804.828652761953,5.590416e-15
6807.124522256015,5.5728356e-15
6809.420391750076,5.6379928e-15
6811.716261244138,5.488441e-15
6814.0121307382,5.651164e-15
6816.308000232261,5.561184e-15
6818.603869726323,5.685511e-15
6820.899739220385,5.7392314e-15
6823.195608714446,5.6592215e-15
6825.491478208508,5.602963e-15
6827.78734770257,5.7245405e-15
6830.083217196631,5.7547503e-15
6832.379086690693,5.7981493e-15
6834.674956184754,5.7300974e-15
6836.970825678816,5.800609e-15
6839.266695172877,5.8131227e-15
6841.562564666939,5.7588135e-15
6843.858434161,5.883791e-15
6846.154303655062,5.74802e-15
6848.450173149124,5.4269003e-15
6850.746042643185,5.527216e-15
6853.041912137247,5.6977624e-15
6855.337781631309,5.701014e-15
6857.63365112537,5.5600314e-15
6859.929520619432,5.73852e-15
6862.225390113494,5.482205e-15
6864.521259607554,5.056994e-15
6866.817129101617,4.655455e-15
6869.112998595678,4.374302e-15
6871.40886808974,4.5195433e-15
6873.704737583801,4.894178e-15
6876.000607077863,5.338915e-15
6878.296476571924,5.4919727e-15
6880.592346065986,5.7237265e-15
6882.888215560048,5.617015e-15
6885.184085054109,5.438452e-15
6887.479954548171,5.505947e-15
6889.775824042233,5.649174e-15
6892.071693536294,5.535462e-15
6894.367563030356,5.683171e-15
6896.663432524418,5.776024e-15
6898.959302018478,5.6742043e-15
6901.255171512541,5.7690067e-15
6903.551041006602,6.033434e-15
6905.846910500663,6.2876645e-15
6908.142779994725,6.207861e-15
6910.438649488787,6.169264e-15
6912.734518982848,6.1245124e-15
6915.03038847691,6.0580775e-15
6917.326257970972,6.064662e-15
6919.622127465033,6.216813e-15
6921.917996959095,6.339249e-15
6924.213866453157,6.742748e-15
6926.509735947218,6.991406e-15
6928.80560544128,6.868134e-15
6931.101474935342,6.837915e-15
6933.397344429402,7.0154754e-15
6935.693213923465,6.7845882e-15
6937.989083417526,6.8379814e-15
6940.284952911587,6.9346448e-15
6942.580822405649,7.0352257e-15
6944.876691899711,7.250156e-15
6947.172561393772,7.218281e-15
6949.468430887834,7.323167e-15
6951.764300381896,7.0020974e-15
6954.060169875957,7.001678e-15
6956.356039370019,7.130828e-15
6958.651908864081,7.12991e-15
6960.947778358142,7.273824e-15
6963.243647852204,7.3360075e-15
6965.539517346266,7.364106e-15
6967.8353868403265,7.365461e-15
6970.131256334389,7.232826e-15
6972.42712582845,7.134708e-15
6974.722995322511,7.197569e-15
6977.018864816573,7.028044e-15
6979.314734310635,7.308071e-15
6981.610603804696,7.531688e-15
6983.906473298758,7.659121e-15
6986.20234279282,7.530152e-15
6988.498212286881,7.399942e-15
6990.794081780943,7.490413e-15
6993.089951275005,7.456166e-15
6995.385820769066,7.470678e-15
6997.681690263127,7.72256e-15
6999.97755975719,7.683585e-15
7002.2734292512505,7.666258e-15
7004.569298745313,7.676284e-15
7006.865168239374,7.806997e-15
7009.1610377334355,7.927678e-15
7011.456907227497,8.033047e-15
7013.752776721559,8.057506e-15
7016.0486462156205,7.967485e-15
7018.344515709682,8.009441e-15
7020.640385203744,8.00893e-15
7022.936254697805,7.818767e-15
7025.232124191867,8.071599e-15
7027.527993685929,8.356977e-15
7029.82386317999,8.358204e-15
7032.119732674051,8.549664e-15
7034.415602168114,8.626599e-15
7036.7114716621745,8.636308e-15
7039.007341156236,8.7421635e-15
7041.303210650298,9.079497e-15
7043.5990801443595,9.3100585e-15
7045.894949638421,9.228465e-15
7048.190819132483,8.871962e-15
7050.4866886265445,8.264166e-15
7052.782558120606,7.652711e-15
7055.078427614668,7.353109e-15
7057.3742971087295,7.212003e-15
7059.670166602791,7.276342e-15
7061.966036096853,7.242651e-15
7064.2619055909145,7.3088635e-15
7066.557775084975,7.585903e-15
7068.853644579038,7.615894e-15
7071.1495140730985,7.579447e-15
7073.44538356716,7.5443175e-15
7075.741253061222,7.612377e-15
7078.0371225552835,7.516646e-15
7080.332992049345,7.455369e-15
7082.628861543407,7.250259e-15
7084.9247310374685,6.7273377e-15
7087.22060053153,6.4591412e-15
7089.516470025592,6.4957767e-15
7091.8123395196535,6.4690515e-15
7094.108209013715,6.523353e-15
7096.404078507776,6.711491e-15
7098.6999480018385,6.7003677e-15
7100.995817495899,6.9355735e-15
7103.291686989962,5.182415e-15
7105.587556484023,2.0472178e-14
7107.883425978084,2.2979101e-14
7110.179295472146,5.3123742e-15
7112.475164966208,7.268367e-15
7114.771034460269,7.265533e-15
7117.066903954331,7.327625e-15
7119.3627734483925,7.0191503e-15
7121.658642942454,6.5796825e-15
7123.954512436516,6.1976837e-15
7126.2503819305775,5.923878e-15
7128.546251424639,5.8682002e-15
7130.8421209187,5.8180876e-15
7133.1379904127625,5.8809485e-15
7135.433859906823,6.071616e-15
7137.729729400885,6.2250044e-15
7140.025598894947,6.340214e-15
7142.321468389008,6.282468e-15
7144.61733788307,6.1913907e-15
7146.913207377132,6.2334933e-15
7149.209076871193,6.4442635e-15
7151.504946365255,6.7714363e-15
7153.800815859317,6.9361097e-15
7156.096685353378,6.740774e-15
7158.39255484744,6.8538725e-15
7160.688424341502,6.9094616e-15
7162.984293835563,6.9918318e-15
7165.280163329624,7.0522955e-15
7167.576032823687,7.00354e-15
7169.871902317747,6.923884e-15
7172.167771811809,6.745558e-15
7174.463641305871,6.8639836e-15
7176.759510799932,6.9964443e-15
7179.055380293994,7.252262e-15
7181.351249788056,7.222081e-15
7183.647119282117,6.97843e-15
7185.942988776179,6.979345e-15
7188.238858270241,7.231666e-15
7190.534727764302,7.0971785e-15
7192.830597258364,7.157938e-15
7195.126466752426,7.01186e-15
7197.422336246487,6.6651337e-15
7199.718205740548,6.665273e-15
7202.014075234611,6.4799757e-15
7204.309944728671,6.5449702e-15
7206.605814222733,6.847565e-15
7208.901683716795,7.351183e-15
7211.197553210856,7.559875e-15
7213.493422704918,7.818293e-15
7215.78929219898,7.680726e-15
7218.085161693041,7.825368e-15
7220.381031187103,7.844555e-15
7222.676900681165,7.8285944e-15
7224.972770175225,7.701813e-15
7227.268639669288,7.636258e-15
7229.564509163349,7.61496e-15
7231.860378657411,7.488537e-15
7234.156248151472,7.475313e-15
7236.452117645535,7.595994e-15
7238.747987139595,7.5519535e-15
7241.043856633658,7.639277e-15
7243.339726127719,7.6530875e-15
7245.63559562178,8.009677e-15
7247.931465115842,7.765759e-15
7250.227334609904,7.939383e-15
7252.523204103965,8.016788e-15
7254.819073598027,8.0370205e-15
7257.114943092089,8.364456e-15
7259.410812586149,8.216552e-15
7261.706682080212,8.215098e-15
7264.002551574273,8.391598e-15
7266.298421068335,8.412604e-15
7268.594290562396,8.558069e-15
7270.890160056459,8.46488e-15
7273.186029550519,8.387044e-15
7275.481899044581,8.257113e-15
7277.777768538643,8.682374e-15
7280.073638032704,8.94335e-15
7282.369507526766,8.969001e-15
7284.665377020828,8.860602e-15
7286.961246514889,8.8840746e-15
7289.257116008951,8.626136e-15
7291.552985503013,8.869616e-15
7293.848854997073,8.8649545e-15
7296.144724491136,9.083709e-15
7298.440593985197,9.2641e-15
7300.736463479259,9.189227e-15
7303.03233297332,9.211116e-15
7305.328202467383,8.939894e-15
7307.624071961443,9.147833e-15
7309.919941455505,9.206735e-15
7312.215810949567,9.1747365e-15
7314.511680443628,9.256911e-15
7316.80754993769,9.4905044e-15
7319.103419431752,9.342803e-15
7321.399288925813,9.2923495e-15
7323.695158419875,9.27128e-15
7325.991027913937,9.27316e-15
7328.2868974079975,9.574235e-15
7330.58276690206,9.5771474e-15
7332.878636396121,9.4023715e-15
7335.174505890183,9.636331e-15
7337.470375384244,1.0007334e-14
7339.766244878307,9.463575e-15
7342.062114372367,9.513421e-15
7344.357983866429,9.63093e-15
7346.653853360491,9.6929555e-15
7348.949722854552,9.7670946e-15
7351.245592348614,9.4145484e-15
7353.541461842676,9.445776e-15
7355.837331336737,9.347005e-15
7358.133200830798,9.4572575e-15
7360.429070324861,9.621285e-15
7362.7249398189215,9.454253e-15
7365.020809312984,9.693433e-15
7367.316678807045,9.962319e-15
7369.612548301107,1.0130261e-14
7371.908417795168,1.01145805e-14
7374.20428728923,1.0186452e-14
7376.5001567832915,1.0213695e-14
7378.796026277353,1.0163081e-14
7381.091895771415,1.0205802e-14
7383.387765265476,1.005521e-14
7385.683634759538,1.0096351e-14
7387.9795042536,1.0036676e-14
7390.275373747661,1.0151019e-14
7392.571243241722,1.0320192e-14
7394.867112735785,1.0202836e-14
7397.1629822298455,1.0165439e-14
7399.458851723908,1.0192585e-14
7401.754721217969,1.0157604e-14
7404.050590712031,1.0510823e-14
7406.346460206092,1.0446844e-14
7408.642329700154,1.0344303e-14
7410.9381991942155,1.0455724e-14
7413.234068688277,1.0481902e-14
7415.529938182339,1.06877745e-14
7417.8258076764005,1.0538995e-14
7420.121677170462,1.041776e-14
7422.417546664524,1.0599497e-14
7424.7134161585855,1.0686185e-14
7427.009285652646,1.0709764e-14
7429.305155146709,1.0711693e-14
7431.6010246407695,1.0678405e-14
7433.896894134832,1.0602485e-14
7436.192763628893,1.0754287e-14
7438.488633122955,1.0868154e-14
7440.784502617016,1.0575521e-14
7443.080372111078,1.0548973e-14
7445.3762416051395,1.0601271e-14
7447.672111099201,1.0736658e-14
7449.967980593263,1.0818089e-14
7452.2638500873245,1.0787736e-14
7454.559719581386,1.0736341e-14
7456.855589075447,1.0543952e-14
7459.1514585695095,1.0749903e-14
7461.44732806357,1.0603691e-14
7463.743197557633,1.0542654e-14
7466.039067051694,1.0732892e-14
7468.334936545756,1.0971246e-14
7470.630806039817,1.09897544e-14
7472.926675533879,1.0973111e-14
7475.22254502794,1.0815075e-14
7477.518414522002,1.1028561e-14
7479.8142840160635,1.11650335e-14
7482.110153510125,1.1040175e-14
7484.406023004187,1.11697515e-14
7486.7018924982485,1.1017776e-14
7488.99776199231,1.08684805e-14
7491.293631486371,1.08969594e-14
7493.5895009804335,1.0909151e-14
7495.885370474494,1.1208556e-14
7498.181239968557,1.1400433e-14
7500.477109462618,1.1543798e-14
7502.77297895668,1.14447534e-14
7505.068848450741,1.1242719e-14
7507.364717944803,1.1255488e-14
7509.660587438864,1.1544077e-14
7511.956456932926,1.157321e-14
7514.252326426988,1.1474655e-14
7516.548195921049,1.1346342e-14
7518.844065415111,1.1443879e-14
7521.139934909173,1.1318856e-14
7523.435804403234,1.156566e-14
7525.731673897295,1.1259367e-14
7528.0275433913575,1.1365613e-14
7530.323412885418,1.1534032e-14
7532.619282379481,1.14908574e-14
7534.915151873542,1.1775009e-14
7537.211021367604,1.1785094e-14
7539.506890861665,1.1577556e-14
7541.802760355727,1.1519194e-14
7544.098629849788,1.1425407e-14
7546.39449934385,1.1726749e-14
7548.690368837912,1.1754332e-14
7550.986238331973,1.1664499e-14
7553.282107826035,1.1464527e-14
7555.577977320097,1.14414415e-14
7557.873846814158,1.1494621e-14
7560.169716308219,1.1662233e-14
7562.465585802282,1.15857006e-14
7564.761455296342,1.1381566e-14
7567.057324790405,1.1632945e-14
7569.353194284466,1.1665644e-14
7571.649063778528,1.1708581e-14
7573.944933272589,1.1573718e-14
7576.240802766651,1.14744385e-14
7578.536672260712,1.1695202e-14
7580.832541754774,1.1890046e-14
7583.128411248836,1.22017756e-14
7585.424280742897,1.2719837e-14
7587.720150236959,1.32702306e-14
7590.01601973102,1.3593587e-14
7592.311889225082,1.24496166e-14
7594.607758719143,1.05640035e-14
7596.903628213206,8.991185e-15
7599.199497707266,7.888065e-15
7601.495367201329,7.391137e-15
7603.79123669539,7.480268e-15
7606.087106189451,7.943234e-15
7608.382975683513,9.018699e-15
7610.678845177575,1.0773689e-14
7612.974714671636,1.2838211e-14
7615.270584165698,1.5515706e-14
7617.56645365976,1.6381981e-14
7619.862323153821,1.4666535e-14
7622.158192647883,1.2275005e-14
7624.454062141944,1.0597255e-14
7626.749931636006,9.846364e-15
7629.045801130067,9.722583e-15
7631.34167062413,9.513582e-15
7633.63754011819,9.5155436e-15
7635.933409612253,9.495342e-15
7638.229279106314,9.919409e-15
7640.525148600375,1.0043009e-14
7642.821018094437,1.01457395e-14
7645.116887588499,1.0152873e-14
7647.41275708256,1.0387242e-14
7649.708626576622,1.0568087e-14
7652.004496070684,1.0804698e-14
7654.300365564745,1.0956037e-14
7656.596235058807,1.0545369e-14
7658.892104552868,9.826359e-15
7661.18797404693,8.943646e-15
7663.483843540991,8.750861e-15
7665.779713035054,9.165843e-15
7668.075582529114,9.859338e-15
7670.371452023177,1.0009754e-14
7672.667321517238,9.902668e-15
7674.963191011299,9.863033e-15
7677.259060505361,9.7917974e-15
7679.554929999423,9.623512e-15
7681.850799493484,9.783738e-15
7684.146668987546,9.9436255e-15
7686.442538481608,1.0071003e-14
7688.738407975668,1.00837265e-14
7691.034277469731,9.83998e-15
7693.330146963792,9.4082745e-15
7695.626016457854,8.889322e-15
7697.921885951915,8.90534e-15
7700.217755445978,9.454577e-15
7702.513624940038,9.692559e-15
7704.8094944341,9.663244e-15
7707.105363928162,9.889377e-15
7709.401233422223,9.947616e-15
7711.697102916285,9.976014e-15
7713.992972410347,1.0141687e-14
7716.288841904408,1.0168865e-14
7718.58471139847,1.017007e-14
7720.880580892532,1.022077e-14
7723.1764503865925,1.0249184e-14
7725.472319880655,1.020068e-14
7727.768189374716,1.0186134e-14
7730.064058868778,1.0311173e-14
7732.359928362839,1.0324571e-14
7734.655797856902,1.03532126e-14
7736.951667350962,1.0687289e-14
7739.247536845024,1.0476955e-14
7741.543406339086,1.0281572e-14
7743.839275833147,9.895489e-15
7746.135145327209,9.631594e-15
7748.431014821271,9.575218e-15
7750.726884315332,9.673037e-15
7753.022753809394,1.0038574e-14
7755.318623303456,1.0092321e-14
7757.6144927975165,1.0069366e-14
7759.910362291579,9.9390075e-15
7762.20623178564,1.0098782e-14
7764.502101279702,9.997282e-15
7766.797970773763,9.856471e-15
7769.093840267826,1.0261249e-14
7771.3897097618865,1.0192403e-14
7773.685579255948,1.04023456e-14
7775.98144875001,1.0242071e-14
7778.2773182440715,1.00598385e-14
7780.573187738133,9.982047e-15
7782.869057232195,9.817953e-15
7785.164926726256,9.950968e-15
7787.460796220317,9.8460296e-15
7789.75666571438,9.864223e-15
7792.0525352084405,1.0041748e-14
7794.348404702503,1.01414145e-14
7796.644274196564,9.946263e-15
7798.940143690626,9.947017e-15
7801.236013184687,1.0143469e-14
7803.53188267875,1.0275876e-14
7805.8277521728105,1.02876725e-14
7808.123621666872,1.03170265e-14
7810.419491160934,1.0359298e-14
7812.7153606549955,1.0409251e-14
7815.011230149057,1.0478785e-14
7817.307099643119,1.04218155e-14
7819.6029691371805,1.0364947e-14
7821.898838631241,1.0197675e-14
7824.194708125304,1.0268546e-14
7826.490577619365,1.01645936e-14
7828.786447113427,9.923453e-15
7831.082316607488,9.803792e-15
7833.37818610155,9.7646644e-15
7835.674055595611,9.67923e-15
7837.969925089673,1.0059032e-14
7840.2657945837345,1.0169143e-14
7842.561664077796,1.01926075e-14
7844.857533571858,1.02536904e-14
7847.1534030659195,1.0247852e-14
7849.449272559981,9.95655e-15
7851.745142054043,9.862703e-15
7854.0410115481045,1.004343e-14
7856.336881042165,1.0180219e-14
7858.632750536228,1.0251041e-14
7860.928620030289,9.921213e-15
7863.224489524351,1.0140693e-14
7865.520359018412,1.0498365e-14
7867.8162285124745,1.0309584e-14
7870.112098006535,1.01493995e-14
7872.407967500597,1.0330805e-14
7874.703836994659,1.0278033e-14
7876.99970648872,1.0471818e-14
7879.295575982782,1.0427353e-14
7881.591445476844,1.0163314e-14
7883.887314970905,1.0358746e-14
7886.183184464967,1.0579952e-14
7888.4790539590285,1.0382003e-14
7890.774923453089,1.0429668e-14
7893.070792947152,1.0488638e-14
7895.366662441213,1.0329637e-14
7897.662531935275,1.0499256e-14
7899.958401429336,1.0499673e-14
7902.2542709233985,1.0304531e-14
7904.550140417459,1.0161457e-14
7906.846009911521,9.98183e-15
7909.141879405583,9.959165e-15
7911.437748899644,1.0196851e-14
7913.733618393706,1.0107823e-14
7916.029487887768,1.0092396e-14
7918.325357381829,1.0340552e-14
7920.62122687589,1.05088405e-14
7922.917096369953,1.0133662e-14
7925.212965864013,1.0291459e-14
7927.508835358076,1.0313288e-14
7929.804704852137,1.0285339e-14
7932.100574346199,1.0414629e-14
7934.39644384026,1.0294211e-14
7936.692313334322,1.040074e-14
7938.988182828383,1.0202367e-14
7941.284052322445,1.00929956e-14
7943.579921816507,1.0184233e-14
7945.875791310568,9.991685e-15
7948.17166080463,1.0056477e-14
7950.467530298692,1.0367076e-14
7952.763399792753,1.0465592e-14
7955.059269286814,1.0628233e-14
7957.355138780877,1.0522564e-14
7959.651008274937,1.029442e-14
7961.946877769,1.0166843e-14
7964.242747263061,1.0324683e-14
7966.538616757123,1.0317315e-14
7968.834486251184,1.0402714e-14
7971.130355745246,1.04968795e-14
7973.426225239307,1.0427079e-14
7975.722094733369,1.048108e-14
7978.017964227431,1.0395402e-14
7980.313833721492,1.0184751e-14
7982.609703215554,1.02660605e-14
7984.905572709616,1.0400247e-14
7987.201442203677,1.0305701e-14
7989.497311697738,1.0328172e-14
7991.793181191801,1.03887575e-14
7994.089050685861,1.0345753e-14
7996.384920179924,1.0313256e-14
7998.680789673985,1.025625e-14
8000.976659168047,1.0347373e-14
8003.272528662108,1.062578e-14
8005.56839815617,1.0619698e-14
8007.864267650231,1.0539137e-14
8010.160137144293,1.0681845e-14
8012.456006638355,9.0315794e-15
8014.751876132416,2.0385291e-14
8017.047745626478,2.564579e-14
8019.343615120539,9.235406e-15
8021.639484614601,1.0609366e-14
8023.935354108662,1.0580657e-14
8026.231223602725,1.0626457e-14
8028.527093096785,1.0778129e-14
8030.822962590848,1.0821728e-14
8033.118832084909,1.0655212e-14
8035.414701578971,1.061356e-14
8037.710571073032,1.0736412e-14
8040.006440567094,1.058713e-14
8042.302310061155,1.0611424e-14
8044.598179555217,1.07104606e-14
8046.894049049279,1.0676927e-14
8049.18991854334,1.1031268e-14
8051.485788037402,1.09650516e-14
8053.781657531463,1.0811716e-14
8056.077527025525,1.1037269e-14
8058.373396519586,1.1109677e-14
8060.669266013649,1.10662695e-14
8062.965135507709,1.1079024e-14
8065.261005001772,1.0792742e-14
8067.556874495833,1.0877934e-14
8069.852743989894,1.0941863e-14
8072.148613483956,1.11073506e-14
8074.444482978018,1.0989682e-14
8076.740352472079,1.1274742e-14
8079.036221966141,1.1361536e-14
8081.332091460203,1.12448e-14
8083.627960954264,1.1293731e-14
8085.923830448326,1.1106008e-14
8088.219699942387,1.1419832e-14
8090.515569436449,1.1546978e-14
8092.81143893051,1.14277865e-14
8095.107308424573,1.15818e-14
8097.403177918633,1.1566313e-14
8099.699047412696,1.1402955e-14
8101.994916906757,1.1446935e-14
8104.290786400818,1.151955e-14
8106.58665589488,1.13811895e-14
8108.882525388942,1.155413e-14
8111.178394883003,1.16324864e-14
8113.474264377065,1.148067e-14
8115.770133871127,1.1669517e-14
8118.066003365188,1.14544265e-14
8120.36187285925,1.167952e-14
8122.657742353311,1.18299976e-14
8124.953611847373,1.2100098e-14
8127.249481341434,1.2216548e-14
8129.545350835497,1.1893685e-14
8131.8412203295575,1.15299565e-14
8134.13708982362,1.1667198e-14
8136.432959317681,1.1799292e-14
8138.7288288117425,1.1919363e-14
8141.024698305804,1.1869725e-14
8143.320567799866,1.1850264e-14
8145.616437293927,1.18794296e-14
8147.912306787989,1.1808347e-14
8150.208176282051,1.1595882e-14
8152.5040457761115,1.1609528e-14
8154.799915270174,1.1799069e-14
8157.095784764235,1.1656512e-14
8159.391654258297,1.1310687e-14
8161.687523752358,1.1181661e-14
8163.983393246421,1.1421867e-14
8166.2792627404815,1.1719601e-14
8168.575132234543,1.1697774e-14
8170.871001728605,1.2034413e-14
8173.1668712226665,1.19670035e-14
8175.462740716728,1.1193015e-14
8177.75861021079,1.0361061e-14
8180.0544797048515,1.0404168e-14
8182.350349198913,1.0551062e-14
8184.646218692975,1.1042791e-14
8186.942088187036,1.1155952e-14
8189.237957681098,1.0592298e-14
8191.533827175159,1.026071e-14
8193.829696669221,9.944707e-15
8196.125566163282,1.0575544e-14
8198.421435657345,1.1488292e-14
8200.717305151406,1.2773932e-14
8203.013174645468,1.3084925e-14
8205.309044139529,1.315625e-14
8207.60491363359,1.3173931e-14
8209.900783127652,1.2805512e-14
8212.196652621715,1.29051475e-14
8214.492522115776,1.2830143e-14
8216.788391609836,1.2815374e-14
8219.084261103899,1.2785516e-14
8221.38013059796,1.2542515e-14
8223.676000092022,1.1844464e-14
8225.971869586083,1.1133737e-14
8228.267739080145,1.0718821e-14
8230.563608574206,1.112125e-14
8232.859478068269,1.2153182e-14
8235.15534756233,1.27034766e-14
8237.45121705639,1.2972174e-14
8239.747086550453,1.3064308e-14
8242.042956044515,1.31323234e-14
8244.338825538576,1.3203825e-14
8246.634695032637,1.3412105e-14
8248.9305645267,1.3333875e-14
8251.22643402076,1.29525254e-14
8253.522303514823,1.2510186e-14
8255.818173008884,1.25710286e-14
8258.114042502946,1.2907298e-14
8260.409911997007,1.3236196e-14
8262.70578149107,1.334237e-14
8265.00165098513,1.3515977e-14
8267.297520479193,1.330485e-14
8269.593389973254,1.286471e-14
8271.889259467316,1.2690785e-14
8274.185128961377,1.233317e-14
8276.480998455438,1.2252067e-14
8278.7768679495,1.2349091e-14
8281.072737443563,1.2377562e-14
8283.368606937624,1.2380472e-14
8285.664476431684,1.2391068e-14
8287.960345925747,1.2122005e-14
8290.256215419808,1.181222e-14
8292.55208491387,1.2039443e-14
8294.847954407931,1.2299958e-14
8297.143823901994,1.24120955e-14
8299.439693396054,1.2467368e-14
8301.735562890117,1.1959702e-14
8304.031432384178,1.1654105e-14
8306.327301878238,1.2209076e-14
8308.623171372301,1.2400547e-14
8310.919040866364,1.2180057e-14
8313.214910360424,1.21279135e-14
8315.510779854485,1.2219195e-14
8317.806649348548,1.2049546e-14
8320.102518842608,1.1641443e-14
8322.39838833667,1.1458579e-14
8324.694257830732,1.1533088e-14
8326.990127324794,1.1570485e-14
8329.285996818855,1.1466204e-14
8331.581866312918,1.1528289e-14
8333.877735806978,1.1783882e-14
8336.173605301039,1.17695524e-14
8338.469474795102,1.1893988e-14
8340.765344289164,1.23682845e-14
8343.061213783225,1.2331351e-14
8345.357083277286,1.1710407e-14
8347.652952771348,1.1476786e-14
8349.94882226541,1.1555547e-14
8352.244691759472,1.1739773e-14
8354.540561253532,1.2058276e-14
8356.836430747595,1.2262385e-14
8359.132300241656,1.1987474e-14
8361.428169735718,1.177085e-14
8363.724039229779,1.1624702e-14
8366.019908723842,1.1974994e-14
8368.315778217902,1.2077024e-14
8370.611647711965,1.2200368e-14
8372.907517206026,1.2001336e-14
8375.203386700086,1.19587305e-14
8377.499256194149,1.17186525e-14
8379.795125688212,1.12541354e-14
8382.090995182272,1.120173e-14
8384.386864676333,1.1157523e-14
8386.682734170396,1.1070925e-14
8388.978603664456,1.14855635e-14
8391.274473158519,1.196764e-14
8393.57034265258,1.2060296e-14
8395.866212146642,1.2259243e-14
8398.162081640703,1.2119424e-14
8400.457951134766,1.2263116e-14
8402.753820628826,1.2141952e-14
8405.049690122887,1.24161274e-14
8407.34555961695,1.2082511e-14
8409.641429111012,1.1948323e-14
8411.937298605073,1.22823335e-14
8414.233168099134,1.2511982e-14
8416.529037593196,1.2141752e-14
8418.824907087257,1.2207005e-14
8421.12077658132,1.2030017e-14
8423.41664607538,1.13459055e-14
8425.712515569443,1.1458273e-14
8428.008385063504,1.1429324e-14
8430.304254557566,1.1585691e-14
8432.600124051627,1.0747111e-14
8434.895993545688,1.0832572e-14
8437.19186303975,1.1459034e-14
8439.487732533813,1.1861282e-14
8441.783602027874,1.1892584e-14
8444.079471521934,1.1787236e-14
8446.375341015997,1.1843432e-14
8448.67121051006,1.1775284e-14
8450.96708000412,1.17915795e-14
8453.262949498181,1.2057885e-14
8455.558818992244,1.2130711e-14
8457.854688486304,1.2059287e-14
8460.150557980367,1.19757635e-14
8462.446427474428,1.1638131e-14
8464.74229696849,1.1140336e-14
8467.038166462551,1.0934643e-14
8469.334035956614,1.1600085e-14
8471.629905450674,1.1986779e-14
8473.925774944735,1.214495e-14
8476.221644438798,1.20703084e-14
8478.51751393286,1.1843244e-14
8480.813383426921,1.1679543e-14
8483.109252920982,1.193656e-14
8485.405122415044,1.18365875e-14
8487.700991909105,1.22114555e-14
8489.996861403168,1.2155111e-14
8492.292730897228,1.1628122e-14
8494.588600391291,1.1394723e-14
8496.884469885352,1.1269937e-14
8499.180339379414,1.13605575e-14
8501.476208873475,1.14464805e-14
8503.772078367536,1.1711474e-14
8506.067947861598,1.1859725e-14
8508.363817355661,1.1821065e-14
8510.659686849722,1.14139214e-14
8512.955556343783,1.1320057e-14
8515.251425837845,1.1428487e-14
8517.547295331906,1.1554718e-14
8519.843164825968,1.168127e-14
8522.13903432003,1.1948262e-14
8524.434903814092,1.1709809e-14
8526.730773308152,1.1966959e-14
8529.026642802215,1.2101471e-14
8531.322512296276,1.1862782e-14
8533.618381790337,1.1544552e-14
8535.9142512844,1.1071959e-14
8538.210120778462,1.0310069e-14
8540.505990272522,9.973415e-15
8542.801859766583,1.0342527e-14
8545.097729260646,1.0988837e-14
8547.393598754708,1.1618084e-14
8549.68946824877,1.2069126e-14
8551.98533774283,1.2367106e-14
8554.281207236892,1.2489067e-14
8556.577076730953,1.21603565e-14
8558.872946225016,1.2053906e-14
8561.168815719077,1.22188865e-14
8563.46468521314,1.2337728e-14
8565.7605547072,1.2180395e-14
8568.056424201262,1.2350757e-14
8570.352293695323,1.2629918e-14
8572.648163189384,1.259615e-14
8574.944032683446,1.227565e-14
8577.239902177509,1.2263636e-14
8579.53577167157,1.2287629e-14
8581.83164116563,1.2115298e-14
8584.127510659693,1.2219993e-14
8586.423380153754,1.2491563e-14
8588.719249647816,1.2527231e-14
8591.015119141877,1.2730387e-14
8593.31098863594,1.2690159e-14
8595.60685813,1.2100872e-14
8597.902727624063,1.2146845e-14
8600.198597118124,1.2293445e-14
8602.494466612185,1.23361286e-14
8604.790336106247,1.2570341e-14
8607.08620560031,1.2400029e-14
8609.38207509437,1.2676787e-14
8611.677944588431,1.2860439e-14
8613.973814082494,1.2673788e-14
8616.269683576555,1.254893e-14
8618.565553070617,1.195775e-14
8620.861422564678,1.18949e-14
8623.15729205874,1.2114704e-14
8625.453161552801,1.2339265e-14
8627.749031046864,1.2636805e-14
8630.044900540925,1.28337706e-14
8632.340770034985,1.2908612e-14
8634.636639529048,1.2832089e-14
8636.93250902311,1.2808175e-14
8639.228378517171,1.2283334e-14
8641.524248011232,1.2015057e-14
8643.820117505295,1.2326662e-14
8646.115986999357,1.2379557e-14
8648.411856493418,1.24153905e-14
8650.707725987479,1.2522806e-14
8653.003595481541,1.2226365e-14
8655.299464975602,1.1712111e-14
8657.595334469665,1.0781431e-14
8659.891203963725,1.0369412e-14
8662.187073457788,1.1184708e-14
8664.482942951849,1.2015802e-14
8666.778812445911,1.2317709e-14
8669.074681939972,1.2429844e-14
8671.370551434033,1.2222117e-14
8673.666420928095,1.2174507e-14
8675.962290422158,1.2430311e-14
8678.258159916219,1.2558323e-14
8680.55402941028,1.2077452e-14
8682.849898904342,1.15654895e-14
8685.145768398403,1.1326977e-14
8687.441637892465,1.15042744e-14
8689.737507386526,1.1960435e-14
8692.033376880589,1.2366766e-14
8694.32924637465,1.23214825e-14
8696.625115868712,1.2519873e-14
8698.920985362773,1.2634529e-14
8701.216854856833,1.25499756e-14
8703.512724350896,1.25952884e-14
8705.808593844959,1.220326e-14
8708.10446333902,1.1913777e-14
8710.40033283308,1.2378272e-14
8712.696202327143,1.2500667e-14
8714.992071821203,1.2624281e-14
8717.287941315266,1.2517306e-14
8719.583810809327,1.2581243e-14
8721.87968030339,1.2562242e-14
8724.17554979745,1.24870885e-14
8726.471419291513,1.2598963e-14
8728.767288785573,1.2587116e-14
8731.063158279636,1.2338653e-14
8733.359027773697,1.2149806e-14
8735.65489726776,1.23912975e-14
8737.95076676182,1.2861478e-14
8740.24663625588,1.3051731e-14
8742.542505749943,1.3134499e-14
8744.838375244006,1.3113732e-14
8747.134244738067,1.2671288e-14
8749.430114232127,1.2492981e-14
8751.72598372619,1.2562347e-14
8754.02185322025,1.242494e-14
8756.317722714313,1.2445971e-14
8758.613592208374,1.2354336e-14
8760.909461702437,1.2686365e-14
8763.205331196497,1.2891749e-14
8765.50120069056,1.2965735e-14
8767.79707018462,1.35066925e-14
8770.092939678681,1.2813268e-14
8772.388809172744,1.2446169e-14
8774.684678666807,1.2053048e-14
8776.980548160867,1.228436e-14
8779.276417654928,1.2384686e-14
8781.57228714899,1.2738459e-14
8783.868156643051,1.2855587e-14
8786.164026137114,1.3077511e-14
8788.459895631175,1.3239244e-14
8790.755765125237,1.3090183e-14
8793.051634619298,1.3558828e-14
8795.34750411336,1.3003844e-14
8797.643373607421,1.2784175e-14
8799.939243101482,1.2409529e-14
8802.235112595545,1.1789275e-14
8804.530982089607,1.15234275e-14
8806.826851583668,1.1763696e-14
8809.122721077729,1.2404779e-14
8811.418590571791,1.2871852e-14
8813.714460065854,1.3078039e-14
8816.010329559915,1.3308995e-14
8818.306199053975,1.272322e-14
8820.602068548038,1.2280353e-14
8822.897938042099,1.22288976e-14
8825.193807536161,1.1871061e-14
8827.489677030222,1.2243825e-14
8829.785546524285,1.26762775e-14
8832.081416018345,1.2557564e-14
8834.377285512408,1.2863649e-14
8836.673155006469,1.2966786e-14
8838.96902450053,1.3013581e-14
8841.264893994592,1.3026431e-14
8843.560763488655,1.3089574e-14
8845.856632982715,1.2968915e-14
8848.152502476776,1.28737895e-14
8850.448371970839,1.2977835e-14
8852.7442414649,1.2795186e-14
8855.040110958962,1.247575e-14
8857.335980453023,1.2685066e-14
8859.631849947085,1.258075e-14
8861.927719441146,1.2801923e-14
8864.223588935209,1.2803615e-14
8866.51945842927,1.2335729e-14
8868.81532792333,1.2350494e-14
8871.111197417393,1.24523576e-14
8873.407066911455,1.2453327e-14
8875.702936405516,1.2262185e-14
8877.998805899577,1.2364108e-14
8880.29467539364,1.2553231e-14
8882.5905448877,1.2669714e-14
8884.886414381763,1.3391619e-14
8887.182283875823,1.3330939e-14
8889.478153369886,1.2734692e-14
8891.774022863947,1.24826e-14
8894.06989235801,1.261685e-14
8896.36576185207,1.2105554e-14
8898.66163134613,1.2323377e-14
8900.957500840193,1.2338632e-14
8903.253370334256,1.22897865e-14
8905.549239828317,1.2356526e-14
8907.845109322378,1.3020831e-14
8910.14097881644,1.3336563e-14
8912.436848310503,1.3138993e-14
8914.732717804563,1.3023135e-14
8917.028587298624,1.2745416e-14
8919.324456792687,1.2706639e-14
8921.620326286748,1.2476293e-14
8923.91619578081,1.2870747e-14
8926.21206527487,1.2704642e-14
8928.507934768933,1.2641389e-14
8930.803804262994,1.3278954e-14
8933.099673757057,1.3534394e-14
8935.395543251117,1.3512955e-14
8937.691412745178,1.3725018e-14
8939.98728223924,1.3512548e-14
8942.283151733303,1.3091023e-14
8944.579021227364,1.27907904e-14
8946.874890721425,1.3009929e-14
8949.170760215487,1.2837712e-14
8951.466629709548,1.2731984e-14
8953.76249920361,1.305289e-14
8956.058368697672,1.3416806e-14
8958.354238191734,1.351497e-14
8960.650107685795,1.3039802e-14
8962.945977179857,1.2707645e-14
8965.241846673918,1.2716191e-14
8967.537716167979,1.2511059e-14
8969.833585662042,1.2180026e-14
8972.129455156104,1.25372625e-14
8974.425324650165,1.2988215e-14
8976.721194144226,1.3499312e-14
8979.017063638288,1.3714265e-14
8981.312933132349,1.3622154e-14
8983.608802626411,1.2633899e-14
8985.904672120472,1.1374307e-14
8988.200541614535,1.0657572e-14
8990.496411108596,1.1783057e-14
8992.792280602658,1.2935402e-14
8995.088150096719,1.3498122e-14
8997.38401959078,1.32705905e-14
8999.679889084842,1.2931451e-14
9001.975758578905,1.29591e-14
9004.271628072966,1.2666966e-14
9006.567497567026,1.236428e-14
9008.863367061089,1.2175253e-14
9011.159236555151,1.26139435e-14
9013.455106049212,1.24047425e-14
9015.750975543273,1.2645204e-14
9018.046845037336,1.3004846e-14
9020.342714531396,1.3020708e-14
9022.638584025459,1.2653049e-14
9024.93445351952,1.2190161e-14
9027.230323013582,1.2516069e-14
9029.526192507643,1.2786498e-14
9031.822062001705,1.31705365e-14
9034.117931495766,1.39151996e-14
9036.413800989827,1.4125038e-14
9038.70967048389,1.4211764e-14
9041.005539977952,1.4183523e-14
9043.301409472013,1.4501983e-14
9045.597278966074,1.4362435e-14
9047.893148460136,1.4005136e-14
9050.189017954197,1.3309509e-14
9052.48488744826,1.3021626e-14
9054.78075694232,1.3339375e-14
9057.076626436383,1.3512283e-14
9059.372495930444,1.3152806e-14
9061.668365424506,1.2928234e-14
9063.964234918567,1.2907945e-14
9066.260104412628,1.29508805e-14
9068.55597390669,1.26353235e-14
9070.851843400753,1.2422305e-14
9073.147712894814,1.22511635e-14
9075.443582388874,1.2387968e-14
9077.739451882937,1.16948975e-14
9080.035321376998,1.1951998e-14
9082.33119087106,1.20744055e-14
9084.627060365121,1.2407646e-14
9086.922929859184,1.2252811e-14
9089.218799353244,1.2777539e-14
9091.514668847307,1.343797e-14
9093.810538341368,1.2886633e-14
9096.106407835428,1.2291912e-14
9098.402277329491,1.24947465e-14
9100.698146823554,1.2448701e-14
9102.994016317614,1.2060267e-14
9105.289885811675,1.2293063e-14
9107.585755305738,1.2916546e-14
9109.8816247998,1.424501e-14
9112.177494293861,1.4044832e-14
9114.473363787922,1.3073034e-14
9116.769233281984,1.2513925e-14
9119.065102776045,1.2724538e-14
9121.360972270108,1.3507633e-14
9123.656841764168,1.3337516e-14
9125.952711258231,1.2700603e-14
9128.248580752292,1.2258068e-14
9130.544450246354,1.2022967e-14
9132.840319740415,1.2352927e-14
9135.136189234476,1.2649378e-14
9137.432058728538,1.3086706e-14
9139.7279282226,1.360112e-14
9142.023797716662,1.3667515e-14
9144.319667210722,1.3385953e-14
9146.615536704785,1.272172e-14
9148.911406198846,1.2110384e-14
9151.207275692908,1.1861707e-14
9153.503145186969,1.2097195e-14
9155.799014681032,1.26124654e-14
9158.094884175092,1.3685878e-14
9160.390753669155,1.3631066e-14
9162.686623163216,1.3516005e-14
9164.982492657276,1.3633102e-14
9167.278362151339,1.3366262e-14
9169.574231645402,1.2253806e-14
9171.870101139462,1.1401884e-14
9174.165970633523,1.2147573e-14
9176.461840127586,1.26530595e-14
9178.757709621646,1.3088653e-14
9181.053579115709,1.3442478e-14
9183.34944860977,1.3394146e-14
9185.645318103832,1.342884e-14
9187.941187597893,1.3535873e-14
9190.237057091956,1.2723615e-14
9192.532926586016,1.2482042e-14
9194.828796080077,1.2667842e-14
9197.12466557414,1.3123836e-14
9199.420535068202,1.3969769e-14
9201.716404562263,1.38295484e-14
9204.012274056324,1.3511279e-14
9206.308143550386,1.34494695e-14
9208.604013044449,1.3730403e-14
9210.89988253851,1.3585445e-14
9213.19575203257,1.2977225e-14
9215.491621526633,1.2753048e-14
9217.787491020694,1.25053784e-14
9220.083360514756,1.26716925e-14
9222.379230008817,1.3315341e-14
9224.67509950288,1.3417644e-14
9226.97096899694,1.3440798e-14
9229.266838491003,1.3181526e-14
9231.562707985064,1.3133795e-14
9233.858577479125,1.29370705e-14
9236.154446973187,1.2836224e-14
9238.45031646725,1.31304456e-14
9240.74618596131,1.2863734e-14
9243.042055455371,1.2990273e-14
9245.337924949434,1.3521405e-14
9247.633794443494,1.3790346e-14
9249.929663937557,1.3809813e-14
9252.225533431618,1.3485836e-14
9254.52140292568,1.3328889e-14
9256.817272419741,1.3488111e-14
9259.113141913804,1.27636684e-14
9261.409011407864,1.3529357e-14
9263.704880901925,1.4269681e-14
9266.000750395988,1.4712334e-14
9268.29661989005,1.5160035e-14
9270.592489384111,1.4753268e-14
9272.888358878172,1.456994e-14
9275.184228372234,1.4154764e-14
9277.480097866297,1.4224714e-14
9279.775967360358,1.3905181e-14
9282.071836854419,1.38306614e-14
9284.367706348481,1.3040775e-14
9286.663575842542,1.3473821e-14
9288.959445336604,1.4017292e-14
9291.255314830665,1.37300864e-14
9293.551184324726,1.36368866e-14
9295.847053818788,1.36243615e-14
9298.142923312851,1.3968891e-14
9300.438792806912,1.39442824e-14
9302.734662300973,1.3825639e-14
9305.030531795035,1.39507e-14
9307.326401289098,1.29900736e-14
9309.622270783158,1.3623358e-14
9311.91814027722,1.2246423e-14
9314.214009771282,1.1320449e-14
9316.509879265344,1.1766311e-14
9318.805748759405,1.28979486e-14
9321.101618253466,1.2432461e-14
9323.397487747527,1.2022918e-14
9325.69335724159,1.25215695e-14
9327.989226735652,1.3503666e-14
9330.285096229713,1.2376054e-14
9332.580965723773,1.0673695e-14
9334.876835217836,1.0142922e-14
9337.172704711898,1.0732868e-14
9339.46857420596,9.260957e-15
9341.76444370002,8.289815e-15
9344.060313194082,9.896092e-15
9346.356182688145,1.3521133e-14
9348.652052182206,1.4540518e-14
9350.947921676267,1.2622219e-14
9353.243791170327,1.0636357e-14
9355.53966066439,1.0250148e-14
9357.835530158452,1.1460277e-14
9360.131399652513,1.3194271e-14
9362.427269146574,1.3163592e-14
9364.723138640637,1.1543976e-14
9367.0190081347,1.0533287e-14
9369.31487762876,1.001026e-14
9371.61074712282,1.11539425e-14
9373.906616616883,1.1898853e-14
9376.202486110946,1.1293072e-14
9378.498355605007,9.075971e-15
9380.794225099067,1.0348451e-14
9383.09009459313,1.1707373e-14
9385.38596408719,1.2767907e-14
9387.681833581253,1.4800112e-14
9389.977703075314,1.6052231e-14
9392.273572569375,1.607374e-14
9394.569442063437,1.5497394e-14
9396.8653115575,1.4252424e-14
9399.16118105156,1.3380419e-14
9401.457050545621,1.3536382e-14
9403.752920039684,1.36451926e-14
9406.048789533746,1.27437166e-14
9408.344659027807,1.2015631e-14
9410.640528521868,1.2318661e-14
9412.93639801593,1.3406994e-14
9415.232267509993,1.3714455e-14
9417.528137004054,1.4354083e-14
9419.824006498115,1.4770137e-14
9422.119875992175,1.3177795e-14
9424.415745486238,1.0441729e-14
9426.7116149803,8.9274045e-15
9429.007484474361,1.064589e-14
9431.303353968422,1.293901e-14
9433.599223462485,1.1660138e-14
9435.895092956547,1.0567381e-14
9438.190962450608,8.316976e-15
9440.486831944669,7.856744e-15
9442.782701438731,9.862153e-15
9445.078570932794,1.2853582e-14
9447.374440426855,1.4087152e-14
9449.670309920915,1.4338311e-14
9451.966179414976,1.2614894e-14
9454.262048909039,1.1729639e-14
9456.557918403101,1.038095e-14
9458.853787897162,1.072077e-14
9461.149657391223,1.1116995e-14
9463.445526885285,1.2147904e-14
9465.741396379348,1.191071e-14
9468.037265873409,1.2319426e-14
9470.33313536747,1.3302061e-14
9472.629004861532,1.3446933e-14
9474.924874355595,1.27803414e-14
9477.220743849655,1.0874317e-14
9479.516613343716,1.0073775e-14
9481.812482837779,1.1021752e-14
9484.108352331841,1.2913027e-14
9486.404221825902,1.4338664e-14
9488.700091319963,1.4519226e-14
9490.995960814023,1.2263159e-14
9493.291830308086,1.0705778e-14
9495.587699802149,1.0050181e-14
9497.88356929621,9.46488e-15
9500.17943879027,1.0456688e-14
9502.475308284333,1.2340254e-14
9504.771177778395,1.3594353e-14
9507.067047272456,1.4339585e-14
9509.362916766517,1.4684317e-14
9511.65878626058,1.3611856e-14
9513.954655754642,1.2500924e-14
9516.250525248703,1.11459185e-14
9518.546394742763,1.1467147e-14
9520.842264236824,1.09945825e-14
9523.138133730887,1.1660815e-14
9525.43400322495,1.19182135e-14
9527.72987271901,1.2246795e-14
9530.02574221307,1.29797575e-14
9532.321611707133,1.299255e-14
9534.617481201196,1.380218e-14
9536.913350695257,1.34569446e-14
9539.209220189317,1.36129875e-14
9541.50508968338,1.21059745e-14
9543.800959177443,1.2058088e-14
9546.096828671503,1.3143467e-14
9548.392698165564,1.4083463e-14
9550.688567659625,1.25250914e-14
9552.984437153687,1.1569422e-14
9555.28030664775,1.1258843e-14
9557.57617614181,1.2110907e-14
9559.872045635871,1.2325895e-14
9562.167915129934,1.2690311e-14
9564.463784623997,1.2322051e-14
9566.759654118057,1.2696995e-14
9569.055523612118,1.2835075e-14
9571.35139310618,1.3550032e-14
9573.647262600243,1.4213552e-14
9575.943132094304,1.3386712e-14
9578.239001588365,1.1907348e-14
9580.534871082427,1.2173917e-14
9582.83074057649,1.2389823e-14
9585.12661007055,1.2385965e-14
9587.422479564611,1.1142657e-14
9589.718349058672,1.0854247e-14
9592.014218552735,1.1789879e-14
9594.310088046797,1.2122954e-14
9596.605957540858,1.1657408e-14
9598.901827034919,1.20237055e-14
9601.197696528981,1.22486055e-14
9603.493566023044,1.11793e-14
9605.789435517105,1.1510118e-14
9608.085305011165,1.3304468e-14
9610.381174505228,1.3678814e-14
9612.67704399929,1.3091832e-14
9614.972913493351,1.2503349e-14
9617.268782987412,1.2269831e-14
9619.564652481473,1.2326599e-14
9621.860521975535,1.1919942e-14
9624.156391469598,1.1517444e-14
9626.452260963659,1.2130696e-14
9628.74813045772,1.2844772e-14
9631.043999951782,1.25403406e-14
9633.339869445845,1.1391624e-14
9635.635738939905,1.0866092e-14
9637.931608433966,1.0805402e-14
9640.227477928029,1.1607913e-14
9642.523347422091,1.0618902e-14
9644.819216916152,1.0029206e-14
9647.115086410213,1.0939697e-14
9649.410955904275,1.18617655e-14
9651.706825398336,1.1658016e-14
9654.002694892399,1.1554949e-14
9656.29856438646,1.15885856e-14
9658.59443388052,1.1507633e-14
9660.890303374583,1.1086336e-14
9663.186172868645,1.1255168e-14
9665.482042362706,1.1072802e-14
9667.777911856767,1.108757e-14
9670.07378135083,1.0997608e-14
9672.369650844892,1.1372181e-14
9674.665520338953,1.149415e-14
9676.961389833014,1.1169597e-14
9679.257259327076,1.0714442e-14
9681.553128821139,1.0829961e-14
9683.8489983152,1.2101918e-14
9686.14486780926,1.2016387e-14
9688.440737303321,1.1662595e-14
9690.736606797384,1.1875957e-14
9693.032476291446,1.2122296e-14
9695.328345785507,1.201175e-14
9697.624215279568,1.11483715e-14
9699.92008477363,1.1018086e-14
9702.215954267693,1.0911326e-14
9704.511823761753,1.1365553e-14
9706.807693255814,1.1822004e-14
9709.103562749877,1.21467294e-14
9711.39943224394,1.25614164e-14
9713.695301738,1.1846307e-14
9715.99117123206,1.192538e-14
9718.287040726122,1.2187896e-14
9720.582910220184,1.1373102e-14
9722.878779714247,1.0905935e-14
9725.174649208308,1.1004767e-14
9727.470518702368,1.09465354e-14
9729.76638819643,1.1757024e-14
9732.062257690493,1.2066281e-14
9734.358127184554,1.1164884e-14
9736.653996678615,1.11166425e-14
9738.949866172678,1.0831723e-14
9741.24573566674,1.0711172e-14
9743.5416051608,1.09261855e-14
9745.837474654862,1.0658157e-14
9748.133344148924,1.09966594e-14
9750.429213642985,1.1315177e-14
9752.725083137047,1.1627781e-14
9755.020952631108,1.1865827e-14
9757.316822125169,1.2123765e-14
9759.612691619232,1.20387006e-14
9761.908561113294,1.14514424e-14
9764.204430607355,1.1121934e-14
9766.500300101416,1.1230133e-14
9768.796169595478,1.131722e-14
9771.09203908954,1.1417171e-14
9773.387908583602,1.1162976e-14
9775.683778077662,1.0750618e-14
9777.979647571725,1.085313e-14
9780.275517065787,1.0879834e-14
9782.571386559848,1.1322856e-14
9784.867256053909,1.1058419e-14
9787.16312554797,1.14369455e-14
9789.458995042032,1.14451185e-14
9791.754864536095,1.1444212e-14
9794.050734030156,1.07932004e-14
9796.346603524216,1.1427566e-14
9798.642473018279,1.0615397e-14
9800.938342512341,1.0369981e-14
9803.234212006402,1.0968041e-14
9805.530081500463,1.1629003e-14
9807.825950994526,1.2444454e-14
9810.121820488588,1.23973944e-14
9812.417689982649,1.1832989e-14
9814.71355947671,1.2087779e-14
9817.00942897077,1.16515565e-14
9819.305298464833,1.142635e-14
9821.601167958896,1.0568641e-14
9823.897037452956,1.0461926e-14
9826.192906947017,1.0238753e-14
9828.48877644108,1.0370894e-14
9830.784645935142,1.044596e-14
9833.080515429203,1.0989329e-14
9835.376384923264,1.1911831e-14
9837.672254417326,1.128641e-14
9839.968123911389,1.0681016e-14
9842.26399340545,1.14420455e-14
9844.55986289951,1.1621136e-14
9846.855732393573,1.075959e-14
9849.151601887634,1.0060354e-14
9851.447471381696,1.048842e-14
9853.743340875757,1.0536404e-14
9856.039210369818,1.0628816e-14
9858.33507986388,9.462684e-15
9860.630949357943,9.8712695e-15
9862.926818852004,9.392186e-15
