2531.88502995383,8.0983134e-15
2533.7047156513854,1.17167704e-14
2535.524401348941,-2.2512865e-16
2537.3440870464965,6.9444386e-15
2539.163772744052,1.6755921e-14
2540.9834584416076,2.3250063e-15
2542.803144139163,6.6831865e-15
2544.6228298367187,7.546222e-15
2546.442515534274,-4.239299e-15
2548.2622012318297,1.7130524e-16
2550.0818869293853,-1.0710149e-15
2551.901572626941,-1.907502e-15
2553.7212583244964,8.171933e-15
2555.540944022052,3.9434576e-15
2557.3606297196075,6.455985e-15
2559.180315417163,1.2354794e-14
2561.0000011147185,8.2709735e-15
2562.819686812274,5.7337054e-15
2564.6393725098296,-1.4489099e-15
2566.459058207385,2.0383822e-15
2568.2787439049407,9.185544e-15
2570.0984296024963,6.1422303e-16
2571.918115300052,6.5798506e-15
2573.7378009976073,5.6599152e-15
2575.557486695163,-1.0712687e-14
2577.3771723927184,-8.312724e-15
2579.196858090274,1.9530456e-15
2581.0165437878295,-2.1623233e-15
2582.836229485385,-6.9040855e-15
2584.6559151829406,3.2818239e-15
2586.475600880496,1.6317144e-15
2588.2952865780517,5.9522017e-15
2590.114972275607,4.2507412e-15
2591.9346579731628,-2.2399646e-18
2593.7543436707183,-4.7870143e-17
2595.574029368274,-1.1832198e-16
2597.3937150658294,7.0182147e-15
2599.213400763385,8.6756376e-15
2601.0330864609405,1.096161e-14
2602.852772158496,6.3677514e-15
2604.6724578560516,1.2658054e-15
2606.492143553607,-3.6685514e-15
2608.3118292511626,-4.186545e-15
2610.131514948718,-4.075239e-15
2611.9512006462737,-8.770086e-15
2613.7708863438293,-7.320234e-15
2615.590572041385,-7.3744975e-15
2617.4102577389403,1.6561245e-15
2619.229943436496,7.961577e-15
2621.0496291340514,7.577008e-15
2622.869314831607,4.9286492e-15
2624.6890005291625,8.047747e-17
2626.508686226718,4.9556494e-16
2628.3283719242736,2.595542e-15
2630.148057621829,-4.9315906e-15
2631.9677433193847,-7.127144e-15
2633.78742901694,2.016568e-15
2635.6071147144958,2.3737857e-15
2637.4268004120513,-4.9013477e-15
2639.246486109607,-5.0639683e-15
2641.0661718071624,-2.6124108e-15
2642.885857504718,4.5923712e-15
2644.7055432022735,1.4375749e-15
2646.525228899829,2.8164947e-15
2648.3449145973846,5.721484e-15
2650.16460029494,2.1049453e-15
2651.9842859924956,-2.3770597e-15
2653.803971690051,-1.9611316e-15
2655.6236573876067,2.3214682e-16
2657.4433430851623,5.887237e-16
2659.263028782718,3.4205486e-15
2661.0827144802734,1.1830257e-15
2662.902400177829,-3.361839e-17
2664.7220858753844,3.3819283e-15
2666.54177157294,1.1313011e-15
2668.3614572704955,4.977794e-15
2670.181142968051,6.9917466e-15
2672.0008286656066,2.3640025e-15
2673.820514363162,-1.3559734e-15
2675.6402000607177,-2.433994e-15
2677.4598857582732,4.4379606e-16
2679.279571455829,4.2089774e-15
2681.0992571533843,2.151293e-15
2682.91894285094,1.4656736e-15
2684.7386285484954,3.7417896e-15
2686.558314246051,-5.5328113e-16
2688.3779999436065,-3.2653965e-15
2690.197685641162,-1.4284971e-15
2692.0173713387176,2.6733086e-15
2693.837057036273,4.2425797e-15
2695.6567427338287,3.847538e-15
2697.476428431384,7.93867e-16
2699.2961141289397,1.6611847e-15
2701.1157998264953,4.66789e-15
2702.935485524051,4.5809545e-15
2704.7551712216064,5.158886e-15
2706.574856919162,4.8876677e-15
2708.3945426167174,3.003898e-17
2710.214228314273,-3.247562e-16
2712.0339140118285,-1.9970026e-16
2713.853599709384,3.1574278e-16
2715.6732854069396,8.50454e-16
2717.492971104495,2.1886309e-15
2719.3126568020507,1.2499426e-15
2721.1323424996062,7.7830623e-16
2722.952028197162,1.4243167e-15
2724.7717138947173,3.477332e-15
2726.591399592273,3.2699336e-15
2728.4110852898284,3.3483234e-15
2730.230770987384,1.9529295e-15
2732.0504566849395,1.5798153e-15
2733.870142382495,-9.729556e-16
2735.6898280800506,2.649499e-15
2737.509513777606,5.8408203e-15
2739.3291994751617,1.9596209e-15
2741.148885172717,3.0605551e-15
2742.9685708702727,2.526227e-15
2744.7882565678283,2.0137173e-15
2746.607942265384,2.563592e-15
2748.4276279629394,2.8430724e-16
2750.247313660495,5.7720986e-16
2752.0669993580505,-2.8182843e-16
2753.886685055606,1.03474306e-16
2755.7063707531615,9.369353e-16
2757.526056450717,-1.3493351e-17
2759.3457421482726,1.0003769e-15
2761.165427845828,4.7539775e-15
2762.9851135433837,1.3505875e-15
2764.8047992409392,4.765023e-16
2766.624484938495,3.284308e-15
2768.4441706360503,1.0212029e-15
2770.263856333606,8.063475e-16
2772.0835420311614,4.1933027e-15
2773.903227728717,3.978354e-15
2775.7229134262725,8.64012e-16
2777.542599123828,-4.4449234e-16
2779.3622848213836,1.444914e-15
2781.181970518939,1.2028893e-15
2783.0016562164947,-1.585827e-15
2784.82134191405,-7.587035e-18
2786.6410276116058,1.3170077e-15
2788.4607133091613,2.299386e-16
2790.280399006717,1.6283299e-15
2792.1000847042724,2.5876416e-15
2793.919770401828,2.306909e-15
2795.7394560993835,8.1551866e-16
2797.559141796939,-3.511995e-17
2799.3788274944945,2.4829134e-15
2801.19851319205,3.6662563e-15
2803.0181988896056,8.10563e-16
2804.837884587161,-1.9379398e-16
2806.6575702847167,2.3209355e-15
2808.4772559822723,2.3302166e-15
2810.296941679828,2.2851894e-15
2812.1166273773833,2.8023778e-15
2813.936313074939,1.8133286e-15
2815.7559987724944,2.801191e-15
2817.57568447005,3.1403675e-15
2819.3953701676055,2.776047e-15
2821.215055865161,3.9143463e-15
2823.0347415627166,3.0730434e-15
2824.854427260272,2.2571327e-15
2826.6741129578277,1.8299486e-15
2828.493798655383,-6.56107e-17
2830.3134843529388,1.4308825e-15
2832.133170050494,2.3014902e-15
2833.9528557480494,4.0769734e-16
2835.772541445605,8.4049454e-16
2837.5922271431605,2.150468e-15
2839.411912840716,3.5024444e-15
2841.2315985382716,2.1488224e-15
2843.051284235827,1.2278727e-15
2844.8709699333826,2.1618843e-15
2846.690655630938,1.2263645e-15
2848.5103413284937,9.916295e-16
2850.3300270260493,8.4628883e-16
2852.149712723605,4.5905268e-17
2853.9693984211603,1.0005259e-15
2855.789084118716,1.5535829e-15
2857.6087698162714,1.3682879e-15
2859.428455513827,1.5872253e-15
2861.2481412113825,1.0476478e-15
2863.067826908938,1.2575266e-15
2864.8875126064936,2.7131314e-15
2866.707198304049,3.980347e-15
2868.5268840016047,2.994219e-15
2870.34656969916,2.046285e-15
2872.1662553967158,2.436677e-15
2873.9859410942713,2.221846e-15
2875.805626791827,1.3405462e-15
2877.6253124893824,3.8848367e-16
2879.444998186938,1.3196239e-16
2881.2646838844935,9.451902e-16
2883.084369582049,2.0145342e-15
2884.9040552796046,1.6081023e-15
2886.72374097716,1.1918566e-15
2888.5434266747156,1.4558273e-15
2890.363112372271,1.7463288e-15
2892.1827980698267,1.0641966e-15
2894.0024837673823,6.3970485e-16
2895.822169464938,1.1152922e-15
2897.6418551624934,6.64189e-16
2899.461540860049,1.8893614e-15
2901.2812265576044,3.2639195e-15
2903.10091225516,1.754098e-15
2904.9205979527155,7.710344e-16
2906.740283650271,1.7600097e-15
2908.5599693478266,1.6709148e-15
2910.379655045382,8.503743e-16
2912.1993407429377,1.6782446e-15
2914.0190264404932,2.3160132e-15
2915.838712138049,1.3145844e-15
2917.6583978356043,1.233851e-15
2919.47808353316,2.048438e-15
2921.2977692307154,1.7937392e-15
2923.117454928271,1.0703936e-15
2924.9371406258265,1.5255379e-15
2926.756826323382,1.8326254e-15
2928.5765120209376,1.289299e-15
2930.396197718493,1.4378314e-15
2932.2158834160487,1.7657774e-15
2934.035569113604,1.1357876e-15
2935.8552548111597,9.095035e-16
2937.6749405087153,1.0133655e-15
2939.494626206271,1.1937914e-15
2941.3143119038264,1.0987655e-15
2943.133997601382,1.5192067e-15
2944.9536832989374,1.86946e-15
2946.773368996493,1.8547506e-15
2948.5930546940485,1.3790616e-15
2950.412740391604,1.6927981e-15
2952.2324260891596,2.3329632e-15
2954.052111786715,1.6884432e-15
2955.8717974842707,1.6923552e-15
2957.6914831818262,1.6985431e-15
2959.511168879382,1.1211148e-15
2961.3308545769373,2.2040363e-15
2963.150540274493,4.1498706e-15
2964.9702259720484,4.4944525e-15
2966.789911669604,3.272386e-15
2968.6095973671595,1.5343066e-15
2970.429283064715,1.006293e-15
2972.2489687622706,9.932002e-16
2974.068654459826,1.4602892e-15
2975.8883401573817,2.157127e-15
2977.708025854937,2.2667504e-15
2979.5277115524927,1.9002968e-15
2981.3473972500483,1.7765334e-15
2983.167082947604,2.2433562e-15
2984.9867686451594,2.1083254e-15
2986.806454342715,1.803205e-15
2988.6261400402705,1.8212862e-15
2990.445825737826,1.538161e-15
2992.2655114353815,1.5767108e-15
2994.085197132937,1.7167844e-15
2995.9048828304926,2.109459e-15
2997.724568528048,3.6971904e-15
2999.5442542256037,4.7983336e-15
3001.3639399231593,4.3386836e-15
3003.183625620715,3.3846928e-15
3005.0033113182703,2.7615561e-15
3006.822997015826,2.421766e-15
3008.6426827133814,2.3480986e-15
3010.462368410937,2.3464007e-15
3012.2820541084925,2.4234142e-15
3014.101739806048,2.7045694e-15
3015.9214255036036,2.728531e-15
3017.741111201159,2.1390237e-15
3019.5607968987147,2.4988848e-15
3021.38048259627,2.3172814e-15
3023.2001682938258,2.8008678e-15
3025.0198539913813,3.082723e-15
3026.839539688937,2.5405354e-15
3028.6592253864924,2.138278e-15
3030.478911084048,2.5182558e-15
3032.2985967816035,2.7471676e-15
3034.118282479159,3.1287351e-15
3035.9379681767145,2.9515272e-15
3037.75765387427,2.6503216e-15
3039.5773395718256,3.0675048e-15
3041.397025269381,2.7557673e-15
3043.2167109669367,2.9703391e-15
3045.0363966644923,3.3175532e-15
3046.856082362048,3.295727e-15
3048.6757680596033,3.3142815e-15
3050.495453757159,3.3456755e-15
3052.3151394547144,2.9865998e-15
3054.13482515227,3.1845872e-15
3055.9545108498255,3.032345e-15
3057.774196547381,2.867526e-15
3059.5938822449366,3.085532e-15
3061.413567942492,2.787075e-15
3063.2332536400477,2.2973456e-15
3065.052939337603,2.1888195e-15
3066.8726250351588,2.842147e-15
3068.6923107327143,3.4871584e-15
3070.51199643027,3.5315736e-15
3072.3316821278254,3.4653164e-15
3074.151367825381,3.4676904e-15
3075.9710535229365,2.976019e-15
3077.790739220492,2.8987454e-15
3079.6104249180476,3.3940614e-15
3081.430110615603,3.8066677e-15
3083.2497963131586,3.5213898e-15
3085.069482010714,3.3390094e-15
3086.8891677082697,3.2609902e-15
3088.7088534058253,3.7688413e-15
3090.528539103381,3.6006354e-15
3092.3482248009364,3.202221e-15
3094.167910498492,3.3622147e-15
3095.9875961960474,3.4857074e-15
3097.807281893603,3.327948e-15
3099.6269675911585,3.555751e-15
3101.446653288714,3.5601845e-15
3103.2663389862696,3.4246254e-15
3105.086024683825,3.0920925e-15
3106.9057103813807,3.3380662e-15
3108.7253960789362,3.1393273e-15
3110.5450817764918,3.0091417e-15
3112.3647674740473,3.9240165e-15
3114.184453171603,3.8662522e-15
3116.0041388691584,3.736437e-15
3117.823824566714,4.3161813e-15
3119.6435102642695,4.136923e-15
3121.463195961825,3.727746e-15
3123.2828816593806,3.637734e-15
3125.102567356936,3.487957e-15
3126.9222530544916,3.2063515e-15
3128.741938752047,4.1660193e-15
3130.5616244496027,5.194718e-15
3132.3813101471583,5.1486025e-15
3134.200995844714,4.468223e-15
3136.0206815422694,4.2006973e-15
3137.840367239825,3.8558985e-15
3139.6600529373804,3.6343926e-15
3141.479738634936,3.6004093e-15
3143.2994243324915,3.7336594e-15
3145.119110030047,3.7684826e-15
3146.9387957276026,3.606895e-15
3148.758481425158,4.0118487e-15
3150.5781671227137,4.239666e-15
3152.3978528202692,4.0342807e-15
3154.217538517825,4.103712e-15
3156.0372242153803,4.0713583e-15
3157.856909912936,4.5840487e-15
3159.6765956104914,4.8689982e-15
3161.496281308047,4.6191163e-15
3163.3159670056025,4.1571378e-15
3165.135652703158,4.060017e-15
3166.9553384007136,4.081079e-15
3168.775024098269,4.0024966e-15
3170.5947097958247,4.5877566e-15
3172.41439549338,4.3550385e-15
3174.2340811909357,4.3890626e-15
3176.0537668884913,4.4689064e-15
3177.873452586047,4.5856255e-15
3179.6931382836024,4.675082e-15
3181.512823981158,4.2173004e-15
3183.3325096787134,4.4988495e-15
3185.152195376269,5.1035946e-15
3186.9718810738245,5.405374e-15
3188.79156677138,5.3437047e-15
3190.6112524689356,4.813614e-15
3192.430938166491,5.3842403e-15
3194.2506238640467,5.714878e-15
3196.0703095616022,5.3187977e-15
3197.889995259158,5.1710095e-15
3199.7096809567133,4.8744705e-15
3201.529366654269,5.181534e-15
3203.3490523518244,5.067859e-15
3205.16873804938,4.919761e-15
3206.9884237469355,4.669101e-15
3208.808109444491,4.707111e-15
3210.6277951420466,5.1618522e-15
3212.447480839602,5.1385017e-15
3214.2671665371577,5.1628094e-15
3216.086852234713,5.346787e-15
3217.9065379322687,5.5537346e-15
3219.7262236298243,5.0890404e-15
3221.54590932738,4.737564e-15
3223.3655950249354,5.2078487e-15
3225.185280722491,5.41799e-15
3227.0049664200465,5.186244e-15
3228.824652117602,5.0148764e-15
3230.6443378151575,5.0119134e-15
3232.464023512713,4.5554575e-15
3234.2837092102686,4.3309824e-15
3236.103394907824,5.3151512e-15
3237.9230806053797,5.0048894e-15
3239.7427663029353,4.7691017e-15
3241.562452000491,4.6408342e-15
3243.3821376980463,4.7660786e-15
3245.201823395602,4.2791266e-15
3247.0215090931574,3.749847e-15
3248.841194790713,3.8223937e-15
3250.6608804882685,3.3506563e-15
3252.480566185824,2.6372447e-15
3254.3002518833796,2.3887689e-15
3256.119937580935,1.488803e-15
3257.9396232784907,1.6781221e-15
3259.759308976046,2.1707087e-15
3261.5789946736018,2.5652702e-15
3263.3986803711573,3.158301e-15
3265.2183660687124,2.9304716e-15
3267.038051766268,3.912703e-15
3268.8577374638235,4.9028105e-15
3270.677423161379,4.7655166e-15
3272.4971088589346,4.3392422e-15
3274.31679455649,4.2424374e-15
3276.1364802540456,4.6778568e-15
3277.956165951601,5.056543e-15
3279.7758516491567,4.54951e-15
3281.5955373467123,4.2119188e-15
3283.415223044268,3.746999e-15
3285.2349087418233,3.9421354e-15
3287.054594439379,4.668492e-15
3288.8742801369344,5.114221e-15
3290.69396583449,5.00624e-15
3292.5136515320455,5.2704076e-15
3294.333337229601,5.615139e-15
3296.1530229271566,5.745997e-15
3297.972708624712,5.930515e-15
3299.7923943222677,5.705453e-15
3301.612080019823,4.91107e-15
3303.4317657173788,4.45663e-15
3305.2514514149343,4.500485e-15
3307.07113711249,5.1018425e-15
3308.8908228100454,5.5360862e-15
3310.710508507601,5.693238e-15
3312.5301942051565,6.0092867e-15
3314.349879902712,6.1728644e-15
3316.1695656002676,6.1557755e-15
3317.989251297823,5.845668e-15
3319.8089369953786,4.9541687e-15
3321.628622692934,5.291835e-15
3323.4483083904897,5.737725e-15
3325.2679940880453,5.8556485e-15
3327.087679785601,6.2174078e-15
3328.9073654831564,5.984541e-15
3330.727051180712,5.326288e-15
3332.5467368782674,5.44014e-15
3334.366422575823,5.57687e-15
3336.1861082733785,5.471199e-15
3338.005793970934,5.4027073e-15
3339.8254796684896,6.443946e-15
3341.645165366045,7.378552e-15
3343.4648510636007,7.604639e-15
3345.2845367611562,7.3849465e-15
3347.104222458712,7.17761e-15
3348.9239081562673,7.433872e-15
3350.743593853823,7.5820104e-15
3352.5632795513784,8.208248e-15
3354.382965248934,7.731839e-15
3356.2026509464895,7.48405e-15
3358.022336644045,8.3268065e-15
3359.8420223416006,8.484005e-15
3361.661708039156,8.697977e-15
3363.4813937367117,9.0908285e-15
3365.301079434267,9.304583e-15
3367.1207651318227,9.225907e-15
3368.9404508293783,1.18421965e-14
3370.760136526934,1.4534874e-14
3372.5798222244894,1.3843971e-14
3374.399507922045,1.1416216e-14
3376.2191936196004,9.721415e-15
3378.038879317156,9.044417e-15
3379.8585650147115,9.411974e-15
3381.678250712267,9.136369e-15
3383.4979364098226,8.352389e-15
3385.317622107378,8.254248e-15
3387.1373078049337,9.229993e-15
3388.9569935024892,9.882338e-15
3390.776679200045,9.128005e-15
3392.5963648976003,8.880306e-15
3394.416050595156,9.738229e-15
3396.2357362927114,1.0640263e-14
3398.055421990267,1.02450126e-14
3399.8751076878225,1.0033268e-14
3401.694793385378,9.7198945e-15
3403.5144790829336,9.527545e-15
3405.334164780489,9.91611e-15
3407.1538504780447,9.8730745e-15
3408.9735361756,9.723848e-15
3410.7932218731557,9.273602e-15
3412.6129075707113,8.715307e-15
3414.432593268267,8.287928e-15
3416.2522789658224,9.119979e-15
3418.071964663378,1.0452661e-14
3419.8916503609335,1.0620311e-14
3421.711336058489,1.0939749e-14
3423.5310217560445,1.1211716e-14
3425.3507074536,1.1710759e-14
3427.1703931511556,1.13716486e-14
3428.990078848711,1.1446486e-14
3430.8097645462667,1.2133104e-14
3432.6294502438222,1.1582812e-14
3434.449135941378,1.0285813e-14
3436.2688216389333,9.013691e-15
3438.088507336489,9.164266e-15
3439.9081930340444,1.10561694e-14
3441.7278787316,1.247457e-14
3443.5475644291555,1.23969455e-14
3445.367250126711,1.2201904e-14
3447.1869358242666,1.2671994e-14
3449.006621521822,1.3124175e-14
3450.8263072193777,1.3488163e-14
3452.645992916933,1.32754e-14
3454.4656786144888,1.2057064e-14
3456.2853643120443,1.099915e-14
3458.1050500096,1.1595822e-14
3459.9247357071554,1.2832853e-14
3461.744421404711,1.3437742e-14
3463.5641071022665,1.27558656e-14
3465.383792799822,1.1219959e-14
3467.2034784973775,1.1855325e-14
3469.023164194933,1.36506974e-14
3470.8428498924886,1.4381486e-14
3472.662535590044,1.4097807e-14
3474.4822212875997,1.4180141e-14
3476.3019069851553,1.4841376e-14
3478.121592682711,1.5250884e-14
3479.9412783802663,1.5681877e-14
3481.760964077822,1.5070725e-14
3483.5806497753774,1.3211351e-14
3485.400335472933,1.074357e-14
3487.2200211704885,1.0352759e-14
3489.039706868044,1.2040519e-14
3490.8593925655996,1.3173791e-14
3492.679078263155,1.413464e-14
3494.4987639607107,1.5263009e-14
3496.318449658266,1.5684526e-14
3498.1381353558218,1.6454101e-14
3499.9578210533773,1.7447632e-14
3501.777506750933,1.8245286e-14
3503.5971924484884,1.8494305e-14
3505.416878146044,1.8400239e-14
3507.2365638435995,1.839625e-14
3509.056249541155,1.847344e-14
3510.8759352387106,1.7538744e-14
3512.695620936266,1.6858161e-14
3514.5153066338216,1.735929e-14
3516.334992331377,1.8216784e-14
3518.1546780289327,1.8663158e-14
3519.9743637264883,1.830317e-14
3521.794049424044,1.8424249e-14
3523.6137351215993,1.830288e-14
3525.433420819155,1.7737797e-14
3527.2531065167104,1.7889849e-14
3529.072792214266,1.904042e-14
3530.8924779118215,1.9842065e-14
3532.712163609377,1.9950262e-14
3534.5318493069326,1.966778e-14
3536.351535004488,1.9581455e-14
3538.1712207020437,2.030082e-14
3539.990906399599,2.0639857e-14
3541.8105920971548,1.9964002e-14
3543.6302777947103,1.9527855e-14
3545.449963492266,1.9892967e-14
3547.2696491898214,1.9569934e-14
3549.089334887377,1.9274487e-14
3550.9090205849325,1.9632398e-14
3552.728706282488,1.9860522e-14
3554.5483919800436,2.0086226e-14
3556.368077677599,1.8830823e-14
3558.1877633751546,1.7764981e-14
3560.00744907271,1.8225032e-14
3561.8271347702657,1.8148574e-14
3563.6468204678213,1.7291891e-14
3565.466506165377,1.6534185e-14
3567.2861918629324,1.7590325e-14
3569.105877560488,1.9773227e-14
3570.9255632580434,2.1472873e-14
3572.745248955599,2.2070063e-14
3574.5649346531545,2.1242958e-14
3576.38462035071,2.0131402e-14
3578.2043060482656,1.9806532e-14
3580.023991745821,2.0807298e-14
3581.8436774433767,2.1117089e-14
3583.6633631409322,2.0476911e-14
3585.483048838488,2.0896735e-14
3587.3027345360433,2.2881524e-14
3589.122420233599,2.4135594e-14
3590.9421059311544,2.4334152e-14
3592.76179162871,2.4729921e-14
3594.5814773262655,2.5185107e-14
3596.401163023821,2.6225394e-14
3598.2208487213766,2.6533786e-14
3600.040534418932,2.6304925e-14
3601.8602201164877,2.6090643e-14
3603.679905814043,2.7228038e-14
3605.4995915115987,2.7079101e-14
3607.3192772091543,2.4967972e-14
3609.13896290671,2.3875685e-14
3610.9586486042654,2.3414757e-14
3612.778334301821,2.4013262e-14
3614.5980199993764,2.4828868e-14
3616.417705696932,2.482097e-14
3618.2373913944875,2.4312234e-14
3620.057077092043,2.5293634e-14
3621.8767627895986,2.6058975e-14
3623.696448487154,2.5124168e-14
3625.5161341847097,2.584272e-14
3627.3358198822652,2.7632371e-14
3629.155505579821,2.7386508e-14
3630.9751912773763,2.6399716e-14
3632.794876974932,2.650646e-14
3634.6145626724874,2.6039307e-14
3636.434248370043,2.480422e-14
3638.2539340675985,2.5789734e-14
3640.073619765154,2.8525075e-14
3641.8933054627096,2.869404e-14
3643.712991160265,2.8244068e-14
3645.5326768578207,2.884871e-14
3647.352362555376,2.888373e-14
3649.1720482529317,2.9354638e-14
3650.9917339504873,3.0013217e-14
3652.811419648043,3.0115203e-14
3654.6311053455984,2.93573e-14
3656.450791043154,2.8014019e-14
3658.2704767407095,2.6835965e-14
3660.090162438265,2.7145078e-14
3661.9098481358205,2.790365e-14
3663.729533833376,2.8172668e-14
3665.5492195309316,2.7741757e-14
3667.368905228487,2.6967184e-14
3669.1885909260427,2.612248e-14
3671.0082766235982,2.5730023e-14
3672.827962321154,2.7128456e-14
3674.6476480187093,2.7761471e-14
3676.467333716265,2.6367209e-14
3678.2870194138204,2.626135e-14
3680.106705111376,2.7221757e-14
3681.9263908089315,2.6784076e-14
3683.746076506487,2.6293829e-14
3685.5657622040426,2.7547158e-14
3687.385447901598,2.891069e-14
3689.2051335991537,3.0558397e-14
3691.024819296709,3.2393152e-14
3692.8445049942648,3.210678e-14
3694.6641906918203,3.0332436e-14
3696.483876389376,2.8567067e-14
3698.3035620869314,2.730689e-14
3700.123247784487,2.7044166e-14
3701.9429334820425,2.7528481e-14
3703.762619179598,2.7447262e-14
3705.5823048771535,2.7969468e-14
3707.401990574709,2.9600884e-14
3709.2216762722646,2.9019156e-14
3711.04136196982,2.7172105e-14
3712.8610476673757,2.664362e-14
3714.6807333649313,2.7515947e-14
3716.500419062487,2.7760673e-14
3718.3201047600423,2.8450343e-14
3720.139790457598,2.9216694e-14
3721.9594761551534,2.8512467e-14
3723.779161852709,2.8676534e-14
3725.5988475502645,3.0198646e-14
3727.41853324782,3.121402e-14
3729.2382189453756,3.0796136e-14
3731.057904642931,3.0497777e-14
3732.8775903404867,3.1534e-14
3734.697276038042,3.1399593e-14
3736.5169617355978,2.985599e-14
3738.3366474331533,2.9642047e-14
3740.156333130709,3.075259e-14
3741.9760188282644,3.148889e-14
3743.79570452582,3.1100167e-14
3745.6153902233755,3.0814703e-14
3747.435075920931,3.042389e-14
3749.2547616184866,3.0235813e-14
3751.074447316042,3.116853e-14
3752.8941330135976,3.0974602e-14
3754.713818711153,3.091251e-14
3756.5335044087087,3.099954e-14
3758.3531901062643,3.020934e-14
3760.17287580382,3.0316183e-14
3761.9925615013753,3.139006e-14
3763.812247198931,3.0872867e-14
3765.6319328964864,3.0100278e-14
3767.451618594042,3.003003e-14
3769.2713042915975,3.0363167e-14
3771.090989989153,3.0256224e-14
3772.9106756867086,2.9940453e-14
3774.730361384264,3.118476e-14
3776.5500470818197,3.1836984e-14
3778.369732779375,3.2319853e-14
3780.1894184769308,3.2255272e-14
3782.0091041744863,3.1643467e-14
3783.828789872042,3.1541027e-14
3785.6484755695974,3.118095e-14
3787.468161267153,3.099104e-14
3789.2878469647085,2.9493152e-14
3791.107532662264,2.7271539e-14
3792.9272183598196,2.547677e-14
3794.746904057375,2.4441102e-14
3796.5665897549306,2.4007167e-14
3798.386275452486,2.4097542e-14
3800.2059611500417,2.3667844e-14
3802.0256468475973,2.3253736e-14
3803.845332545153,2.388328e-14
3805.6650182427084,2.4318834e-14
3807.484703940264,2.4003443e-14
3809.3043896378194,2.327792e-14
3811.124075335375,2.289878e-14
3812.9437610329305,2.2977803e-14
3814.763446730486,2.3824011e-14
3816.5831324280416,2.5067879e-14
3818.402818125597,2.5893592e-14
3820.2225038231527,2.708723e-14
3822.0421895207082,2.6944206e-14
3823.861875218264,2.7640022e-14
3825.6815609158193,2.8520548e-14
3827.501246613375,2.8192953e-14
3829.3209323109304,2.85882e-14
3831.140618008486,2.9550947e-14
3832.9603037060415,2.9868327e-14
3834.779989403597,2.953342e-14
3836.5996751011526,2.7870384e-14
3838.419360798708,2.7278706e-14
3840.2390464962637,2.745339e-14
3842.058732193819,2.6829374e-14
3843.8784178913747,2.7225216e-14
3845.6981035889303,2.7692407e-14
3847.517789286486,2.7772941e-14
3849.3374749840414,2.8291544e-14
3851.157160681597,2.7771507e-14
3852.9768463791524,2.7363447e-14
3854.796532076708,2.7557107e-14
3856.6162177742635,2.8199046e-14
3858.435903471819,2.8398286e-14
3860.2555891693746,2.7640108e-14
3862.07527486693,2.7347865e-14
3863.8949605644857,2.8342773e-14
3865.7146462620412,2.889793e-14
3867.534331959597,2.9577015e-14
3869.3540176571523,2.9458532e-14
3871.173703354708,2.950037e-14
3872.9933890522634,2.8803186e-14
3874.813074749819,2.8436485e-14
3876.6327604473745,2.917399e-14
3878.45244614493,2.980437e-14
3880.2721318424856,2.932308e-14
3882.091817540041,2.9131428e-14
3883.9115032375967,2.848689e-14
3885.731188935152,2.9388936e-14
3887.5508746327077,3.2024452e-14
3889.3705603302633,3.8846557e-14
3891.190246027819,4.7249907e-14
3893.0099317253744,4.7562293e-14
3894.82961742293,3.909091e-14
3896.6493031204855,3.265141e-14
3898.468988818041,3.084954e-14
3900.2886745155965,3.0171503e-14
3902.108360213152,3.0088e-14
3903.9280459107076,3.063503e-14
3905.747731608263,2.957564e-14
3907.5674173058187,2.9064306e-14
3909.3871030033742,3.0285226e-14
3911.20678870093,3.0405667e-14
3913.0264743984853,2.9650937e-14
3914.846160096041,3.0820713e-14
3916.6658457935964,3.1654956e-14
3918.485531491152,3.1361734e-14
3920.3052171887075,3.0687102e-14
3922.124902886263,3.100306e-14
3923.9445885838186,3.2143762e-14
3925.764274281374,3.328259e-14
3927.5839599789297,3.3640527e-14
3929.403645676485,3.339077e-14
3931.2233313740408,3.323056e-14
3933.0430170715963,3.2928826e-14
3934.862702769152,3.359892e-14
3936.6823884667074,3.4398774e-14
3938.502074164263,3.621904e-14
3940.3217598618185,3.693097e-14
3942.141445559374,3.724335e-14
3943.9611312569295,3.6088682e-14
3945.780816954485,3.517127e-14
3947.6005026520406,3.4223438e-14
3949.420188349596,3.2710258e-14
3951.2398740471517,3.259514e-14
3953.0595597447073,3.3801134e-14
3954.879245442263,3.5250462e-14
3956.6989311398183,3.7069096e-14
3958.518616837374,3.7491325e-14
3960.3383025349294,3.7428617e-14
3962.157988232485,3.6237638e-14
3963.9776739300405,3.5085304e-14
3965.797359627596,3.5162828e-14
3967.6170453251516,3.5551565e-14
3969.436731022707,3.5127662e-14
3971.2564167202627,3.5613575e-14
3973.076102417818,3.6590068e-14
3974.8957881153738,3.729746e-14
3976.7154738129293,3.8208958e-14
3978.535159510485,3.906161e-14
3980.3548452080404,4.0168342e-14
3982.174530905596,3.958993e-14
3983.9942166031515,3.5005185e-14
3985.813902300707,3.0133678e-14
3987.6335879982626,2.6437132e-14
3989.453273695818,2.5233642e-14
3991.2729593933736,2.6399483e-14
3993.092645090929,2.709305e-14
3994.9123307884847,2.720185e-14
3996.73201648604,2.790057e-14
3998.5517021835954,2.867442e-14
4000.371387881151,2.924572e-14
4002.1910735787064,3.0366863e-14
4004.010759276262,3.137064e-14
4005.8304449738175,3.1803133e-14
4007.650130671373,3.1316173e-14
4009.4698163689286,3.0086922e-14
4011.289502066484,2.8298588e-14
4013.1091877640397,2.7593567e-14
4014.9288734615952,2.9179357e-14
4016.748559159151,3.0030276e-14
4018.5682448567063,3.0418698e-14
4020.387930554262,2.964051e-14
4022.2076162518174,2.9007643e-14
4024.027301949373,2.913e-14
4025.8469876469285,3.0565438e-14
4027.666673344484,3.0525502e-14
4029.4863590420396,2.8095299e-14
4031.306044739595,2.6648581e-14
4033.1257304371507,2.7544856e-14
4034.945416134706,2.7910244e-14
4036.7651018322617,2.7057809e-14
4038.5847875298173,2.6675048e-14
4040.404473227373,2.6933315e-14
4042.2241589249284,2.6797593e-14
4044.043844622484,2.5592486e-14
4045.8635303200394,2.5467755e-14
4047.683216017595,2.7382534e-14
4049.5029017151505,2.8516733e-14
4051.322587412706,2.813062e-14
4053.1422731102616,2.6645852e-14
4054.961958807817,2.7046075e-14
4056.7816445053727,2.843584e-14
4058.6013302029282,2.8869343e-14
4060.421015900484,2.965511e-14
4062.2407015980393,2.995165e-14
4064.060387295595,2.8842034e-14
4065.8800729931504,2.787777e-14
4067.699758690706,2.763476e-14
4069.5194443882615,2.5940882e-14
4071.339130085817,2.4925627e-14
4073.1588157833726,2.6781213e-14
4074.978501480928,2.9421642e-14
4076.7981871784837,3.0399853e-14
4078.617872876039,2.959036e-14
4080.4375585735947,2.8443194e-14
4082.2572442711503,2.7779067e-14
4084.076929968706,2.7867e-14
4085.8966156662614,2.853856e-14
4087.716301363817,2.9055226e-14
4089.5359870613725,2.934761e-14
4091.355672758928,2.9380327e-14
4093.1753584564835,2.908606e-14
4094.995044154039,2.7508469e-14
4096.814729851594,2.6899086e-14
4098.63441554915,2.728449e-14
4100.454101246705,2.6722873e-14
4102.273786944261,2.7115461e-14
4104.093472641816,2.7705408e-14
4105.913158339372,2.7991593e-14
4107.732844036927,2.7688343e-14
4109.552529734483,2.7036895e-14
4111.3722154320385,2.6582694e-14
4113.191901129594,2.7160698e-14
4115.01158682715,2.7517068e-14
4116.831272524705,2.7802239e-14
4118.650958222261,2.7306313e-14
4120.470643919816,2.7857065e-14
4122.290329617372,2.8426233e-14
4124.110015314927,2.8116183e-14
4125.929701012483,2.8550516e-14
4127.749386710038,2.857181e-14
4129.569072407594,2.7276497e-14
4131.3887581051495,2.6112444e-14
4133.208443802705,2.6442509e-14
4135.028129500261,2.6312794e-14
4136.847815197816,2.6064152e-14
4138.667500895372,2.5602874e-14
4140.487186592927,2.5681422e-14
4142.306872290483,2.703785e-14
4144.126557988038,2.8509503e-14
4145.946243685594,2.9870153e-14
4147.765929383149,2.98323e-14
4149.585615080705,2.8985156e-14
4151.40530077826,2.7818104e-14
4153.224986475816,2.6730344e-14
4155.0446721733715,2.5797715e-14
4156.864357870927,2.489378e-14
4158.684043568483,2.4421795e-14
4160.503729266038,2.5578044e-14
4162.323414963594,2.6879762e-14
4164.143100661149,2.7918328e-14
4165.962786358705,2.9014175e-14
4167.78247205626,2.9191723e-14
4169.602157753816,2.8646834e-14
4171.421843451371,2.8137889e-14
4173.241529148927,2.739032e-14
4175.0612148464825,2.6655854e-14
4176.880900544038,2.6529168e-14
4178.700586241594,2.678537e-14
4180.520271939149,2.6102279e-14
4182.339957636705,2.4273018e-14
4184.15964333426,2.4448828e-14
4185.979329031816,2.6798737e-14
4187.799014729371,2.8649504e-14
4189.618700426927,3.0446823e-14
4191.438386124482,3.1769976e-14
4193.258071822038,3.2119262e-14
4195.077757519593,2.9430946e-14
4196.897443217149,2.485076e-14
4198.7171289147045,2.144295e-14
4200.53681461226,1.9519898e-14
4202.356500309816,1.7742613e-14
4204.176186007371,1.8791331e-14
4205.995871704927,2.0874338e-14
4207.815557402482,2.0952363e-14
4209.635243100038,2.012556e-14
4211.454928797593,1.9730376e-14
4213.274614495149,1.9411513e-14
4215.094300192704,2.2087072e-14
4216.91398589026,2.5933022e-14
4218.7336715878155,2.8165751e-14
4220.553357285371,2.8828587e-14
4222.373042982927,2.7040692e-14
4224.192728680482,2.6472092e-14
4226.012414378038,2.8399886e-14
4227.832100075593,2.9514084e-14
4229.651785773149,2.919993e-14
4231.471471470704,2.8047167e-14
4233.29115716826,2.6098107e-14
4235.110842865815,2.3014658e-14
4236.930528563371,2.0024569e-14
4238.750214260926,1.9229315e-14
4240.569899958482,2.2514307e-14
4242.3895856560375,2.7624179e-14
4244.209271353593,3.163343e-14
4246.028957051149,3.4369124e-14
4247.848642748704,3.6309914e-14
4249.66832844626,3.7394163e-14
4251.488014143815,3.7598414e-14
4253.307699841371,3.5846814e-14
4255.127385538926,3.489727e-14
4256.947071236482,3.361354e-14
4258.766756934037,3.4751194e-14
4260.586442631593,3.7826604e-14
4262.4061283291485,3.849242e-14
4264.225814026704,3.8946744e-14
4266.04549972426,3.9861333e-14
4267.865185421815,3.9312554e-14
4269.684871119371,3.8299164e-14
4271.504556816926,3.750134e-14
4273.324242514482,3.7127026e-14
4275.143928212037,3.772039e-14
4276.963613909593,3.5904714e-14
4278.783299607148,3.5036376e-14
4280.602985304704,3.4936846e-14
4282.422671002259,3.598014e-14
4284.242356699815,3.7185265e-14
4286.0620423973705,3.7912053e-14
4287.881728094926,3.8388878e-14
4289.701413792482,3.7751855e-14
4291.521099490037,3.6019605e-14
4293.340785187593,3.300848e-14
4295.160470885148,3.060348e-14
4296.980156582704,2.965172e-14
4298.799842280259,3.002661e-14
4300.619527977815,3.1597263e-14
4302.43921367537,3.375993e-14
4304.258899372926,3.614169e-14
4306.0785850704815,3.837981e-14
4307.898270768037,4.0495205e-14
4309.717956465593,4.106713e-14
4311.537642163148,4.0663948e-14
4313.357327860704,3.9371315e-14
4315.177013558259,4.0702583e-14
4316.996699255815,4.3442026e-14
4318.81638495337,4.4217627e-14
4320.636070650926,4.3071456e-14
4322.455756348481,4.3558503e-14
4324.275442046037,4.3131778e-14
4326.0951277435925,4.086326e-14
4327.914813441148,3.8074382e-14
4329.7344991387035,3.7830226e-14
4331.554184836259,4.0511404e-14
4333.373870533815,4.4079608e-14
4335.19355623137,4.4593893e-14
4337.013241928926,4.4735367e-14
4338.832927626481,4.502975e-14
4340.652613324037,4.60785e-14
4342.472299021592,4.5239708e-14
4344.291984719148,4.4911347e-14
4346.111670416703,4.6461902e-14
4347.931356114259,4.677497e-14
4349.7510418118145,4.619961e-14
4351.57072750937,4.545769e-14
4353.390413206926,4.508589e-14
4355.210098904481,4.437227e-14
4357.029784602037,4.1967643e-14
4358.849470299592,3.992952e-14
4360.669155997148,4.0950682e-14
4362.488841694703,4.3842202e-14
4364.308527392259,4.6053757e-14
4366.128213089814,4.6157183e-14
4367.94789878737,4.6186054e-14
4369.7675844849255,4.7084695e-14
4371.587270182481,4.7095042e-14
4373.406955880037,4.6560286e-14
4375.226641577592,4.6937172e-14
4377.046327275148,4.7829013e-14
4378.866012972703,4.7950478e-14
4380.685698670259,4.943688e-14
4382.505384367814,5.2404516e-14
4384.32507006537,5.2476822e-14
4386.144755762925,5.476995e-14
4387.964441460481,5.6239447e-14
4389.784127158036,5.5741243e-14
4391.603812855592,5.5565453e-14
4393.4234985531475,5.4883195e-14
4395.243184250703,5.699912e-14
4397.062869948259,5.792373e-14
4398.882555645814,5.5294585e-14
4400.70224134337,5.2015067e-14
4402.521927040925,5.1244114e-14
4404.341612738481,5.538616e-14
4406.161298436036,5.951526e-14
4407.980984133592,6.093655e-14
4409.800669831147,6.233736e-14
4411.620355528703,6.339357e-14
4413.4400412262585,6.2887365e-14
4415.259726923814,6.2951373e-14
4417.07941262137,6.424272e-14
4418.899098318925,6.397265e-14
4420.718784016481,6.4138765e-14
4422.538469714036,6.338949e-14
4424.358155411592,6.003974e-14
4426.177841109147,5.764298e-14
4427.997526806703,6.032382e-14
4429.817212504258,6.30198e-14
4431.636898201814,6.464325e-14
4433.456583899369,6.316772e-14
4435.276269596925,6.130038e-14
4437.0959552944805,5.926664e-14
4438.915640992036,6.028497e-14
4440.735326689592,6.248071e-14
4442.555012387147,6.494482e-14
4444.374698084703,6.9210235e-14
4446.194383782258,7.258355e-14
4448.014069479814,7.536767e-14
4449.833755177369,7.5574556e-14
4451.653440874925,7.489939e-14
4453.47312657248,7.479813e-14
4455.292812270036,7.4778664e-14
4457.1124979675915,7.4750664e-14
4458.932183665147,7.1775044e-14
4460.751869362703,6.7126385e-14
4462.571555060258,6.6170505e-14
4464.391240757814,6.7988414e-14
4466.210926455369,7.059341e-14
4468.030612152925,7.320393e-14
4469.85029785048,7.4911126e-14
4471.669983548036,7.877149e-14
4473.489669245591,8.055166e-14
4475.309354943147,7.827012e-14
4477.129040640702,7.188797e-14
4478.948726338258,6.5581546e-14
4480.7684120358135,6.248409e-14
4482.588097733369,6.158668e-14
4484.407783430925,6.1857786e-14
4486.22746912848,6.172972e-14
4488.047154826036,6.4427874e-14
4489.866840523591,6.798913e-14
4491.686526221147,6.748978e-14
4493.506211918702,6.692601e-14
4495.325897616258,6.952812e-14
4497.145583313813,7.2701644e-14
4498.965269011369,7.2752324e-14
4500.7849547089245,7.380805e-14
4502.60464040648,7.394039e-14
4504.424326104036,7.439588e-14
4506.244011801591,7.394385e-14
4508.063697499147,7.363237e-14
4509.883383196702,7.737109e-14
4511.703068894258,7.761302e-14
4513.522754591813,7.664996e-14
4515.342440289369,8.031395e-14
4517.162125986924,8.341466e-14
4518.98181168448,8.160486e-14
4520.801497382035,7.77741e-14
4522.621183079591,8.18608e-14
4524.4408687771465,8.292241e-14
4526.260554474702,8.083857e-14
4528.080240172258,7.6008895e-14
4529.899925869813,7.5302056e-14
4531.719611567369,7.6475616e-14
4533.539297264924,7.678908e-14
4535.35898296248,7.551705e-14
4537.178668660035,7.6058815e-14
4538.998354357591,7.789907e-14
4540.818040055146,7.6985354e-14
4542.637725752702,7.5375016e-14
4544.4574114502575,7.2362194e-14
4546.277097147813,7.301031e-14
4548.096782845369,7.841905e-14
4549.916468542924,8.234497e-14
4551.73615424048,8.491582e-14
4553.555839938035,8.481969e-14
4555.375525635591,8.527304e-14
4557.195211333146,8.2441934e-14
4559.014897030702,7.3108654e-14
4560.834582728257,7.558984e-14
4562.654268425813,7.9068174e-14
4564.4739541233685,7.7282005e-14
4566.293639820924,7.9441865e-14
4568.1133255184795,7.8383684e-14
4569.933011216035,7.742126e-14
4571.752696913591,8.042915e-14
4573.572382611146,7.898583e-14
4575.392068308702,7.918189e-14
4577.211754006257,8.472466e-14
4579.031439703813,8.389142e-14
4580.851125401368,7.947158e-14
4582.670811098924,7.7205013e-14
4584.490496796479,8.1167664e-14
4586.310182494035,7.660263e-14
4588.1298681915905,7.346106e-14
4589.949553889146,7.126718e-14
4591.769239586702,7.337377e-14
4593.588925284257,7.1884955e-14
4595.408610981813,7.4631016e-14
4597.228296679368,7.974974e-14
4599.047982376924,7.401546e-14
4600.867668074479,7.145601e-14
4602.687353772035,7.45219e-14
4604.50703946959,7.958529e-14
4606.326725167146,8.53931e-14
4608.1464108647015,8.142555e-14
4609.966096562257,8.6900295e-14
4611.785782259813,9.120166e-14
4613.605467957368,7.882296e-14
4615.425153654924,7.6245535e-14
4617.244839352479,7.9485795e-14
4619.064525050035,7.6790394e-14
4620.88421074759,8.329901e-14
4622.703896445146,7.938155e-14
4624.523582142701,7.908712e-14
4626.343267840257,7.551688e-14
4628.162953537812,6.4251955e-14
4629.982639235368,6.703032e-14
4631.8023249329235,7.541791e-14
4633.622010630479,7.941471e-14
4635.441696328035,7.462493e-14
4637.26138202559,7.854267e-14
4639.081067723146,8.677723e-14
4640.900753420701,8.3053695e-14
4642.720439118257,8.537499e-14
4644.540124815812,8.198111e-14
4646.359810513368,7.862126e-14
4648.179496210923,8.53261e-14
4649.999181908479,8.6802364e-14
4651.8188676060345,9.155509e-14
4653.63855330359,9.580229e-14
4655.458239001146,8.8659765e-14
4657.277924698701,8.640418e-14
4659.097610396257,8.469085e-14
4660.917296093812,8.2705225e-14
4662.736981791368,8.40818e-14
4664.556667488923,9.513457e-14
4666.376353186479,9.913553e-14
4668.196038884034,9.041389e-14
4670.01572458159,9.131411e-14
4671.835410279145,9.8066256e-14
4673.655095976701,9.5471963e-14
4675.4747816742565,9.094946e-14
4677.294467371812,9.451611e-14
4679.114153069368,8.585508e-14
4680.933838766923,9.101307e-14
4682.753524464479,9.64989e-14
4684.573210162034,8.521098e-14
4686.39289585959,8.517783e-14
4688.212581557145,8.513933e-14
4690.032267254701,8.904807e-14
4691.851952952256,8.755457e-14
4693.671638649812,8.624787e-14
4695.4913243473675,8.6852895e-14
4697.311010044923,8.7525886e-14
4699.130695742479,8.432967e-14
4700.950381440034,8.082908e-14
4702.77006713759,8.865506e-14
4704.589752835145,9.22821e-14
4706.409438532701,8.537275e-14
4708.229124230256,8.3591635e-14
4710.048809927812,9.0068544e-14
4711.868495625367,8.426572e-14
4713.688181322923,8.3007284e-14
4715.507867020478,9.0807793e-14
4717.327552718034,8.486548e-14
4719.1472384155895,8.057213e-14
4720.966924113145,9.4058936e-14
4722.786609810701,9.344374e-14
4724.606295508256,8.87949e-14
4726.425981205812,9.003422e-14
4728.245666903367,7.606816e-14
4730.065352600923,7.0932735e-14
4731.885038298478,7.888158e-14
