t0,t1,t_mean,t0_data,t1_data,cps_bgsub,cps_bgsub_err,flux_bgsub,flux_bgsub_err,mag_bgsub,mag_bgsub_err_1,mag_bgsub_err_2,cps_mcatbgsub,cps_mcatbgsub_err,flux_mcatbgsub,flux_mcatbgsub_err,mag_mcatbgsub,mag_mcatbgsub_err_1,mag_mcatbgsub_err_2,cps,cps_err,flux,flux_err,mag,mag_err_1,mag_err_2,counts,flat_counts,bg_counts,bg_flat_counts,exptime,bg,mcat_bg,responses,detxs,detys,detrad,racent,deccent,q_mean,flags
825402503.99,825402513.99,825402507.9964999,825402504.375,825402513.53,0.5737840283022216,0.4685357701221113,1.1819950983025766e-16,9.651836864515492e-17,20.6831288620652,0.6481313297777831,1.8413338450509507,0.4721002496835246,0.48039936413069806,9.725265143480607e-17,9.89622690109238e-17,20.89491442469951,0.7620764453629185,,1.278304497617679,0.3761990734588647,2.633307265092419e-16,7.749700913252613e-17,19.813414207612283,0.2800834798049152,0.37844255702787777,10.0,11.546043535807234,4.0,3.456687722506013,9.032310812740704,6.36344785279516,7.281887345893149,0.8662135111444027,497.55706787109375,477.7950134277344,124.77758454877448,214.94269040060004,52.99505216794999,13.0,0.0
825402513.99,825402523.99,825402519.9718751,825402515.455,825402523.915,1.340667561312355,0.5504101842454004,2.7617751763034515e-16,1.1338449795455248e-16,19.761697246620574,0.37347070619041745,0.5738813566859022,1.233240616630753,0.5611032624538572,2.540475670259351e-16,1.155872720654946e-16,19.85238045068419,0.40714464455205857,0.6589744691158117,2.0394448645649073,0.4750158536733466,4.201256421003709e-16,9.78532658567094e-17,19.306220077839374,0.22733221612344678,0.2878902697982575,16.0,18.43349683883202,4.0,3.4308537698673183,9.038487462501028,6.315889894528472,7.286866987167923,0.8682547450090593,497.1382141113281,479.8719482421875,125.75913786576666,214.9431089058125,52.99558441695,15.5625,0.0
825402523.99,825402533.99,825402529.3208333,825402526.26,825402533.78,1.0023658499042838,0.47716672053838616,2.0648736508028246e-16,9.829634443090754e-17,20.077434344886044,0.42274567029686594,0.7017556614175504,0.7244199965067214,0.5083557854713241,1.492305192803846e-16,1.0472129180709276e-16,20.430023925392923,0.5772341604657818,1.313518984296696,1.5306242444408757,0.4114230741838063,3.153085943548204e-16,8.47531532818641e-17,19.617828529777782,0.2584780483514564,0.33990108124670115,12.0,13.840758351940154,3.0,2.5948088049588516,9.042557898980666,4.776807118219704,7.290148590348754,0.8671310038708037,497.2984313964844,481.042236328125,126.62870457080433,214.94310754941668,52.99496235014999,15.833333015441895,0.0
825402533.99,825402543.99,825402538.6380001,825402534.315,825402543.73,0.5939851230204998,0.46649367000226616,1.2236093534222296e-16,9.609769602046683e-17,20.64556108060684,0.6293160508918056,1.6707362423983767,0.47462757576925807,0.4804339173844154,9.777328060846716e-17,9.896938698118956e-17,20.88911758240313,0.7591959204660021,,1.2808318237034122,0.3763697729039111,2.638513556829029e-16,7.753217321820568e-17,19.811269726052842,0.27970808365610367,0.3777544000596187,10.0,11.581231559929648,4.0,3.373572979965913,9.04196112682736,6.210441167664522,7.289667470103709,0.8637798485713954,498.29583740234375,482.08917236328125,128.0652328694892,214.9431526534,52.994480203989994,14.899999618530273,0.0
825402543.99,825402553.99,825402549.29375,825402545.28,825402553.81,-0.021905482543036474,0.4801919610548066,-4.5125294038655135e-18,9.891954397729016e-17,,,,0.22584573352637496,0.45077513616161896,4.6524221106433244e-17,9.28596780492935e-17,21.69547027331053,1.1913337458945996,,1.0320499814605293,0.3377594676767466,2.1260229618086904e-16,6.957845034140979e-17,20.04574817405187,0.3073985683226823,0.43039874731453054,8.0,9.336549364432116,6.0,5.1793538731966375,9.046605815756408,9.5347196302029,7.293412038048641,0.857035339095588,500.90716552734375,482.9391784667969,130.61838836668417,214.941996687625,52.995353112275,13.0,0.0
825402553.99,825402563.99,825402558.791923,825402556.125,825402563.145,0.7879960978691162,0.5307055892598836,1.6232719616103792e-16,1.0932535138753603e-16,20.338689832792944,0.5590562373402435,1.2152507535143187,0.8627136399493375,0.5228721870931969,1.777190098295635e-16,1.0771167054119857e-16,20.24033333871803,0.5144169196190589,1.0114757819779818,1.6689178878834918,0.42935320475389177,3.437970849039993e-16,8.84467601793017e-17,19.523912576091508,0.2485665698519739,0.3229144386391951,13.0,15.109166997399809,5.0,4.332220588796906,9.053271648110341,7.975224265739758,7.298786060408399,0.8605501993863386,502.59356689453125,482.5740966796875,131.6963226920518,214.94172351061542,52.99493858173847,15.538461685180664,0.0
825402563.99,825402573.99,825402568.7946428,825402564.99,825402570.795,2.055695004632377,0.6929780409035773,4.234731709542697e-16,1.427534764261369e-16,19.297603298645697,0.3154110076902086,0.4463825457280528,1.7454402119228405,0.7273969677103593,3.5956068365610513e-16,1.4984377534833403e-16,19.47523755715129,0.37822636168700896,0.5853468772084334,2.5516444598569947,0.6340901463206746,5.256387587305409e-16,1.3062257014205898e-16,19.062949598269824,0.24097358133202817,0.31018121693766076,14.0,16.193410028796286,2.0,1.7097130520236892,6.346264255680761,3.1474263003163365,5.116385201442513,0.8647083834063334,503.29351806640625,482.4037780761719,132.13604169855392,214.94380781014289,52.99562164065001,14.571428298950195,0.0
825402573.99,825402583.99,825402579.2207692,825402575.01,825402583.055,1.446941202591528,0.5224130705608906,2.9806988773385476e-16,1.0761709253554346e-16,19.678872790911573,0.3346824152275154,0.48632688249271894,1.0304866512045752,0.5691784451900165,2.1228025014814248e-16,1.172507597091434e-16,20.04739407411207,0.4774667463581288,0.8726279754980695,1.8366908991387294,0.47448940048147376,3.7835832522257824e-16,9.774481649918359e-17,19.41990981486097,0.24949438223223552,0.3244868007742845,13.0,14.98370167254041,2.0,1.7271755714776231,8.157987650271826,3.1795732111292607,6.577004298243516,0.8678148035456474,503.6726379394531,480.4849853515625,131.247280826561,214.943792933,52.99519031464615,14.84615421295166,0.0
825402583.99,825402593.99,825402590.1925,825402585.07,825402592.6,1.0460863887073757,0.47199262199681374,2.1549379607371938e-16,9.723048013134363e-17,20.03108112187049,0.40431706101266585,0.6514617994028207,0.7273376606606361,0.5078514546819864,1.4983155809609103e-16,1.0461739966448921e-16,20.425659811513974,0.5749934513776331,1.3008221100201638,1.5335419085947903,0.4111498668421289,3.159096331705268e-16,8.469687256947855e-17,19.615760877826553,0.25788782149952993,0.33887767543691893,12.0,13.912045515315723,3.0,2.4021382088332084,9.071839143974591,4.422118066261134,7.313755254447657,0.8626446785115895,503.767578125,478.1003112792969,129.87443509733177,214.94198383608332,52.99552866680833,15.416666984558105,8.0
825402593.99,825402603.99,825402598.9162501,825402594.92,825402603.2,1.0177013134397894,0.47659296159327397,2.0964647056859663e-16,9.817815008821443e-17,20.060949162460336,0.417039493906465,0.6858402445633978,0.7332331614377997,0.5084183087076939,1.5104603125618672e-16,1.0473417159378493e-16,20.416894754310785,0.5718940220230628,1.283542745287825,1.5394374093719538,0.41188062839411566,3.171241063306225e-16,8.484740944918782e-17,19.611594909995446,0.257415057841353,0.3380590372560732,12.0,13.969515332621688,3.0,2.5718038634591913,9.07442890992291,4.7344571122771475,7.315843134756347,0.8610039700144586,502.3528747558594,477.3476867675781,128.29175974739772,214.94331106058334,52.99611994446667,14.083333015441895,0.0
825402603.99,825402613.99,825402608.9575001,825402604.4,825402613.75,0.7740848683494541,0.4457523123823225,1.5946148287998755e-16,9.182497635075843e-17,20.35802855489713,0.4937832212793296,0.9311865762639719,0.4825087946036068,0.4804388192453806,9.939681168834299e-17,9.89703967645484e-17,20.87123691609576,0.7502435694337066,5.918850145201674,1.288713042537761,0.3768189735832321,2.654748867627788e-16,7.76247085581458e-17,19.804609440356533,0.2784919039708136,0.37552958208045695,10.0,11.69625755994285,3.0,2.5371837176478085,9.07592084030618,4.670724571124374,7.317045935368961,0.85539725507382,499.76239013671875,476.05078125,125.44423388313322,214.9436140935,52.99495114531,13.100000381469727,0.0
825402613.99,825402623.99,825402618.6266668,825402614.01,825402623.825,1.0550060391501983,0.5561106965380351,2.1733124406494086e-16,1.1455880348683524e-16,20.021862635839653,0.45968015825410546,0.8131137400474024,1.1242046605024123,0.5492103169975108,2.3158616006349693e-16,1.1313732530148722e-16,19.952886546570774,0.43189567586033206,0.7279545225603279,1.9304089084365665,0.4612715169720408,3.976642351379327e-16,9.50219324962404e-17,19.36587671728931,0.23263458999322495,0.2964672521105207,15.0,17.514000176379643,5.0,4.314313103247159,9.072689262796755,7.942258212795905,7.314440623853335,0.8564792406161054,497.38690185546875,476.1029968261719,123.59560986916578,214.94417230766666,52.99489386318,17.200000762939453,0.0
825402623.99,825402633.99,825402629.0877776,825402624.29,825402633.855,1.7926646358544787,0.5586699487791379,3.692889149860226e-16,1.150860094485024e-16,19.4462523720517,0.29453845137325274,0.4054644032976853,1.5060710592332018,0.5862581321564457,3.1025063820203956e-16,1.207691752242278e-16,19.635386342076632,0.35696137759917335,0.5353648857539248,2.312275307167356,0.5048207527787839,4.763287132764753e-16,1.0399307507242948e-16,19.169901146578745,0.21440528711138995,0.2674303872965247,18.0,20.979961289359064,3.0,2.5610075596102346,9.073297294802012,4.714582098373387,7.3149308218388525,0.8581234177350884,496.0595703125,477.32708740234375,123.3163391232153,214.94267916022218,52.99573584633889,15.55555534362793,0.0
825402633.99,825402643.99,825402638.7865001,825402635.275,825402641.265,0.9468676465184038,0.4231605761447133,1.950547351827912e-16,8.717107868581094e-17,20.139276806461837,0.40110059081381877,0.6430021005662354,0.4802790902447927,0.480047158598836,9.893749259042729e-17,9.888971467136022e-17,20.876265801719164,0.752312800990353,8.290334173099232,1.286483338178947,0.3763862827314182,2.6501556766486303e-16,7.753557424267215e-17,19.806489585398175,0.2786350834636373,0.3757911414977535,10.0,11.682633621527827,2.0,1.6752977184457538,9.081060962720995,3.084070799866047,7.3211899238946865,0.8560769042693008,493.9380798339844,478.8294372558594,122.63132968769234,214.9443981576,52.99441487949,13.899999618530273,0.0
825402643.99,825402653.99,825402650.2735001,825402646.53,825402653.09,0.9480703971236866,0.42579857858749187,1.9530250180747943e-16,8.771450718902333e-17,20.13789853443105,0.4027618257760217,0.6473599850489471,0.49119418303472123,0.48125508610581946,1.0118600170515257e-16,9.91385477377988e-17,20.851866962418036,0.7415343480627783,4.234765722617823,1.2973984309688755,0.3779463529686944,2.6726407677958834e-16,7.785694871155105e-17,19.797316579067452,0.2775770736974543,0.37386067427964065,10.0,11.783828653590687,2.0,1.723511349495631,9.082659861697783,3.1728277115715025,7.322478963041791,0.8488005558391267,494.4586486816406,481.2293395996094,124.58186835390725,214.9437120208,52.995057359309996,15.899999618530273,0.0
825402653.99,825402663.99,825402657.9705882,825402654.15,825402663.595,1.1292060937250823,0.5951740368144793,2.3261645530736695e-16,1.2260585158378274e-16,19.94806696715579,0.4596494921042371,0.8130147136739723,1.3674218259437376,0.5727216726679611,2.8168889614440993e-16,1.179806645696e-16,19.740243731100044,0.3798283630782606,0.5892480269490825,2.173626073877892,0.4891479838158124,4.477669712188457e-16,1.0076448466605736e-16,19.237037912375563,0.22037370524740396,0.27679867136634684,17.0,19.746454758519988,6.0,5.154032212549856,9.084568406603172,9.488104754921325,7.3240176400518875,0.861046094842494,496.1744689941406,483.22149658203125,127.18233359888454,214.94305476158823,52.9970987025353,14.529411315917969,0.0
825402663.99,825402673.99,825402668.7227778,825402664.31,825402672.415,0.4649321791492515,0.4495262677712999,9.57760289047458e-17,9.260241116088777e-17,20.911525985352615,0.7344359250474106,3.6992555264817817,0.34459383278292927,0.46401913595062605,7.098632955328343e-17,9.558794200582896e-17,21.23673124853389,0.9260830044718027,,1.1507980807170834,0.35582772526960077,2.370644046277192e-16,7.330051140553775e-17,19.927502177726513,0.29251568247714843,0.4016204871279676,9.0,10.459687012866908,4.0,3.3863077925670586,9.089072347382857,6.233884799952994,7.3276487362409135,0.8605542133919051,497.6091613769531,483.3997497558594,128.3863958683008,214.94200192066668,52.99571663132222,13.222222328186035,0.0
825402673.99,825402683.99,825402679.930909,825402674.505,825402683.69,0.5585121983306109,0.5018042313000493,1.1505351285610584e-16,1.0337167164781014e-16,20.71241834280862,0.696007069967802,2.4834714617075946,0.6170343270294666,0.49534502409842207,1.2710907136807012e-16,1.0204107496427495e-16,20.604226686250826,0.6398589826173975,1.7626423053597655,1.423238574963621,0.3957751192685936,2.931871464425059e-16,8.152967456933028e-17,19.69680573449483,0.26639565602256,0.35377830536905464,11.0,12.931783807874666,5.0,4.268026362863717,9.086167305579961,7.857048531635478,7.325306679198993,0.8508624189870997,499.6011657714844,483.2763671875,129.8281385331625,214.94257447445455,52.99549894959091,14.181818008422852,0.0
825402683.99,825402693.99,825402689.0747727,825402684.2,825402693.45,2.2942386546802913,0.6068535828100199,4.7261316286414e-16,1.250118380588641e-16,19.178403518157808,0.2548073606714105,0.333560975273123,2.0158112594839497,0.6315704010069227,4.152571194536936e-16,1.3010350260742609e-16,19.3188753333464,0.29591672333632246,0.4080955063690226,2.8220155074181035,0.556999332112357,5.813351945281293e-16,1.1474186241514554e-16,18.953601510146942,0.19557675779374506,0.23872022031542528,22.0,25.66902914286041,3.0,2.607762547343113,9.09599152640565,4.8006537803361855,7.333227007761306,0.8572169220339902,500.6104736328125,482.5946350097656,130.17043111634555,214.94427301900004,52.99554199284091,13.681818008422852,0.0
825402693.99,825402703.99,825402699.2672222,825402694.325,825402703.7,0.9866122111972528,0.3816660558578574,2.0324211550663407e-16,7.862320750671863e-17,20.094633784056867,0.3550698563860202,0.53107441352536,0.34968945435273324,0.464416060550628,7.203602759666304e-17,9.566970847342937e-17,21.22079366147363,0.9174954033358773,,1.1558937022868876,0.3564559241831854,2.3811410267109884e-16,7.342992038173618e-17,19.922705256122757,0.2918357646143832,0.40033307547836827,9.0,10.515359408986663,1.0,0.836533537677985,9.09716818093434,1.539982194361745,7.334175631640687,0.8560005190183397,501.57171630859375,480.6345520019531,129.6871024058643,214.94389674622224,52.995834046477775,12.333333015441895,0.0
825402703.99,825402713.99,825402709.336786,825402704.315,825402713.22,0.7299872254404011,0.5576638445832527,1.5037736844072262e-16,1.1487875198415006e-16,20.421711849593674,0.6162073322822152,1.5674276339721125,0.9739213429887981,0.5330905370005838,2.006277966556924e-16,1.0981665062212026e-16,20.108690291800734,0.47398198163425675,0.8606298678911486,1.7801255909229523,0.4422668009288568,3.6670587173012816e-16,9.11069609913445e-17,19.453873390968347,0.24092524504431623,0.3101009180581471,14.0,16.200656255658988,6.0,5.1915393056977175,9.100850152521732,9.557151903670798,7.337144052775216,0.8645209983306027,501.40374755859375,478.032470703125,127.9522821326805,214.94286816464287,52.99534710546428,14.928571701049805,0.0
825402713.99,825402723.99,825402718.9661111,825402714.955,825402723.25,0.28959767358882976,0.4690339240137852,5.965712075929893e-17,9.662098834683974e-17,21.42551232814503,1.0455896467704804,,0.3397724844631998,0.4631201420532876,6.999313179941916e-17,9.540274926297725e-17,21.252029485457076,0.9336731592722103,,1.145976732397354,0.35483098033734434,2.360712068738549e-16,7.309518194949294e-17,19.932060500192993,0.2928731324538312,0.4022982484451063,9.0,10.430581903253326,5.0,4.23415189905354,9.101914208530932,7.794688723257654,7.338001899249873,0.8630870235871305,500.04876708984375,476.82171630859375,126.14012800372394,214.94390154355557,52.99581334203333,13.333333015441895,0.0
825402723.99,825402733.99,825402730.3884616,825402725.38,825402733.965,0.4485753285413417,0.5629421675642597,9.240651767951639e-17,1.159660865182375e-16,20.950411540285444,0.8828450380732704,,0.8602173280067437,0.5212249409574147,1.7720476956938919e-16,1.0737233783722742e-16,20.243479533430882,0.5143113841514548,1.0110456038017688,1.6664215759408978,0.42789619881642055,3.432828446438249e-16,8.814661695618263e-17,19.525537800024434,0.24814424666822887,0.32219992593653757,13.0,15.166763091088384,7.0,6.020993285545734,9.10139625534127,11.084101275663738,7.3375843231881355,0.8571839980497893,498.05694580078125,475.67864990234375,123.86453354701202,214.94272541707693,52.99598226308462,15.538461685180664,0.0
825402733.99,825402743.99,825402739.8690001,825402734.735,825402743.63,0.30295960031911034,0.32789366386860286,6.240967766573673e-17,6.754609475693219e-17,21.376538202079768,0.7963590884453993,,-0.1649229336820814,0.3985796168761182,-3.397412433850877e-17,8.210740107648035e-17,,,,0.6412813142520728,0.26529695045039703,1.32103950735927e-16,5.465117179278179e-17,20.562378536084974,0.37589179257801675,0.5796970035629734,5.0,5.842956531653929,2.0,1.6744863041169444,9.111378114094244,3.0825770598516473,7.345631740117062,0.8558178149141892,495.64923095703125,475.6880798339844,121.97319710340915,214.94284524199998,52.995492159319994,10.399999618530273,0.0
825402743.99,825402753.99,825402749.4804546,825402744.5,825402752.715,0.34542527967342485,0.5176123675903932,7.115760761272552e-17,1.06628147723621e-16,21.234114705276024,0.9941890573749461,,0.5871594708440149,0.49131788113120756,1.2095485099386706e-16,1.0121148351302875e-16,20.65810982396067,0.6601373973357951,1.9680051543023254,1.3933637187781691,0.39104444968551527,2.870329260683028e-16,8.055515663521614e-17,19.719838755171732,0.2685742617685456,0.3576460459911246,11.0,12.696287368380581,6.0,5.186993147458793,9.111969256321578,9.548782839640051,7.346108321491872,0.8664960614455969,493.6986999511719,477.2149353027344,121.41496038934078,214.94365509218184,52.99576968699091,13.545454978942871,0.0
825402753.99,825402763.99,825402759.0758333,825402754.255,825402763.775,0.668099281771777,0.5122736650932358,1.3762845204498605e-16,1.0552837500920657e-16,20.517897487816473,0.617945606029366,1.5805053764732158,0.7235676552318836,0.5062978430361414,1.4905493697776802e-16,1.0429735566544514e-16,20.431302137795736,0.5759461835608661,1.3061993897940845,1.529771903166038,0.40971816119460364,3.151330120522038e-16,8.440194120608835e-17,19.618433299722714,0.2576521975567161,0.3384695469909147,12.0,13.940647001255435,5.0,4.265463223056154,9.112892564181413,7.852330024262465,7.346852696210623,0.8608409682685919,492.3927001953125,478.6452331542969,121.3321216631219,214.94315343975003,52.99473443665,14.0,0.0
825402763.99,825402773.99,825402768.6016667,825402765.515,825402773.525,1.2312163163237322,0.538033838398765,2.536305611626888e-16,1.1083497071014558e-16,19.854164094453772,0.3936372000956112,0.6237169650342729,1.1276683904988904,0.5484975500128894,2.322996884427714e-16,1.129904953026552e-16,19.949546482596162,0.4303390115912826,0.7234367966152071,1.933872638433045,0.4607944629253317,3.9837776351720723e-16,9.492365936261833e-17,19.363930328020192,0.23204319745733315,0.2955051838774416,15.0,17.613320345232566,4.0,3.4763538907171894,9.107797481174394,6.399651480638462,7.342745018646787,0.8517772157580714,492.5363464355469,481.2107849121094,123.11850794125326,214.94357607680004,52.99530219613333,14.866666793823242,0.0
825402773.99,825402783.99,825402778.7550001,825402774.03,825402783.45,1.02187417298267,0.4762942027926387,2.1050607963443e-16,9.811660577528356e-17,20.056506442850473,0.415408006567489,0.6813475127957922,0.7374194820518362,0.508035491042747,1.5190841330267825e-16,1.0465531115480589e-16,20.41071348213584,0.5690335599302827,1.2678787561723048,1.5436237299859905,0.41176245146533424,3.1798648837711404e-16,8.482306500185886e-17,19.608646384200235,0.2567277385434359,0.3368706088827764,12.0,14.05365897965063,3.0,2.5803446129547183,9.104329446774038,4.750179855666641,7.339949074581238,0.8540377416299916,494.1899719238281,483.1353454589844,125.63135148360143,214.94270951041668,52.99582915989166,14.5,0.0
825402783.99,825402793.99,825402791.02125,825402786.1,825402793.285,-0.34333951359680753,0.38796623707961314,-7.072793980094235e-17,7.99210448384003e-17,,,,-0.29233118612363945,0.3806811082584258,-6.022022434146973e-17,7.842030830123572e-17,,,,0.5138730618105148,0.23751419361571116,1.0585785073296606e-16,4.89279238848365e-17,20.80286037062305,0.41251993200027925,0.6734561158822423,4.0,4.680934541883589,5.0,4.241631224439765,9.109126143704403,7.808457481355022,7.343816192022551,0.8545442390135458,496.11236572265625,483.9639587402344,127.62262029960601,214.94307991174998,52.9947900618,13.25,0.0
825402793.99,825402803.99,825402797.0705556,825402794.145,825402801.005,0.6278631801705296,0.4269846414255247,1.2933981511512908e-16,8.79588361336581e-17,20.58533746140025,0.563311987242475,1.2373286873026537,0.3382633289413881,0.4627113302358319,6.968224576192595e-17,9.531853402858137e-17,21.256862703591228,0.9359096443836279,,1.1444675768755423,0.3544212681672402,2.357603208363617e-16,7.301078124245147e-17,19.933491266284207,0.29291483510526106,0.4023773629990366,9.0,10.427193587153926,3.0,2.556758442710616,9.110955869646148,4.706759860444543,7.345291324849341,0.8633646230287926,497.5388488769531,483.8786315917969,128.6446729482161,214.94303785088889,52.99495464846667,12.88888931274414,0.0
825402803.99,825402813.99,825402808.8867648,825402804.96,825402813.785,1.486582001842959,0.5635527117705071,3.0623589237964953e-16,1.1609185862472447e-16,19.649527823840753,0.3489838221590915,0.5174334698701664,1.3840688055534427,0.5734472441622515,2.8511817394400917e-16,1.181301322974238e-16,19.727105798669573,0.37636912750523877,0.5808488233791529,2.190273053487597,0.4902720147220205,4.511962490184449e-16,1.0099603503273621e-16,19.228754349622534,0.2193121332453103,0.27512268350528046,17.0,19.9582432936354,4.0,3.483162518048807,9.11221697306446,6.412185544589849,7.346308031782268,0.8518721292141367,500.0159606933594,482.3267517089844,129.54106082770963,214.9424335947647,52.99501942347647,13.058823585510254,0.0
825402813.99,825402823.99,825402819.858889,825402814.09,825402823.955,1.4301642809892678,0.5911505958465574,2.9461384188378916e-16,1.217770227443908e-16,19.691535182160358,0.3756201131782646,0.5790422061925256,1.501611848141711,0.5844834752600702,3.093320407171924e-16,1.2040359590357446e-16,19.638605784167584,0.3569411578664585,0.5353188926549386,2.3078160960758654,0.5031669572020377,4.754101157916283e-16,1.0365239318361977e-16,19.171997004867045,0.21414257327013786,0.26702104859064235,18.0,21.036726916630688,5.0,4.345771467362335,9.115426030869985,8.00017020128066,7.348895187816949,0.8557948050026295,500.6994323730469,480.02728271484375,128.62636455632014,214.94342104955555,52.99470815258889,14.277777671813965,0.0
825402823.99,825402833.99,825402829.7017858,825402824.485,825402833.93,1.1092824805366104,0.5156695012590792,2.285121909905417e-16,1.062279172593703e-16,19.967394614977245,0.414495944650195,0.6788469145921852,0.960472517598948,0.5312618433134538,1.9785733862538328e-16,1.0943993972257148e-16,20.12378764318448,0.4780163768620369,0.8745360714509403,1.7666767655331024,0.4402276561366618,3.6393541369981907e-16,9.068689716415233e-17,19.462107256378175,0.24156606839394357,0.3111662624288094,14.0,16.10495627131768,4.0,3.2553375993993545,9.115960873837574,5.992780580712448,7.349326380489397,0.8694574704247661,501.18310546875,477.6542663574219,127.54687732676801,214.94187914785712,52.99552006505,14.571428298950195,8.0
825402833.99,825402843.99,825402840.3515384,825402835.605,825402843.615,0.6257514095790779,0.5449089431199594,1.2890479037329005e-16,1.1225124228271164e-16,20.588995408547344,0.6800726839207059,2.221905703625648,0.8611690849957513,0.520694009741236,1.7740083150912477e-16,1.0726296600669461e-16,20.24227892313375,0.513441468960977,1.0075077655073201,1.6673733329299056,0.42750011812317,3.434789065835606e-16,8.806502433337302e-17,19.524917871638067,0.24781235377293953,0.32163893345020966,13.0,15.212241961631799,6.0,5.162239420211945,9.123476825013672,9.503213478117443,7.355385772254833,0.8547778332896528,499.5269775390625,475.95574951171875,125.19942149206607,214.94268224815383,52.99580887018462,15.15384578704834,0.0
825402843.99,825402853.99,825402849.0122223,825402844.475,825402853.67,0.7971596306507437,0.40394354355324547,1.6421488391405318e-16,8.321236997196856e-17,20.326136756832852,0.4450875435809998,0.7672850501578203,0.336638561873822,0.46222520375658727,6.934754374600733e-17,9.521839197385697e-17,21.262090342931224,0.9382721507919243,,1.1428428098079764,0.3539449418362686,2.354256188204431e-16,7.291265801827134e-17,19.935033749312772,0.2929343008969454,0.4024142947782181,9.0,10.425612523565627,2.0,1.7130142854750638,9.122525367523963,3.1535035709881853,7.354618703184901,0.86330859393729,497.2179870605469,475.1911926269531,122.90261371007628,214.9436173351111,52.995545609977775,15.11111068725586,0.0
825402853.99,825402863.99,825402859.3353333,825402854.795,825402863.51,1.2188822912053916,0.5343765346592859,2.5108975198831065e-16,1.100815661398129e-16,19.86509558162316,0.3947106661350972,0.6264616563555947,1.1078894699919513,0.5456236448698322,2.2822523081834195e-16,1.1239847084318543e-16,19.96875891347524,0.4347780231651903,0.7363868674894967,1.9140937179261053,0.45768485639687256,3.9430330589277766e-16,9.428308041775575e-17,19.37509200524101,0.2327773590053006,0.29669971291509256,15.0,17.49014096745997,4.0,3.450759332822774,9.137557269876158,6.352534226332834,7.366737486715771,0.8579257922765494,494.98553466796875,475.42962646484375,121.29254035094553,214.94308233273333,52.99597144556667,14.866666793823242,0.0
825402863.99,825402873.99,825402870.8145455,825402865.065,825402873.955,0.6044894784908688,0.8608637574710067,1.2452483256911895e-16,1.7733793403902739e-16,20.626528134746334,0.9613839540439386,,1.5268249448982332,0.7568317056296485,3.14525938649036e-16,1.559073313597076e-16,19.620526883165812,0.4371039031267152,0.7432558368940114,2.333029192832387,0.6524505446511962,4.806040137234717e-16,1.3440481219814641e-16,19.16019956728191,0.2677348871859948,0.35615332893425133,11.0,12.786307662632058,6.0,5.146026245923663,5.480560509878999,9.473366498177652,4.418451164124623,0.8605759396141814,492.6285400390625,476.7766418457031,120.31084391222421,214.94256177309092,52.99540933937272,17.272727966308594,0.0
825402873.99,825402883.99,825402880.3336667,825402874.15,825402883.63,1.0419594828550354,0.5505729149323013,2.1464365346813727e-16,1.1341802047605408e-16,20.035372921196316,0.46059361168519075,0.8160688766932509,1.0989463926237188,0.5448766168363425,2.263829568804861e-16,1.1224458306828654e-16,19.977558730623574,0.4371963686324669,0.7435301186958938,1.905150640557873,0.4567406317770479,3.9246103195492185e-16,9.408857014607186e-17,19.38017669724585,0.23332645064300195,0.29759450972797197,15.0,17.398801992040916,5.0,4.282177498230852,9.132507226276939,7.883099485379523,7.362666120113828,0.8623163439717437,491.9095764160156,478.78778076171875,121.0573609258358,214.9416790124,52.99538759363334,15.0,0.0
825402883.99,825402893.99,825402890.0969232,825402884.08,825402893.91,1.143158125931169,0.4902880960962959,2.354905739418208e-16,1.0099934779583696e-16,19.93473423050881,0.3874963324177969,0.6081989378333006,0.8619013344285091,0.5207794296787422,1.7755167489227287e-16,1.072805625138209e-16,20.241356117241484,0.5131609196651219,1.0063698627030249,1.6681055823626634,0.42760083956394934,3.4362974996670866e-16,8.808577295017356e-17,19.524441160645118,0.24776727118189612,0.32156276675133455,13.0,15.218434274192477,3.0,2.6015365425464476,9.123184068862994,4.789192271505961,7.355149751002547,0.8544400360749679,492.4306335449219,481.6578369140625,123.33460320201814,214.941930728,52.996296819984615,14.0,0.0
825402893.99,825402903.99,825402897.6303574,825402894.805,825402903.27,1.4673306557915027,0.4861845443670886,3.0227011509304955e-16,1.0015401613962024e-16,19.66368002247352,0.3107220094422303,0.4369857601462499,1.0054730599903716,0.5357341781534777,2.0712745035801655e-16,1.103612406996164e-16,20.07407390280798,0.46372650273668015,0.8262848230468158,1.8116773079245259,0.44567141483903805,3.7320552543245234e-16,9.180831145684183e-17,19.434797888430587,0.23879452723399197,0.30657067922138737,14.0,16.52464469233524,2.0,1.7061405623066768,9.121185445142007,3.1408496715191094,7.3535384520686655,0.8473299527974548,493.2985534667969,483.374267578125,125.1234932903711,214.94241150564287,52.99632664757143,14.928571701049805,0.0
825402903.99,825402913.99,825402909.0604545,825402905.13,825402913.29,2.4795812992789505,0.5885580711759252,5.107937476514638e-16,1.212429626622406e-16,19.094054119269646,0.23124182822857264,0.2942037220563911,2.0131054421432006,0.6305168231724468,4.1469972108149933e-16,1.2988646557352404e-16,19.320333692756424,0.2958321951606031,0.4079338632754528,2.819309690077355,0.5560108688251777,5.807777961559351e-16,1.145382389779866e-16,18.954643039919734,0.19543060161621284,0.23850221698156915,22.0,25.711002209122096,2.0,1.6829674686044844,9.119609065869117,3.0981901126582554,7.352267568402506,0.8557027594751648,495.12664794921875,484.4497375488281,127.20392023094475,214.94303740368184,52.99513744981363,12.863636016845703,0.0
825402913.99,825402923.99,825402919.5699998,825402914.26,825402923.83,0.44139288144897354,0.561539363031427,9.092693357848855e-17,1.1567710878447398e-16,20.96793668797419,0.8911156734608667,,0.8538858682943093,0.5197540323844779,1.7590048886862771e-16,1.0706933067120245e-16,20.251500434760008,0.5161826784228509,1.0187049228277623,1.6600901162284636,0.42642361157736997,3.419785639430635e-16,8.784326398493821e-17,19.5296708402636,0.2482239562937849,0.32233472638587557,13.0,15.15586888969849,7.0,6.043835830920221,9.129545885214295,11.126152325103133,7.360278674369543,0.8578614057510207,497.1964111328125,483.90740966796875,128.40403316986212,214.9440010523846,52.99432895224615,14.538461685180664,0.0
825402923.99,825402933.99,825402929.6885,825402926.64,825402932.94,0.7695888203762633,0.44549478804767123,1.5853529699751024e-16,9.177192633782027e-17,20.36435312452853,0.4958685301213137,0.9389692897964004,0.4844517623114252,0.4792713284803389,9.979706303615359e-17,9.872989366694981e-17,20.866873649757572,0.7467543117532145,4.927211023004091,1.2906560102455795,0.37601221949251606,2.6587513811058937e-16,7.74585172154583e-17,19.802973729652958,0.27759662194331725,0.3738962942804882,10.0,11.78194792621501,3.0,2.5838540344538465,9.128650726984334,4.756640381608217,7.359556994001975,0.8490402710941705,499.8329162597656,482.35498046875,129.41774985270595,214.9428551135,52.99491328408,14.399999618530273,0.0
825402933.99,825402943.99,825402939.0395833,825402935.5,825402943.97,1.0143472441616015,0.47422147390564023,2.089555322972899e-16,9.768962362456188e-17,20.064533365940225,0.41645558632040647,0.6842293874270275,0.728204721245807,0.506169610326558,1.5001017257663625e-16,1.0427093972727096e-16,20.42436627421531,0.5729834795434456,1.289579586135769,1.5344089691799612,0.4098281681766049,3.16088247651072e-16,8.442460264438061e-17,19.615147178890936,0.25702026499170216,0.337376158853786,12.0,14.017760872610245,3.0,2.5808339820630497,9.135609315488946,4.751080739706978,7.365167037614019,0.8561235816873826,500.9970703125,480.8622131347656,129.3796959524961,214.94345519491665,52.99574406839999,14.166666984558105,0.0
825402943.99,825402953.99,825402947.6710714,825402944.305,825402952.06,0.7342698454897919,0.556118921038371,1.5125958817089713e-16,1.1456049773390442e-16,20.415360766863998,0.6121622009872425,1.5376690323585045,0.9732994626073099,0.5320694872283868,2.0049968929710584e-16,1.0960631436904767e-16,20.109383791034336,0.4734911758099152,0.8589536865157612,1.7795037105414642,0.44139566835813954,3.6657776437154162e-16,9.092750768177675e-17,19.454252755219454,0.24057496183537452,0.3095192926104602,14.0,16.253304135116437,6.0,5.185897085829881,9.133616321693935,9.54676508982319,7.363560277550375,0.8615494908600149,500.8254699707031,478.25439453125,127.63042606786865,214.94278049757142,52.99487913150715,15.571428298950195,0.0
825402953.99,825402963.99,825402960.0396667,825402956.37,825402963.62,1.391555782915316,0.5170373406689238,2.8666049128055507e-16,1.065096921777983e-16,19.721248448842765,0.3430318358093061,0.5043291198755284,1.1107815631222895,0.5459477516732891,2.2882100200319163e-16,1.1246523684469756e-16,19.96592834332692,0.4340572355375443,0.7342699414937073,1.9169858110564437,0.4580591411870478,3.948990770776274e-16,9.436018308453185e-17,19.37345275406292,0.23263233878255463,0.2964635872648351,15.0,17.5143767589615,3.0,2.6077042567335114,9.136414394903316,4.800546472623055,7.3658160960578085,0.8566128240349951,498.95147705078125,475.25799560546875,124.31878664580042,214.94274562773333,52.99444570935334,16.133333206176758,8.0
825402963.99,825402973.99,825402968.2575,825402964.805,825402973.88,1.3563816642275301,0.5479534046785549,2.794146228308712e-16,1.128784013637823e-16,19.74904522428189,0.3684036371527384,0.5618510597762274,1.2442710604648421,0.5590328388333267,2.5631983845575747e-16,1.151607647996653e-16,19.842712499191894,0.4028848036110446,0.6476835525353799,2.050475308398996,0.47362413883205834,4.223979135301932e-16,9.756657259940402e-17,19.30036364018,0.2256297944756014,0.2851595984160262,16.0,18.743100359143448,4.0,3.4464549962652686,9.140856406497278,6.344610334033789,7.369397264674234,0.8537135850581863,497.11993408203125,474.50665283203125,122.4072012274234,214.94315141624998,52.99496772065,15.75,0.0
825402973.99,825402983.99,825402978.4416667,825402974.41,825402981.305,0.4476166000016982,0.44666612879858936,9.220901960034982e-17,9.20132225325094e-17,20.952734539745634,0.7514216481058469,6.682418051833537,0.33014441319677995,0.46081691270608643,6.800974911853666e-17,9.492828401745381e-17,21.283240118977115,0.9486282418882155,,1.1363486611309341,0.352450218437037,2.3408782419297244e-16,7.260474499802962e-17,19.94122098852374,0.2933110717334735,0.40312950729882857,9.0,10.395075334049665,4.0,3.422425430944385,9.147786845372018,6.300374088783982,7.374984613935097,0.8658722884512472,494.9600830078125,474.8968200683594,120.94193243537512,214.942920283,52.996117563855556,15.55555534362793,0.0
825402983.99,825402993.99,825402988.73875,825402984.065,825402992.555,0.6811316175645711,0.3871640255837792,1.4031311321830165e-16,7.975578927025852e-17,20.49692239914988,0.488651042163859,0.9123289635926923,0.2200056761249231,0.44755090899612854,4.532116928173416e-17,9.219548725320247e-17,21.72391528569525,1.2051354966080332,,1.0262099240590774,0.3349258958338609,2.1139924435616995e-16,6.899473454177534e-17,20.05190947443727,0.30666313220499575,0.4289492184636394,8.0,9.38804073019993,2.0,1.714841837337571,9.14826538907986,3.156867927825983,7.375370417905182,0.8526169181988579,492.53778076171875,475.8087158203125,119.6252576282652,214.941930157375,52.99524041865,16.25,0.0
825402993.99,825403003.99,825402998.8053848,825402994.705,825403003.64,0.9677685676321638,0.5035205657079846,1.9936032493222574e-16,1.0372523653584484e-16,20.115571218860456,0.4548162872787529,0.7975536729972923,0.8370665528407012,0.5175169789466326,1.7243570988518443e-16,1.0660849766300632e-16,20.273100027709734,0.5226145062374243,1.0455543653614754,1.6432708007748553,0.4238797427763504,3.385137849596202e-16,8.731922701192818e-17,19.54072715411592,0.24915741904264266,0.3239153310279157,13.0,15.029099249639378,4.0,3.3559714753758967,9.145844520910778,6.178038397851082,7.373418703703579,0.8651988846852294,490.1440734863281,478.68096923828125,119.65219974987457,214.9447316070769,52.99447066250769,15.076923370361328,0.0
825403003.99,825403013.99,825403009.2166667,825403004.36,825403013.775,1.082506445564341,0.5520539982362519,2.2299632778625425e-16,1.1372312363666789e-16,19.993923772621958,0.44742623468916776,0.7744600837811362,1.1274344661845297,0.5475826167177386,2.322515000340131e-16,1.1280201904385415e-16,19.949771731832517,0.429819833357751,0.721935651405964,1.933638714118684,0.46001763771042636,3.983295751084489e-16,9.476363336834783e-17,19.364061668344462,0.23171616967639963,0.29497377071261965,15.0,17.66858208210966,5.0,4.224653352627532,9.137478450912514,7.777202762791592,7.366673942532464,0.8492021271194496,491.86029052734375,481.09539794921875,122.53479727942651,214.94068352866665,52.99570249780667,13.466666221618652,0.0
825403013.99,825403023.99,825403019.1095455,825403014.08,825403023.85,0.5637065663104968,0.4976220133237989,1.1612355265996233e-16,1.0251013474470257e-16,20.702367265726686,0.6869919135815188,2.327382842617734,0.6063107603893312,0.492912029343657,1.2490001664020222e-16,1.0153987804479335e-16,20.62326181033687,0.6459761199800909,1.8202177028067297,1.4125150083234854,0.39329169555184046,2.90978091714638e-16,8.101808928367913e-17,19.705017322492644,0.2666954749044059,0.3543093056191111,11.0,12.899016237600307,5.0,4.210569753034289,9.131949863605453,7.751276136267668,7.362216771960436,0.8528301221854826,492.5321350097656,484.1567077636719,125.0781654449951,214.94388396072728,52.99594320181818,17.0,0.0
825403023.99,825403033.99,825403027.3625001,825403024.005,825403033.985,0.6705238664318455,0.513155628756059,1.3812791648496017e-16,1.0571005952374815e-16,20.513964398463894,0.617049709510713,1.5737428982846673,0.7318784018820924,0.5065694903431944,1.5076695078771103e-16,1.0435331501069806e-16,20.41890267228021,0.5710970181252293,1.2791514039402934,1.5380826498162465,0.4103207557911136,3.168450258621468e-16,8.45260756929694e-17,19.61255081706679,0.25674801707221917,0.3369056426503967,12.0,14.051166316406924,5.0,4.30525886645266,9.135507976821405,7.92559018596967,7.365085337949767,0.8540578534240217,494.2989196777344,484.3141784667969,126.49571906953481,214.9428576986667,52.994625892600006,16.0,0.0
825403033.99,825403043.99,825403038.890357,825403034.135,825403043.14,1.4562107169752425,0.48613806712000157,2.9997940769689993e-16,1.0014444182672032e-16,19.671939442711665,0.3127574878556878,0.44104990654604137,1.001365488623287,0.5349023303066313,2.0628129065639712e-16,1.1018988004316603e-16,20.078518450853718,0.46468578394728866,0.8294381779840165,1.8075697365574415,0.4448237890570549,3.7235936573083295e-16,9.163370054575331e-17,19.437262346262205,0.23887302204809302,0.3067004057186651,14.0,16.512548746307118,2.0,1.7435636868670459,9.135220850596697,3.209742241732516,7.364853855567715,0.8480188640465318,497.53997802734375,485.0372619628906,129.40395370976879,214.94378576521427,52.99571151432143,13.571428298950195,0.0
825403043.99,825403053.99,825403049.7399999,825403045.01,825403053.51,0.2475742249219202,0.3750884549978436,5.100029033391556e-17,7.726822172955578e-17,21.59573642979282,1.0013685210650785,,-0.03945326749094522,0.41484283722362403,-8.127373103134716e-18,8.545762446806655e-17,,,,0.766750980443209,0.2896360294402071,1.5795070197130104e-16,5.966502206468266e-17,20.368364150033717,0.3479217804370123,0.5150782851128461,6.0,7.008151949844597,3.0,2.5776981941041948,9.14006258693486,4.745308039146359,7.368757283970919,0.8563361958550452,499.7181701660156,483.3128356933594,129.94130233504336,214.94406812866666,52.99547316028333,13.833333015441895,0.0
825403053.99,825403063.99,825403059.78625,825403056.525,825403063.77,1.1828050379280677,0.45293840595589546,2.436578378131819e-16,9.330531162691446e-17,19.897717085872703,0.3520050566393387,0.5241741415321748,0.7229627126294298,0.5054232660645905,1.4893031880166253e-16,1.0411719280930565e-16,20.432210253018436,0.575547379474326,1.3039446986730852,1.529166960563584,0.4089824968567492,3.150083938760983e-16,8.425039435249034e-17,19.61886273497664,0.2573308948726485,0.33791340260340164,12.0,13.979781000268792,2.0,1.7200586728433014,9.142089360285718,3.166471647734259,7.3703912772559805,0.8584284996269999,500.8713073730469,480.5630187988281,129.09461897820543,214.9434426663333,52.99516199418334,14.416666984558105,0.0
825403063.99,825403073.99,825403069.4279165,825403066.96,825403073.665,0.6188478371524058,0.5096362469739042,1.2748265445339558e-16,1.0498506687662426e-16,20.60104030640256,0.6522789020773274,1.883287866827132,0.6909933142646254,0.5018377424475936,1.4234462273851283e-16,1.0337857494420428e-16,20.48131538660078,0.5927627314571673,1.406636767120709,1.4971975621987796,0.4045926832172045,3.084226978129486e-16,8.334609274274413e-17,19.641802221734807,0.2597087604914492,0.3420399394981608,12.0,13.693743016980692,5.0,4.363934157908225,9.146249875580951,8.03360606342196,7.373745502360593,0.8766664326110166,500.5992126464844,477.717041015625,127.12253950152554,214.94297670558333,52.99493360513333,15.583333015441895,0.0
825403073.99,825403083.99,825403079.2206249,825403074.15,825403081.39,0.3262803814726605,0.4328229032005489,6.721375858336806e-17,8.916151805931307e-17,21.296022596516462,0.9167747731191902,,0.2134639406177885,0.4468478476859551,4.397357176726443e-17,9.205065662330675e-17,21.75668869402545,1.2260613206305386,,1.0196681885519427,0.3339288096832315,2.100516468417002e-16,6.878933479474569e-17,20.058852823842482,0.30757628033136086,0.4307494518511952,8.0,9.324165256868508,4.0,3.4442522420921424,9.144313181045685,6.340555263851444,7.372184130999311,0.8584511967456345,499.57794189453125,475.8406677246094,125.17017772962235,214.94253800987502,52.9960322275,16.25,0.0
825403083.99,825403093.99,825403088.7927778,825403084.945,825403092.44,0.9788484574626545,0.38012675892424663,2.016427822373068e-16,7.83061123383948e-17,20.103211348076563,0.3562401895315013,0.5337261571992258,0.3444721635326359,0.46239385733330046,7.096126568772299e-17,9.525313461065989e-17,21.237114668154444,0.9241182347327381,,1.15067641146679,0.3545736766830117,2.3703934076215873e-16,7.30421773967004e-17,19.927616974315065,0.291638627595443,0.39996023614379794,9.0,10.531577769207283,1.0,0.8542828843473868,9.152510353264713,1.5726571280031436,7.378792726063338,0.8546902532854139,496.7184143066406,474.0998229980469,121.84102525148441,214.942359446,52.99475292933334,14.55555534362793,0.0
825403093.99,825403103.99,825403098.6856668,825403094.16,825403103.7,1.0724900225913243,0.5533416139662055,2.2093294465381281e-16,1.1398837247703833e-16,20.00401684844944,0.45170577370429044,0.7877543338393274,1.1317155930105125,0.5474652659020386,2.3313341216016556e-16,1.1277784477581995e-16,19.94565675068089,0.4284004383125044,0.7178458387792617,1.9379198409446667,0.460068609050531,3.992114872346013e-16,9.477413346440938e-17,19.361660477082303,0.23127819451124054,0.29426272806042064,15.0,17.742973932418487,5.0,4.304176952465971,9.155680001588415,7.923598480675992,7.381348110006364,0.8456838835558058,494.0591125488281,474.8476257324219,120.20517347957124,214.9434349622,52.99553171254,15.266666412353516,0.0
825403103.99,825403113.99,825403108.7713158,825403104.805,825403113.715,1.4016497330622097,0.6150370366240301,2.887398450108152e-16,1.266976295445502e-16,19.71340125337645,0.3949973762501493,0.6271963668125409,1.6260250170328072,0.5947774651165192,3.3496115350875826e-16,1.2252415781400296e-16,19.552181942248907,0.338456777693505,0.494410731287676,2.4322292649669617,0.5154532329779415,5.010392285831941e-16,1.0618336599345595e-16,19.114988725824354,0.20869048280100344,0.25858284872771264,19.0,22.26539906902306,6.0,5.124779030082745,9.15431755950256,9.434252305379598,7.380249703409184,0.8536949750421552,490.9803771972656,476.16900634765625,118.65557956938237,214.9445784481579,52.994727562768425,14.631579399108887,0.0
825403113.99,825403123.99,825403119.8781818,825403114.58,825403123.775,1.0600945392268721,0.4372417080766592,2.1837947508073566e-16,9.007179186379179e-17,20.016638506569844,0.37493685170051805,0.5773978862915001,0.5988373149598099,0.4914988269665693,1.2336048688172083e-16,1.0124875835511327e-16,20.636727863941115,0.6506288842020993,1.8663834526262164,1.405041562893964,0.3917856814093143,2.894385619561566e-16,8.070785037031875e-17,19.710777071481736,0.26704288132093623,0.354925095266033,11.0,12.861192045472363,2.0,1.7151895083347515,9.153602558903785,3.1575079585253376,7.379673266889176,0.8556473917042957,489.8816223144531,479.1977233886719,119.79559849938803,214.94424410790907,52.99542563989091,16.454545974731445,0.0
825403123.99,825403133.99,825403130.4253845,825403125.015,825403133.96,1.3138034952964865,0.46728551452650363,2.7064352003107624e-16,9.626081599245974e-17,19.783673967629856,0.3303880272495263,0.4772355640420187,0.8493209545923555,0.5187840319845805,1.7496011664602522e-16,1.0686951058882357e-16,20.257320401987645,0.5176189666129822,1.0246296495839964,1.6555252025265097,0.4254360990038575,3.41038191720461e-16,8.763983639479464e-17,19.53266050868588,0.24832051857572424,0.3224980627834597,13.0,15.142686021219756,2.0,1.6978813814237763,9.146756568918665,3.1256452703483153,7.374154000681857,0.858809104886816,490.8816223144531,481.71893310546875,122.21887457509573,214.94213407623076,52.995560486546154,14.384614944458008,0.0
825403133.99,825403143.99,825403138.9675,825403134.0,825403143.35,1.1028015802890125,0.5195544232191983,2.271771255395366e-16,1.0702821118315485e-16,19.973756550579818,0.4191219511529347,0.6916118729627385,0.9791292226507383,0.5324135287832165,2.017006198660521e-16,1.0967718692934258e-16,20.102899968702914,0.4714510561366829,0.8520220057233843,1.7853334705848924,0.4419060922497563,3.677786949404878e-16,9.10326550034498e-17,19.45070163248079,0.2401189635948704,0.30876288066091817,14.0,16.322200793350646,4.0,3.389611892598736,9.142382116436396,6.239967347738582,7.370627298508266,0.8578034195139841,491.86688232421875,484.00604248046875,124.48509646219573,214.94364719271428,52.99556617071429,13.5,0.0
825403143.99,825403153.99,825403149.1295456,825403145.815,825403153.695,0.3768098073799311,0.5161157699911869,7.76228203202658e-17,1.063198486181845e-16,21.139694505438634,0.9367326636231681,,0.5998036656951438,0.49191794144166795,1.2355955513319962e-16,1.013350959369836e-16,20.634977210953114,0.6502569756054299,1.862612835544315,1.406007913629298,0.3921689066633584,2.896376302076354e-16,8.078679477265183e-17,19.710030587273657,0.2671115748179389,0.3550469215283769,11.0,12.853731251860824,6.0,5.111025953750323,9.142004911396098,9.408934142131276,7.370323194202435,0.8558230960207373,494.46484375,484.8871154785156,127.00168927606735,214.9428326039091,52.99491730424545,13.727272987365723,0.0
825403153.99,825403163.99,825403159.1006666,825403154.34,825403163.9,1.4209518637321588,0.5174086750799635,2.927160839288247e-16,1.0658618706647247e-16,19.698551585036345,0.33713798464264144,0.49157612414616025,1.1282132925786412,0.5474732595998908,2.324119382712001e-16,1.127794914775775e-16,19.949021969336467,0.4295039302059145,0.7210236184022385,1.9344175405127955,0.45995301431305446,3.9849001334563586e-16,9.475032094848922e-17,19.363624446148574,0.23160285378763135,0.2947897327933404,15.0,17.6877871880912,3.0,2.5503651097790647,9.143727668744328,4.694990315729641,7.371712088494738,0.8482766721410057,497.3978576660156,485.05157470703125,129.30627609700605,214.94328339820004,52.99542712732001,15.333333015441895,0.0
825403163.99,825403173.99,825403169.0673077,825403164.115,825403173.65,-0.05532934771705515,0.6067604663756054,-1.1397845629713361e-17,1.249926560733747e-16,,,,0.8498145592209633,0.5188427468750846,1.7506179919951843e-16,1.0688160585626742e-16,20.256689581871374,0.5174263820776694,1.0238328979183322,1.6560188071551176,0.4255050174170808,3.4113987427395425e-16,8.765403358791865e-17,19.53233683826597,0.24829030344405822,0.3224469492790334,13.0,15.146809325540456,10.0,8.50279918466265,9.146520112027732,15.652880317219877,7.373963368131934,0.8585453281558102,499.0632629394531,483.46514892578125,129.5374893589268,214.94472957892307,52.994703560092304,14.84615421295166,0.0
825403173.99,825403183.99,825403179.3920001,825403174.495,825403183.68,0.5749803166237604,0.46480075304476215,1.1844594522449463e-16,9.5748955127221e-17,20.68086755578898,0.643222321718735,1.7938798247078935,0.46923769916841157,0.47707582251366754,9.666296602869279e-17,9.827761943781552e-17,20.901517758425047,0.7616053726282352,,1.2754419471025658,0.3734343789367876,2.6274104110312856e-16,7.692748206097824e-17,19.8158482597793,0.2788184663058395,0.3761262866129407,10.0,11.665216343603937,4.0,3.480038990964024,9.146019048615992,6.406435415183771,7.373559408680904,0.8572760550505938,501.004150390625,480.90728759765625,129.41339800245512,214.9439602291,52.99553821168,14.399999618530273,0.0
825403183.99,825403193.99,825403188.653,825403184.675,825403193.78,0.4121736759536994,0.483984343401959,8.490777724646208e-17,9.970077474080355e-17,21.042299371233806,0.8432608599074101,,0.47177110198885386,0.47720949567660675,9.718484700970389e-17,9.830515610938099e-17,20.895671662606286,0.7588149955370973,,1.277975349923008,0.37368248746940114,2.6326292208413963e-16,7.697859241869663e-17,19.813693807336964,0.27849401358195536,0.3755334351974646,10.0,11.696056664511708,5.0,4.3043052757282165,9.152020549704922,7.923834712136034,7.378397844352781,0.8551173484506815,500.63897705078125,477.65252685546875,127.11458857608348,214.9433572423,52.99447949681,15.300000190734863,0.0
825403193.99,825403203.99,825403198.5095,825403194.34,825403203.13,0.7540854838830205,0.4416249722978752,1.5534160967990222e-16,9.097474429336229e-17,20.38644854820907,0.5005136158461916,0.9565636030650815,0.4630412837812516,0.4762806651474567,9.538650445893783e-17,9.811381702037608e-17,20.915950716196498,0.7679868924926758,,1.2692455317154059,0.3724600167992738,2.614645795333736e-16,7.67267634606504e-17,19.821135892055306,0.2793740570185115,0.3771426458942102,10.0,11.612666913029225,3.0,2.5603312593760292,9.14926751590334,4.713337091124053,7.376178336807239,0.8612934492607822,499.8335876464844,475.68048095703125,125.27681517446014,214.9426040928,52.99578579321,13.199999809265137,0.0
825403203.99,825403213.99,825403209.1728572,825403205.665,825403213.91,-0.14233238437522291,0.46000440639451406,-2.932047118129592e-17,9.476090771726989e-17,,,,0.09151562916401433,0.43135592138037565,1.885221960778695e-17,8.885931980435738e-17,22.676261825488186,1.8922493567323002,,0.8977198770981686,0.31309855179577795,1.8493029468222272e-16,6.449830166993026e-17,20.197147896664642,0.3248454526197051,0.4656654705293519,7.0,8.22090377760593,6.0,5.173703593350809,9.157537877160035,9.524317978668535,7.382845937184337,0.8515210212675515,497.279296875,473.445068359375,121.89109756995238,214.94080206200002,52.99511492407142,16.85714340209961,0.0
825403213.99,825403223.99,825403218.56375,825403214.72,825403223.955,1.1191219876428244,0.6419416934920247,2.3053912945442183e-16,1.3223998885935708e-16,19.957806428735818,0.49224408024604216,0.9254873198868019,0.8857992768608387,0.6741969407657442,1.8247465103333276e-16,1.388845697977433e-16,20.21166169648928,0.6144705598980416,1.5545371584817644,1.692003524794993,0.5548468587394983,3.4855272610776854e-16,1.1429845290033667e-16,19.508996841425965,0.30793222633590034,0.43145240469043245,8.0,9.299428585099797,2.0,1.7103598134032514,5.496104735494884,3.1486169292196218,4.430982984846997,0.8604511890586063,493.4902648925781,474.6595458984375,119.6431252661235,214.94491300175,52.9953962858,12.625,0.0
825403223.99,825403233.99,825403231.6816667,825403226.08,825403233.895,0.2573097180814811,0.3736708778288508,5.300580192478511e-17,7.697620083274325e-17,21.55385952758081,0.9738995373446961,,-0.038109708311723375,0.4145892561686286,-7.850599912215015e-18,8.540538677073748e-17,,,,0.7680945396224309,0.2895888270159852,1.5822747516222076e-16,5.965529836529295e-17,20.366463305684697,0.3473524921754674,0.5138188769712464,6.0,7.035026729305493,3.0,2.5413045559508722,9.159063587099151,4.678310659818651,7.384075971018368,0.8529639618025593,490.271240234375,476.7860412597656,118.51157304583664,214.94516782616668,52.99524062856668,14.666666984558105,0.0
825403233.99,825403243.99,825403239.6039999,825403234.77,825403243.215,1.5575344774356925,0.493687736530341,3.2085210235175267e-16,1.0169967372525024e-16,19.598905827652164,0.2989376054278807,0.41389650370309283,1.0886333790887266,0.5430717442440475,2.2425847609227766e-16,1.1187277931427378e-16,19.987795884279855,0.4394000771867148,0.7500945603943912,1.894837627022881,0.4548597923342231,3.9033655116671347e-16,9.370111722084995e-17,19.386069999476312,0.23359984923625632,0.2980404826926666,15.0,17.353572835297157,2.0,1.6780502304579796,9.158342956574403,3.0891379242521895,7.3834949956281255,0.8646508667353362,490.00897216796875,478.1463317871094,119.19926275994811,214.94221239406667,52.99486714446001,14.600000381469727,0.0
825403243.99,825403253.99,825403247.728,825403244.16,825403253.815,0.7103644984617212,0.5824731524388662,1.4633508668311456e-16,1.1998946940240643e-16,20.451296878023804,0.6501568566114173,1.8616002264104416,1.1015467422651937,0.5445488383588638,2.269186289066299e-16,1.1217706070192594e-16,19.974992673933638,0.43613029628289013,0.7403734239651953,1.907750990199348,0.45655840205586207,3.9299670398106567e-16,9.405103082350758e-17,19.378695780892954,0.2329565495686836,0.296991590118477,15.0,17.46025958838272,7.0,5.952933355763429,9.152273896373778,10.958809132200857,7.378602093513413,0.8594552005018227,490.02099609375,480.64752197265625,120.86274255551636,214.942288395,52.99481265555333,14.800000190734863,0.0
825403253.99,825403263.99,825403259.8466667,825403255.59,825403263.305,0.29769795775060137,0.4684379964068369,6.132577929662388e-17,9.64982272598084e-17,21.395560361659022,1.026324971449533,,0.346180370675774,0.4627456632153017,7.131315635920944e-17,9.532560662235215e-17,21.23174390346296,0.9215159351156004,,1.1523846186099282,0.35495184916932637,2.373912314336452e-16,7.312008092888123e-17,19.926006367686394,0.2915318836579708,0.3997584361935189,9.0,10.540373969308089,5.0,4.246519771053718,9.14657641128748,7.817456851257981,7.374008756834298,0.8539470417502166,492.30767822265625,483.9187927246094,124.75203898619613,214.94176537277778,52.99544786295556,16.11111068725586,0.0
825403263.99,825403273.99,825403267.5346153,825403264.205,825403273.27,1.3216832044244693,0.4695418766738035,2.722667401114407e-16,9.672562659480352e-17,19.77718157214425,0.3300569763775165,0.4765393565135021,0.8627835131767598,0.520237951409459,1.7773340371441252e-16,1.0716901799034856e-16,20.2402454059241,0.512317707027119,1.0029587318177562,1.668987761110914,0.4271930314458609,3.438114787888483e-16,8.800176447784735e-17,19.523867120107578,0.2474389631001621,0.3210083491104285,13.0,15.263635434717525,2.0,1.7253728966401414,9.145444796166583,3.1762546506329876,7.373096443916804,0.8517626315425159,493.7166442871094,484.73724365234375,126.34559698791747,214.9426215436923,52.99446602483845,14.84615421295166,0.0
825403273.99,825403283.99,825403279.162,825403274.255,825403282.355,0.41722684015546063,0.4860628872039554,8.594872907202488e-17,1.0012895476401481e-16,21.029069403079788,0.8386370812223163,,0.48282192981987176,0.47862844863635345,9.946131754289359e-17,9.85974604190888e-17,20.870532531070804,0.7478497178769068,5.153030722318778,1.289026177754026,0.3754166077709264,2.6553939261732934e-16,7.733582120081084e-17,19.804345657084525,0.2775178347620795,0.3737527426064098,10.0,11.789530547122585,5.0,4.331306998960542,9.146075347875737,7.973542429904636,7.373604797383266,0.8485231105319413,497.9609375,484.93914794921875,129.65725637317095,214.94146410549996,52.99560083710001,12.899999618530273,0.0
825403283.99,825403293.99,825403289.062,825403284.27,825403293.755,0.7613076207918259,0.44450477087603807,1.5682936988311612e-16,9.156798280046384e-17,20.376099557096673,0.4992989136686461,0.9519277434290245,0.4781237922919112,0.4780616650591742,9.849350121213371e-17,9.848070300218988e-17,20.881149111247904,0.7525044467833801,9.715645864360681,1.2843280402260655,0.374708428660534,2.645715762865695e-16,7.718993630407001e-17,19.808310088907223,0.27794992084897885,0.374540372969669,10.0,11.748028853671274,3.0,2.598814865544624,9.147218222848583,4.784181911570785,7.374526188041233,0.8514856157898649,499.3926696777344,483.65679931640625,129.91290489221112,214.9441484999,52.99503277133,14.100000381469727,0.0
825403293.99,825403303.99,825403299.2796875,825403294.05,825403303.67,1.5211240086436248,0.5285160871838929,3.133515457805867e-16,1.0887431395988192e-16,19.62458844732267,0.3237824681103909,0.4634672108239819,1.2326058919111826,0.5575423519675992,2.5391681373370364e-16,1.1485372450532542e-16,19.85293940163343,0.4051618936539896,0.6536989672217643,2.038810139845337,0.47198046271112926,4.199948888081394e-16,9.722797531849263e-17,19.30655803788008,0.22608427411648435,0.2858874899355115,16.0,18.659737344218485,3.0,2.5737296719186755,9.152268266447804,4.7380023505775615,7.378597554643177,0.8575027673588353,501.2530517578125,480.9530029296875,129.6362957416026,214.9432578005,52.99552178005625,12.375,0.0
825403303.99,825403313.99,825403308.2807691,825403304.035,825403313.39,1.2896971154283068,0.46448448073998516,2.656776057782312e-16,9.568380303243694e-17,19.803780678792776,0.3339670546339306,0.4848046493074065,0.8262091890828,0.5161135383013231,1.701990929510568e-16,1.0631938889007256e-16,20.287274947794124,0.5269173064375359,1.063985864400781,1.6324134370169543,0.42226829266081867,3.3627716802549257e-16,8.698726828812864e-17,19.547924597601764,0.24978599555349135,0.3249817460026101,13.0,14.944568408266887,2.0,1.7043377436877183,9.15489181195197,3.1375308463342084,7.380712668173285,0.870194391364356,501.06536865234375,477.89215087890625,127.59857330462768,214.9429021940769,52.995087483723076,14.769230842590332,0.0
825403313.99,825403323.99,825403317.735,825403314.19,825403323.975,1.1869334223115042,0.4531598494325588,2.4450828499616985e-16,9.335092898310711e-17,19.89393410222104,0.35110546967552736,0.5221607317077464,0.7275464748488953,0.5054877673595581,1.4987457381887244e-16,1.0413048007606897e-16,20.425348148034686,0.5727859915833982,1.2884823328654065,1.5337507227830496,0.40924585596469876,3.159526488933082e-16,8.430464632872795e-17,19.6156130490069,0.2567931387303908,0.33698360252488513,12.0,14.045622115292275,2.0,1.7252602275512394,9.157695515087324,3.176047237082963,7.382973025550953,0.8545271385801002,499.5979309082031,475.5903625488281,125.03459821768726,214.94314248999999,52.99524171077499,14.416666984558105,0.0
825403323.99,825403333.99,825403329.9532353,825403325.08,825403333.75,1.4875684060195635,0.5582549704555211,3.0643909164003006e-16,1.1500052391383734e-16,19.648807635135096,0.34597797698535615,0.5107868248277434,1.3643925384699496,0.5701761395849687,2.810648629248096e-16,1.1745628475450355e-16,19.742651660771884,0.37911204072099736,0.5875012140260267,2.170596786404104,0.486881993417676,4.471429379992454e-16,1.0029769064404126e-16,19.238552110759848,0.2197266240933402,0.2757765702656698,17.0,19.875171514873273,4.0,3.3973331465246206,9.156547010188504,6.2541814742839605,7.3820470960227516,0.8554837829739762,496.43170166015625,474.3725891113281,121.77994537770094,214.94395274000001,52.99610600378236,13.117647171020508,0.0
825403333.99,825403343.99,825403338.6569232,825403335.955,825403343.4,0.6273748360832122,0.5434758881937173,1.2923921623314172e-16,1.1195603296790577e-16,20.586182261949414,0.6774360842688587,2.1844264512545095,0.8610467435201421,0.5194909447949343,1.7737562916514928e-16,1.0701513462775646e-16,20.24243317856148,0.5125538467165462,1.0039126641405218,1.6672509914542963,0.4265072777332564,3.4345370423958504e-16,8.786049921305082e-17,19.524997539124747,0.24731388814323907,0.32079725211496424,13.0,15.280905020508898,6.0,5.177228931460021,9.16532969470889,9.530807805642311,7.389127733591351,0.8508884030488433,493.4627380371094,474.0855712890625,119.26422462172005,214.943553997,52.99521668473077,13.076923370361328,0.0
825403343.99,825403353.99,825403349.359375,825403344.53,825403353.89,0.6881473980514148,0.38467368703777793,1.4175836399859145e-16,7.924277952978225e-17,20.485796319730582,0.4821145709704524,0.888900991627672,0.21555745330904508,0.446731559670686,4.4404835381663284e-17,9.202670129216132e-17,21.746092389981296,1.2187112659653678,,1.0217617012431992,0.3339930223530541,2.1048291045609903e-16,6.880256260472915e-17,20.056625950088744,0.30707876568656545,0.4297680646933024,8.0,9.35889235995308,2.0,1.6599199784011467,9.159564650510893,3.0557617784202926,7.384479930469398,0.8548766685160634,489.6962890625,476.49652099609375,117.88613996602557,214.94678201662498,52.994835176425,13.875,0.0
825403353.99,825403363.99,825403360.056,825403354.68,825403363.93,1.3881718201196598,0.5130258852655288,2.859633949446499e-16,1.0568333236469894e-16,19.723891940049445,0.3414601436981499,0.5009068604884312,1.0933052251331388,0.5434947638291424,2.252208763774266e-16,1.1195992134880334e-16,19.98314644076651,0.43813547436509026,0.746321061846384,1.899509473067293,0.45538128076047435,3.9129895145186237e-16,9.380854383665772e-17,19.38339634057113,0.23332325181275593,0.297589293484009,15.0,17.399332162778755,3.0,2.5442896229506573,9.159908075995343,4.683805896795528,7.384756801553811,0.8630348717644608,489.1844482421875,478.9396667480469,119.10221154351467,214.9437504666,52.99511176942,15.0,0.0
825403363.99,825403373.99,825403367.7226924,825403364.65,825403373.02,1.1404861652917906,0.48735172540880023,2.3494015005010884e-16,1.0039445543421285e-16,19.9372749464503,0.3863028294676951,0.6052185915954027,0.8511121244617206,0.5187716069709767,1.7532909763911443e-16,1.0686695103602119e-16,20.25503305681744,0.5167423270077194,1.0210087137447204,1.6573163723958748,0.4255012184343182,3.414071727135502e-16,8.765325099746955e-17,19.53148644821751,0.2481145405559957,0.32214969543675664,13.0,15.170825932289715,3.0,2.5699185022906033,9.153850275646668,4.730986333762246,7.379872977179573,0.8571726175654002,489.66497802734375,481.9049377441406,121.44227892919166,214.94414420469232,52.99637069780769,16.0,0.0
825403373.99,825403383.99,825403379.3715625,825403374.46,825403383.61,2.049843346641828,0.4733941641995498,4.222677294082166e-16,9.751919782510726e-17,19.30069831844427,0.22559364924964598,0.28510174248311415,1.2436390987076738,0.5587857003654474,2.561896543337808e-16,1.1510985427528215e-16,19.84326408162907,0.4029069668707379,0.6477418805341344,2.049843346641828,0.4733941641995498,4.222677294082166e-16,9.751919782510726e-17,19.30069831844427,0.22559364924964598,0.28510174248311415,16.0,18.749752769673094,2.407569912e-314,4.35e-322,9.146919836771929,0.0,7.3742856279187095,0.8534709504647418,491.54827880859375,484.29779052734375,124.44759877397371,214.94304924906248,52.995464329175,16.0625,0.0
825403383.99,825403393.99,825403389.6800001,825403386.05,825403393.73,1.7431162432230103,0.47687092360814803,3.590819461039401e-16,9.823541026327849e-17,19.476684125301652,0.2625602850875737,0.34702124194472006,1.105584624191903,0.545061086556037,2.27750432583532e-16,1.1228258383054364e-16,19.971020024587872,0.4351546938462789,0.7374953396379809,1.9117888721260574,0.4571313075004606,3.938285076579678e-16,9.416904934509488e-17,19.376400176506248,0.232776245227722,0.296697899117941,15.0,17.49032692264653,1.0,0.8382436443695724,9.148670743750031,1.543130345316713,7.375697216562194,0.8577176493792646,494.5345458984375,486.0293884277344,127.81954483361996,214.9435980076,52.995821776,15.399999618530273,0.0
825403393.99,825403403.99,825403400.1800002,825403395.93,825403403.44,0.5610883577432746,0.5009310944601972,1.1558420169511457e-16,1.0319180545880063e-16,20.707421856401705,0.692753035052668,2.424357966597963,0.6223168488999669,0.4942065443494948,1.2819727087339316e-16,1.0180654813599592e-16,20.594971101406635,0.6346406683639785,1.7160687395434735,1.428521096834121,0.3951297631255137,2.942753459478289e-16,8.139673120385581e-17,19.692783353602135,0.26513759304194906,0.35155460860481824,11.0,13.070548979553243,5.0,4.311323758784882,9.149706650129358,7.936755101399442,7.376532368685669,0.8417157983652004,497.7022399902344,485.5981750488281,129.89524729873366,214.9435385027273,52.995362260381825,15.181818008422852,0.0
825403403.99,825403413.99,825403409.0103126,825403404.25,825403413.635,0.823748517596117,0.5962712634940626,1.696921946248001e-16,1.228318802797769e-16,20.290513384865562,0.5912493703979855,1.397141672122249,1.2329993614091397,0.5575238059684681,2.539978684502828e-16,1.1484990402950441e-16,19.852592870831348,0.4050427325105126,0.6533830364075683,2.0392036093432937,0.4719776663574039,4.200759435247185e-16,9.72273992696252e-17,19.30634852211726,0.22604368322543067,0.28582244759450504,16.0,18.66716151088591,7.0,6.043997399722482,9.154143031797346,11.126449758580023,7.380108998431858,0.8574548009365256,499.7589416503906,484.07244873046875,130.46081049396918,214.94395690099998,52.99528847863125,12.9375,0.0
825403413.99,825403423.99,825403418.3855,825403414.265,825403423.985,1.2695223583366426,0.3725327262338839,2.6152160581734836e-16,7.674174160418008e-17,19.820899115241257,0.2793684200435287,0.37713232660944485,0.4633181104024883,0.47635346619509944,9.544353074291259e-17,9.812881403619049e-17,20.9153018088805,0.7677420349166155,,1.2695223583366426,0.3725327262338839,2.6152160581734836e-16,7.674174160418008e-17,19.820899115241257,0.2793684200435287,0.37713232660944485,10.0,11.613198425110292,2.407570315e-314,4.55e-322,9.147691136630451,0.0,7.374907453141081,0.8611605561451935,501.2310485839844,481.1639099121094,129.75093629578944,214.9431643376,52.99513312975,15.699999809265137,0.0
825403423.99,825403433.99,825403427.8988236,825403424.365,825403433.955,1.8480110853496141,0.5270721212397732,3.806902835820205e-16,1.0857685697539328e-16,19.413238569949236,0.27243564225107164,0.3645545528628453,1.3892276077926573,0.5726489518995145,2.861808872052874e-16,1.179656840913e-16,19.72306648660922,0.37474568238031125,0.576938453522569,2.1954318557268113,0.48974434586706933,4.522589622797231e-16,1.0088733524861628e-16,19.22620009617251,0.2186320697429487,0.2740512306151075,17.0,20.095603887607794,2.0,1.727446224456766,9.153371731938826,3.1800714586590466,7.379487173209488,0.8480901459449062,500.7232971191406,478.2039489746094,127.51878378409194,214.9443644047647,52.99465155097647,14.0,8.0
825403433.99,825403443.99,825403437.7699999,825403434.115,825403441.605,0.972707260755989,0.5493731697669043,2.0037769571573373e-16,1.131708729719823e-16,20.11004460582252,0.48613861143148185,0.9032472854051434,0.7852683612105326,0.5721939410609259,1.617652824093697e-16,1.1787195185855075e-16,20.342454750252045,0.5942741946283583,1.416216961627196,1.591472609144687,0.4661734261335961,3.278433574838055e-16,9.603172578352079e-17,19.575502079066265,0.2789287483941223,0.3763279120229086,10.0,11.654759341584954,3.0,2.46148834725206,7.323254748222547,4.53137627562311,5.904039086720983,0.8581225617274819,499.9541931152344,475.778076171875,125.43188410299854,214.9434709101,52.995859387450004,11.399999618530273,0.0
825403443.99,825403453.99,825403450.354375,825403446.12,825403452.725,0.640892929938982,0.5127803625026136,1.3202394356743028e-16,1.056327546755384e-16,20.563036298358536,0.6382433954113438,1.7479843647787128,0.4771846193710685,0.5341301535048758,9.830003159044011e-17,1.1003081162200442e-16,20.883283907422104,0.8154997856335626,,1.2833888673052227,0.41859628105080704,2.6437810666487587e-16,8.623083389646625e-17,19.80910433073752,0.30649374593860657,0.42861577472369206,8.0,9.399955642388564,3.0,2.556263270776996,7.324323813191543,4.705848293930379,5.904900971440305,0.8511747223743305,495.9638671875,473.698486328125,120.99806069783502,214.94404341,52.99526654515,15.25,0.0
825403453.99,825403463.99,825403458.0915,825403454.155,825403462.945,1.1058596990041216,0.397172670590753,2.2780709799484907e-16,8.181757014169512e-17,19.97074992175865,0.33317075610193214,0.4831138691329997,0.4695171197009867,0.4766399494833453,9.672052665840325e-17,9.818782959356913e-17,20.900871419271457,0.7607795156080677,,1.2757213676351409,0.37310902176016436,2.6279860173283904e-16,7.686045848259386e-17,19.815610425542637,0.27855038372881324,0.37563640076386307,10.0,11.690690383130494,1.0,0.8455657291407753,9.163984142400958,1.5566096377364274,7.38804294360488,0.8555239368556447,493.74249267578125,474.06011962890625,119.4678042508391,214.94376754550004,52.99578132815001,12.699999809265137,0.0
825403463.99,825403473.99,825403469.1227778,825403464.07,825403473.57,1.963527713337597,0.5384657944848776,4.0448670894754496e-16,1.1092395366388479e-16,19.347407411735553,0.2631228578623386,0.34800825120689893,1.503377105347421,0.5832539813719535,3.096956837015687e-16,1.2015032016262242e-16,19.637330169575264,0.35594435265539914,0.53305496726367,2.309581353281575,0.5021582027726276,4.757737587760045e-16,1.0344458977116127e-16,19.171166838621517,0.2136045652957037,0.2661835596977866,18.0,21.153654485372666,2.0,1.7217227626673903,9.159086106803052,3.169535085819514,7.384094126499315,0.8511621460539103,490.76080322265625,475.8258361816406,118.26698962206964,214.94359721216668,52.99571132161111,14.11111068725586,0.0
825403473.99,825403483.99,825403479.6422222,825403474.975,825403483.89,0.6290341685247397,0.4241145638216824,1.2958103871609637e-16,8.736760014726657e-17,20.58331440864948,0.5595386819977044,1.2177268177601022,0.3322659371620134,0.46072353131669197,6.844678305537476e-17,9.490904745123854e-17,21.276285447290963,0.9444539962534613,,1.1384701850961676,0.3525151390093151,2.345248581298105e-16,7.261811863591891e-17,19.939195846126182,0.29287926781806917,0.402309887359074,9.0,10.430083313047755,3.0,2.5352653414054154,9.161490085194208,4.667193014859969,7.386032224090207,0.8632157369570156,488.7756042480469,478.6842956542969,118.6268363070458,214.94417002933335,52.994823915177776,12.88888931274414,0.0
825403483.99,825403493.99,825403489.184375,825403485.315,825403492.695,0.5206662922467886,0.41033261715295816,1.0725725620283845e-16,8.452851913350937e-17,20.788601343716817,0.6309742743067233,1.6846284455508602,0.22511053935762684,0.4479349478858045,4.637277110767113e-17,9.227459926447572e-17,21.699010428672512,1.1891214703292086,,1.0313147872917812,0.3355789002679129,2.124508461821069e-16,6.912925345519006e-17,20.046521887912263,0.3058587326682414,0.42736709846696996,8.0,9.44480936955381,3.0,2.540338942229115,9.158027680719824,4.676533052739962,7.383240818894893,0.8483905244799509,489.47119140625,480.75439453125,120.52537628135663,214.94115937875,52.9941391864875,17.375,0.0
825403493.99,825403503.99,825403498.49,825403496.055,825403503.76,0.6883177697072768,0.3863940440657528,1.41793460559699e-16,7.959717307754507e-17,20.48552754623698,0.48375760345375696,0.8947293489931667,0.22053932334494972,0.4477258875556274,4.543110060905964e-17,9.223153283645925e-17,21.721284905636733,1.203657037769723,,1.026743571279104,0.3350951571905074,2.1150917568349543e-16,6.902960238124453e-17,20.051345019254317,0.3066592208638781,0.42894151708792805,8.0,9.388315625822818,2.0,1.6809578097803013,9.1437783380781,3.0944905134591907,7.371752938326865,0.8522189157577378,490.58087158203125,484.38323974609375,123.7959023821353,214.944388849,52.994906709549994,14.25,0.0
825403503.99,825403513.99,825403508.7103125,825403504.615,825403513.095,1.1834691516342744,0.5650814267340666,2.437946452366605e-16,1.164067739072177e-16,19.89710764482228,0.4238031427674116,0.7047402047334437,1.2457053779886358,0.5590277124484802,2.5661530786565894e-16,1.151597087643869e-16,19.841461651502815,0.4024941048886461,0.646656043432408,2.05190962592279,0.47366651908603963,4.226933829400947e-16,9.757530293172416e-17,19.299604427891005,0.2255055949739564,0.28496081918132177,16.0,18.76597277357871,5.0,4.314401581942141,9.145613693945819,7.94242109402985,7.373232610023892,0.8526989079397473,494.37945556640625,486.1273193359375,127.77087605947533,214.9431154041875,52.996036413281246,12.9375,0.0
825403513.99,825403523.99,825403520.2016667,825403516.31,825403523.59,1.2011776006354518,0.45549234087847823,2.4744258573090306e-16,9.383142222096652e-17,19.880981937626036,0.3490719189077325,0.5176291665940944,0.7430771197283789,0.5075087800300317,1.5307388666404605e-16,1.0454680868618654e-16,20.402415277393935,0.5651990967482092,1.2472924200757483,1.5492813676625332,0.41159347453731593,3.191519617384818e-16,8.478825575468708e-17,19.604674255268865,0.2557989417883775,0.3352679034769217,12.0,14.168492161092368,2.0,1.729297513425176,9.145202709349675,3.183479513350892,7.3729012724966445,0.8470928941494189,498.0376281738281,485.3603515625,129.99140801154272,214.94203908666668,52.995226233874995,13.25,0.0
825403523.99,825403533.99,825403530.170625,825403526.115,825403533.925,1.722784532592262,0.5129164177926947,3.5489361371400593e-16,1.0566078206529511e-16,19.489422590125905,0.2829568687036996,0.38373233147243724,1.2584961075363779,0.5602122038164971,2.592501981524938e-16,1.154037139861984e-16,19.830370308409996,0.3997779371464212,0.6395496137186072,2.064700355470532,0.47508541820083294,4.2532827322692957e-16,9.786759614937159e-17,19.292857418624546,0.22485013415465005,0.28391274364350494,16.0,18.88733413441681,2.0,1.6990278105253238,9.147736176038245,3.127755742103437,7.374943764102969,0.8474688306561367,499.9505615234375,483.83734130859375,130.45617864457054,214.944292917,52.994951640575,14.5625,0.0
825403533.99,825403543.99,825403539.2971053,825403534.885,825403543.405,1.8919251026039554,0.5663191882738491,3.897365711364148e-16,1.1666175278441291e-16,19.387740151032247,0.28430274906457953,0.3862237663025567,1.6071306991848873,0.5931615138005099,3.3106892403208677e-16,1.2219127184290503e-16,19.564872007490123,0.34107291188623634,0.5000661001370794,2.4133349471190417,0.5135525706859555,4.971469991065226e-16,1.0579182956130683e-16,19.12345599527936,0.2094710766155785,0.25978436829559115,19.0,22.083372023004515,3.0,2.5917593330304896,9.150562398877497,4.77119331762431,7.377222276961583,0.8605519680608655,501.81341552734375,481.1531066894531,130.19907183499168,214.9432222540526,52.99570146752632,14.947368621826172,0.0
825403543.99,825403553.99,825403549.0435715,825403545.635,825403553.79,0.26463755996481036,0.4062525821517331,5.451533735275093e-17,8.368803192325702e-17,21.523371291075968,1.0099998173603595,,0.08124329881519109,0.4302121706128379,1.6736119555929363e-17,8.86237071462446e-17,22.805531126875977,1.9975506949995356,,0.8874475467493453,0.31141675542930786,1.8281419463036514e-16,6.415185161843742e-17,20.209643267035755,0.3265683387316827,0.4692424855912485,7.0,8.120848999084417,4.0,3.0958646661039255,9.150793225842458,5.6992054080549535,7.377408370641272,0.8621776357508267,501.9306945800781,478.1643981933594,128.45053383504177,214.9431865972857,52.99632425595714,14.714285850524902,8.0
825403553.99,825403563.99,825403558.747353,825403554.675,825403563.265,1.6915985173714168,0.5393346287693975,3.4846929457851186e-16,1.111029335264959e-16,19.50925676042329,0.30047315061387536,0.41686336078369024,1.3699928667849746,0.570999311059565,2.8221853055770474e-16,1.176258580782704e-16,19.738204235254948,0.37826369824183104,0.5854375734193376,2.176197114719129,0.4877549154461081,4.482966056321406e-16,1.0047751258189827e-16,19.235754424597193,0.21957042514643277,0.27553008052892736,17.0,19.90641944449989,3.0,2.4079348425781815,9.147342081220025,4.432789142018925,7.3746260431864314,0.85436890086522,500.0217590332031,475.0370178222656,125.0396190163548,214.94279762482353,52.995771859582355,14.411765098571777,8.0
825403563.99,825403573.99,825403571.085909,825403564.58,825403573.66,1.789148800907146,0.7315195772902221,3.6856465298687205e-16,1.5069303292178574e-16,19.44838384572315,0.37217312870407326,0.5707825482605244,1.5574838775052484,0.759810876410836,3.2084167876608117e-16,1.565210405406322e-16,19.59894110075183,0.43139429685566455,0.7264966675034117,2.3636881254394027,0.6561125338540361,4.869197538405169e-16,1.3515918197393143e-16,19.146024566448112,0.26597025544182173,0.35302558783377336,11.0,12.978475401913434,2.0,1.7136452519772298,5.490773195596933,3.1546651229580824,4.426684674733238,0.8478032402302312,496.3925476074219,473.3324890136719,121.11637865784049,214.94273960045456,52.99588107216364,12.272727012634277,0.0
825403573.99,825403583.99,825403579.0034617,825403574.645,825403583.145,0.9865629913768573,0.5081671949974784,2.032319762236326e-16,1.0468244216948055e-16,20.094687950297082,0.45109496347984646,0.7858436624760081,0.8696261597701184,0.5205782172282925,1.7914298891264438e-16,1.0723911274902824e-16,20.23166851110118,0.5093651399341361,0.9911187828806725,1.6758304077042725,0.4277569794909424,3.4522106398708014e-16,8.811793777513413e-17,19.51942483408071,0.24682622953701028,0.3199748232869162,13.0,15.348499481692672,4.0,3.429187750733879,9.1587426813186,6.312822904760095,7.383817255414901,0.8471541172701482,493.0909423828125,473.1183776855469,118.37322631865027,214.94329941123078,52.9946185687923,14.923076629638672,0.0
825403583.99,825403593.99,825403587.4704545,825403584.195,825403592.81,0.9131122932132149,0.4586015738506765,1.8810113240192226e-16,9.447192421323936e-17,20.178689525704222,0.44184834838218023,0.7574501486620733,0.6128627275771739,0.49307071220287185,1.262497218808978e-16,1.015725667137916e-16,20.61159197574266,0.6409144504742734,1.7723383454522725,1.419066975511328,0.39374874038476004,2.9232779695533356e-16,8.111224051926057e-17,19.699992766802804,0.2658769107464174,0.35286052993984285,11.0,12.98875220636776,3.0,2.5156129127937725,9.153022676528401,4.631014680370354,7.37920576325484,0.8471270057528248,490.5731506347656,475.31610107421875,117.79647998531145,214.94459003218182,52.99543551580909,12.727272987365723,0.0
825403593.99,825403603.99,825403598.83875,825403594.18,825403602.81,0.4941419483957738,0.4079486040765206,1.017932413695294e-16,8.403741243976325e-17,20.845370691710812,0.6534960279857529,1.8959449789077745,0.20224574379540175,0.4453351195436912,4.166262322185276e-17,9.173903462600038e-17,21.815301523060803,1.2635365391496016,,1.008449991729556,0.33198402409688865,2.0774069829628852e-16,6.838870896395906e-17,20.070864083128267,0.30897768381588975,0.43352103553215215,8.0,9.227294115593336,3.0,2.5562950024655495,9.14997688657614,4.7059067090843065,7.376750234457011,0.8671902542036033,489.27349853515625,478.60357666015625,118.94654179283904,214.94316123525,52.996039163525,14.25,0.0
825403603.99,825403613.99,825403608.4888889,825403604.03,825403613.75,0.6500393737550545,0.4292742373955184,1.3390811099354123e-16,8.843049290347679e-17,20.547650841905696,0.5505199767890581,1.1725229333925675,0.36232588986832803,0.46443927443507266,7.463913331287557e-17,9.567449053362496e-17,21.182251581245215,0.8957070046724986,,1.1685301378024822,0.3572683568492146,2.4071720838731134e-16,7.35972815109382e-17,19.910900205371238,0.2896431605860066,0.39619725318675236,9.0,10.697707781943476,3.0,2.5784546353806563,9.154841142618197,4.746700578768936,7.380671818341157,0.84154895216408,489.0709533691406,481.27105712890625,120.57619773793486,214.94288408122222,52.99500923475555,15.11111068725586,0.0
825403613.99,825403623.99,825403618.6157142,825403614.96,825403623.375,1.2162300687978258,0.5718799931624999,2.505433941723521e-16,1.1780727859147498e-16,19.86746065937228,0.41844627694111836,0.6897346310457166,0.6985763097150745,0.64919208281303,1.4390671980130534e-16,1.3373356905948416e-16,20.469465365864416,0.7135035338828644,2.8765639856748777,1.5047805576492288,0.5238551953581962,3.0998479487574113e-16,1.0791417024378843e-16,19.636317071688122,0.3243272599222564,0.46459301938881126,7.0,8.251327632678743,1.0,0.8594886234047354,5.48340925242215,1.5822404203587175,4.4207478324641825,0.8485036962605025,490.0850524902344,484.8034362792969,123.72121680190932,214.94581435914284,52.99498662824286,16.0,0.0
825403623.99,825403633.99,825403630.0255,825403624.47,825403633.38,0.419393271416982,0.48449770733989,8.639501391189829e-17,9.980652771201734e-17,21.023446353667605,0.8337364835630297,,0.476498993925077,0.4780079659074742,9.815879274856585e-17,9.846964097693968e-17,20.884845029973626,0.7542927785234887,,1.2827032418592312,0.37457486076057855,2.642368678230016e-16,7.716242131667918e-17,19.80968451909839,0.27817299940879536,0.3749473594295267,10.0,11.726681539621163,5.0,4.287294858399048,9.142162549323388,7.892520080234611,7.370450282569052,0.8528348879965474,494.67633056640625,485.71563720703125,127.71365640105536,214.9417368209,52.99517542606001,14.300000190734863,0.0
825403633.99,825403643.99,825403639.7016667,825403635.01,825403643.84,1.275206691937701,0.6056268737923549,2.626925785391664e-16,1.247591360012251e-16,19.81604854220681,0.42192445893626385,0.6994455700919779,1.5078856214077392,0.58423540656316,3.106244380099943e-16,1.2035249375201095e-16,19.634079000070443,0.35554601157616617,0.5321521609573097,2.314089869341893,0.5031300044175471,4.767025130844299e-16,1.0364478091001469e-16,19.16904944729668,0.21360130582787207,0.266178489086915,18.0,21.15436567040784,6.0,5.158864933324788,9.141548887392155,9.497001354529722,7.369955545713297,0.8510935425573378,497.8152770996094,485.56439208984375,129.95804564465365,214.94230344144447,52.99509289461111,14.55555534362793,0.0
825403643.99,825403653.99,825403649.3507693,825403645.43,825403652.405,1.1379986279153305,0.48852556184496176,2.3442771735055805e-16,1.0063626574006212e-16,19.939645653923456,0.3877969702188224,0.608951482571463,0.8536931229514164,0.5193805657233554,1.7586078332799178e-16,1.0699239653901122e-16,20.25174554271582,0.5159801555201575,1.0178727333286872,1.6598973708855707,0.4261091199843938,3.4193885840242754e-16,8.777847871678513e-17,19.529796907363625,0.24808604599909145,0.32210151704843426,13.0,15.174724501354094,3.0,2.5917522637525927,9.141965501914276,4.771180303726363,7.370291422110782,0.8568121404249437,501.3269348144531,483.94677734375,131.58346835865655,214.9411481283077,52.996206394061545,13.15384578704834,0.0
825403653.99,825403663.99,825403660.2146667,825403654.04,825403663.825,1.5435069867351272,0.4966642381410776,3.179624392674362e-16,1.0231283305706198e-16,19.60872850082296,0.30289504548860435,0.4215678765151871,1.093561933175216,0.5439417863309255,2.252737582340945e-16,1.1205200798417065e-16,19.98289153985444,0.43834727771118054,0.7469518506038995,1.8997661811093702,0.45576500548731474,3.9135183330853027e-16,9.388759113038683e-17,19.38324961933207,0.23347176571695627,0.297831513640034,15.0,17.374741512108386,2.0,1.7699130809941372,9.145726292465312,3.258249080921025,7.373323387428618,0.8634398179618163,502.3236999511719,480.2115173339844,130.01548786478295,214.94172344213334,52.995314314133324,14.0,0.0
825403663.99,825403673.99,825403667.5829167,825403664.77,825403671.735,0.3305634289935496,0.54295167326383,6.809606637267122e-17,1.1184804469234897e-16,21.281862987807,1.055039032627974,,0.7078287148108895,0.503554454304363,1.4581271525104323e-16,1.0373221758669877e-16,20.45517955779612,0.5833833960657273,1.3492863247444582,1.5140329627450437,0.4067690615288459,3.11890790325479e-16,8.379442667494225e-17,19.629661673743687,0.2583681855905482,0.3397104728334135,12.0,13.85398885885729,7.0,5.882531256442347,9.150387871172287,10.829205267541592,7.3770815719842595,0.8663236672292345,502.1816711425781,478.4290466308594,128.81074983445868,214.94327980766664,52.996072627316664,15.416666984558105,0.0
825403673.99,825403683.99,825403678.2885001,825403674.42,825403683.92,0.5852962905979547,0.463640579157892,1.2057103586317867e-16,9.550995930652574e-17,20.661560570706964,0.6334339481457931,1.705608172252603,0.46952491861493684,0.4770953718445364,9.672213323467699e-17,9.82816465999745e-17,20.900853384800396,0.7612929077379391,,1.275729166549091,0.37346596391990444,2.6280020830911275e-16,7.693398856750032e-17,19.8156037880922,0.27878389759818845,0.37606309761135037,10.0,11.668496843863181,4.0,3.4304062005286915,9.146531371879682,6.315065960064182,7.373972445872407,0.8574107053081642,500.2655334472656,474.750732421875,125.06338071182746,214.94258166970002,52.99533229631,15.300000190734863,0.0
825403683.99,825403693.99,825403689.1165384,825403685.575,825403693.71,0.6181916228271785,0.5432030232407369,1.273474743023988e-16,1.118998227875918e-16,20.60219221099552,0.6846417600973176,2.290319680959829,0.8536311050685251,0.5189928765497155,1.7584800764411616e-16,1.0691253256924139e-16,20.25182442059938,0.5157033764481405,1.0167366980377786,1.6598353530026795,0.4257884523909786,3.4192608271855197e-16,8.77124211925416e-17,19.529837473919073,0.24792741202701407,0.32183336206924196,13.0,15.196454109907709,6.0,5.1804097754678855,9.155398505289686,9.536663450293153,7.381121166494551,0.8555911584680621,496.5605773925781,472.7444763183594,120.89542564224843,214.9430399603077,52.994554492738466,14.230769157409668,0.0
825403693.99,825403703.99,825403698.8987501,825403695.515,825403702.815,0.010771288313053002,0.4716751887646718,2.2188853924889186e-18,9.716508888552239e-17,24.999330873187663,4.127953721795777,,0.21736402191822893,0.44710934110445644,4.4776988515155157e-17,9.210452426751803e-17,21.737030846754056,1.2132247865343437,,1.0235682698523831,0.33440564526489003,2.1085506358959092e-16,6.888756292456735e-17,20.054707963765587,0.3069365332707008,0.4294877455174344,8.0,9.368853074592,6.0,5.0356979179453845,9.153129645121918,9.270262076217639,7.379292001789328,0.8541448179661053,493.20111083984375,473.96160888671875,118.9822114893348,214.94480829000003,52.9959695020375,14.5,0.0
825403703.99,825403713.99,825403709.7816668,825403705.16,825403713.37,0.6785573265146304,0.5129227614324462,1.3978280926201386e-16,1.0566208885508391e-16,20.501033639954336,0.6112506119543397,1.5310889308251205,0.7357264847647078,0.5067905424214343,1.5155965586152981e-16,1.0439885173881546e-16,20.413209024736293,0.5689648970471346,1.2675060224550663,1.541930732698862,0.4106760769684986,3.1763773093596555e-16,8.459927185551072e-17,19.60983783854394,0.2563748374658381,0.33626121251662155,12.0,14.097136979306821,5.0,4.287778872783254,9.14252286458576,7.893411106714627,7.370740770264173,0.851435418827057,490.3987121582031,475.1336364746094,117.5456953263726,214.94227978058336,52.99502733026667,12.833333015441895,0.0
825403713.99,825403723.99,825403717.9756666,825403714.22,825403722.675,0.8985632624266656,0.5666204451781495,1.8510403205989312e-16,1.167238117066988e-16,20.196128353550478,0.5308585555439898,1.0812134574632069,1.1116995493917574,0.545675390821312,2.2901010717470204e-16,1.1240913050919026e-16,19.96503142593194,0.43358334581182945,0.732881154622433,1.9179037973259117,0.4578630671975243,3.950881822491378e-16,9.431979184269e-17,19.372932952426343,0.23244250445904058,0.2961546193740787,15.0,17.546173181015007,6.0,5.065735905318515,9.14862007441626,9.325559280245448,7.375656366730066,0.8549684427692334,488.8987121582031,477.5776672363281,117.98845484714812,214.94231475159998,52.99460843448667,14.733333587646484,0.0
825403723.99,825403728.99,825403726.9243749,825403724.47,825403728.855,1.4245113819420578,0.7800274863816172,2.934493446800639e-16,1.6068566219461315e-16,19.695835190921066,0.4741295916594055,0.8611346350206937,1.2980125919787777,0.7975524729642266,2.673905939476282e-16,1.6429580943063069e-16,19.79680273609572,0.5200556104341594,1.0347735767585533,2.1042168399129317,0.6781512985669601,4.3346866902206394e-16,1.3969916750479377e-16,19.272273770224885,0.30331024893445147,0.42237751487964204,8.0,9.627816147550131,2.0,1.689373632084582,4.575486691736822,3.109983277246617,3.688776807244416,0.8324784841267007,489.1226501464844,480.8164367675781,120.30853345021127,214.94194998787498,52.995175058225,14.5,0.0
