5153.05619146921,3.6176028e-16
5155.352373800918,2.261156e-16
5157.648556132626,1.9861013e-17
5159.9447384643345,5.5314772e-17
5162.240920796043,6.865783e-16
5164.537103127751,6.310459e-16
5166.833285459459,3.70899e-16
5169.129467791167,2.7173193e-16
5171.425650122876,7.8782534e-16
5173.721832454584,6.736706e-16
5176.018014786292,5.4497565e-16
5178.314197118,2.6057923e-16
5180.6103794497085,6.1750094e-16
5182.906561781417,3.5653933e-16
5185.202744113125,-2.5275968e-17
5187.498926444833,5.4206175e-16
5189.795108776541,5.3805566e-16
5192.09129110825,4.1910436e-16
5194.387473439958,4.2807155e-16
5196.683655771666,4.9646507e-16
5198.979838103373,4.713069e-16
5201.276020435082,6.9168695e-16
5203.57220276679,1.0298515e-15
5205.868385098498,1.3382472e-16
5208.164567430206,1.5114596e-16
5210.4607497619145,4.771862e-16
5212.756932093623,2.2107212e-16
5215.053114425331,3.2824292e-16
5217.349296757039,5.3718046e-16
5219.645479088747,5.4296045e-16
5221.941661420456,6.1428603e-16
5224.237843752164,3.3745978e-16
5226.534026083872,6.386198e-16
5228.83020841558,6.790162e-16
5231.1263907472885,4.8263133e-16
5233.422573078997,5.1239347e-16
5235.718755410705,6.87412e-16
5238.014937742413,7.203222e-16
5240.311120074121,6.4669224e-16
5242.60730240583,4.663238e-16
5244.903484737538,3.1957598e-16
5247.199667069246,1.140333e-16
5249.495849400954,3.07802e-16
5251.7920317326625,5.180101e-16
5254.088214064371,5.2250726e-16
5256.384396396079,4.9087656e-16
5258.680578727787,4.942532e-16
5260.976761059495,4.468902e-16
5263.272943391204,5.0208963e-16
5265.569125722912,2.6496186e-16
5267.86530805462,5.680876e-16
5270.161490386328,6.936599e-16
5272.4576727180365,5.9460945e-16
5274.753855049745,3.609066e-16
5277.050037381453,5.4695877e-16
5279.346219713161,8.4791963e-16
5281.642402044869,7.560898e-16
5283.938584376578,5.7658464e-16
5286.234766708285,5.818913e-16
5288.530949039993,6.3502897e-16
5290.827131371701,6.1003233e-16
5293.12331370341,7.568226e-16
5295.419496035118,5.863725e-16
5297.715678366826,5.2583906e-16
5300.011860698534,6.900221e-16
5302.3080430302425,6.026856e-16
5304.604225361951,6.8416794e-16
5306.900407693659,7.268404e-16
5309.196590025367,7.065661e-16
5311.492772357075,6.557837e-16
5313.788954688784,7.408643e-16
5316.085137020492,8.594654e-16
5318.3813193522,6.0200114e-16
5320.677501683908,6.2412813e-16
5322.9736840156165,6.423496e-16
5325.269866347325,5.062735e-16
5327.566048679033,5.3924616e-16
5329.862231010741,5.713069e-16
5332.158413342449,7.510566e-16
5334.454595674158,6.1195483e-16
5336.750778005866,4.6268884e-16
5339.046960337574,4.763144e-16
5341.343142669282,6.6518207e-16
5343.6393250009905,7.8087957e-16
5345.935507332699,5.9290263e-16
5348.231689664407,6.2626884e-16
5350.527871996115,7.9423474e-16
5352.824054327823,7.068352e-16
5355.120236659532,6.1367786e-16
5357.41641899124,7.297383e-16
5359.712601322948,7.935321e-16
5362.008783654656,7.471455e-16
5364.304965986365,5.6545866e-16
5366.601148318073,6.2146987e-16
5368.897330649781,7.049032e-16
5371.193512981489,6.4458207e-16
5373.489695313197,6.8161107e-16
5375.785877644905,5.595866e-16
5378.082059976613,8.20001e-16
5380.378242308321,8.536082e-16
5382.674424640029,5.823323e-16
5384.970606971738,7.497903e-16
5387.266789303446,7.5632435e-16
5389.562971635154,7.402503e-16
5391.859153966862,7.3366145e-16
5394.155336298571,6.2882784e-16
5396.451518630279,5.867014e-16
5398.747700961987,5.4221713e-16
5401.043883293695,6.6295246e-16
5403.340065625403,6.881059e-16
5405.636247957112,6.6876613e-16
5407.93243028882,6.6953815e-16
5410.228612620528,5.523532e-16
5412.524794952236,6.2817133e-16
5414.820977283945,6.282751e-16
5417.117159615653,5.8591164e-16
5419.413341947361,7.135386e-16
5421.709524279069,7.8663765e-16
5424.005706610777,8.8375643e-16
5426.301888942486,5.4033815e-16
5428.598071274194,5.8810286e-16
5430.894253605902,7.561582e-16
5433.19043593761,5.0612384e-16
5435.486618269319,4.722074e-16
5437.782800601027,6.0220956e-16
5440.078982932735,6.603678e-16
5442.375165264443,6.6215827e-16
5444.6713475961515,4.8934015e-16
5446.96752992786,6.071506e-16
5449.263712259568,6.600969e-16
5451.559894591276,3.990661e-16
5453.856076922984,4.6465914e-16
5456.152259254693,5.1534787e-16
5458.448441586401,5.476639e-16
5460.744623918109,5.2594324e-16
5463.040806249817,5.556928e-16
5465.336988581525,4.9551364e-16
5467.633170913233,4.437514e-16
5469.929353244941,5.175543e-16
5472.225535576649,5.450699e-16
5474.5217179083575,5.3752234e-16
5476.817900240066,5.9616487e-16
5479.114082571774,4.2738831e-16
5481.410264903482,4.5698635e-16
5483.70644723519,6.7693126e-16
5486.002629566899,4.7497256e-16
5488.298811898607,5.7271757e-16
5490.594994230315,5.68697e-16
5492.891176562023,4.490817e-16
5495.1873588937315,4.8477485e-16
5497.48354122544,5.3123397e-16
5499.779723557148,5.8039116e-16
5502.075905888856,5.876157e-16
5504.372088220564,5.7273964e-16
5506.668270552273,5.372516e-16
5508.964452883981,5.3732054e-16
5511.260635215689,5.692529e-16
5513.556817547397,4.1087496e-16
5515.8529998791055,4.150962e-16
5518.149182210814,5.097574e-16
5520.445364542522,5.66221e-16
5522.74154687423,5.548482e-16
5525.037729205938,6.087573e-16
5527.333911537647,6.465461e-16
5529.630093869355,4.3283235e-16
5531.926276201063,4.6357213e-16
5534.222458532771,4.8217716e-16
5536.5186408644795,5.666222e-16
5538.814823196188,5.2459424e-16
5541.111005527896,4.618983e-16
5543.407187859604,5.3127685e-16
5545.703370191312,6.620407e-16
5547.999552523021,5.033908e-16
5550.295734854728,5.857158e-16
5552.591917186437,6.0227383e-16
5554.888099518144,6.441883e-16
5557.184281849853,6.2650077e-16
5559.480464181561,6.286874e-16
5561.776646513269,6.82143e-16
5564.072828844977,6.520172e-16
5566.3690111766855,5.6877325e-16
5568.665193508394,6.6034996e-16
5570.961375840102,6.740621e-16
5573.25755817181,6.132145e-16
5575.553740503518,5.2992467e-16
5577.849922835227,6.110364e-16
5580.146105166935,7.767198e-16
5582.442287498643,7.9619e-16
5584.738469830351,6.961946e-16
5587.0346521620595,5.9906e-16
5589.330834493768,6.0644526e-16
5591.627016825476,5.9749926e-16
5593.923199157184,7.2367303e-16
5596.219381488892,6.7172736e-16
5598.515563820601,5.7729716e-16
5600.811746152309,5.917587e-16
5603.107928484017,5.7851816e-16
5605.404110815725,5.7807473e-16
5607.7002931474335,6.1104327e-16
5609.996475479142,5.642616e-16
5612.29265781085,5.96184e-16
5614.588840142558,6.1892814e-16
5616.885022474266,5.764832e-16
5619.181204805975,5.758802e-16
5621.477387137683,6.5763993e-16
5623.773569469391,6.345674e-16
5626.069751801099,7.0002953e-16
5628.3659341328075,7.4333007e-16
5630.662116464516,5.4170367e-16
5632.958298796224,6.16348e-16
5635.254481127932,6.04798e-16
5637.55066345964,4.8688894e-16
5639.846845791348,5.376866e-16
5642.143028123057,5.5688896e-16
5644.439210454764,4.99549e-16
5646.735392786472,5.7066674e-16
5649.031575118181,5.4841953e-16
5651.327757449889,5.2674846e-16
5653.623939781597,6.2745024e-16
5655.920122113305,6.479004e-16
5658.2163044450135,5.799014e-16
5660.512486776722,5.241713e-16
5662.80866910843,5.624119e-16
5665.104851440138,5.268182e-16
5667.401033771846,5.172133e-16
5669.697216103555,4.981757e-16
5671.993398435263,6.465289e-16
5674.289580766971,6.515615e-16
5676.585763098679,5.94598e-16
5678.8819454303875,6.586888e-16
5681.178127762096,6.268898e-16
5683.474310093804,5.201887e-16
5685.770492425512,6.0253646e-16
5688.06667475722,6.3036277e-16
5690.362857088929,5.965143e-16
5692.659039420637,6.4635417e-16
5694.955221752345,6.086947e-16
5697.251404084053,6.4662474e-16
5699.5475864157615,5.864941e-16
5701.84376874747,5.9727395e-16
5704.139951079178,5.889829e-16
5706.436133410886,6.575473e-16
5708.732315742594,6.436285e-16
5711.028498074303,6.135019e-16
5713.324680406011,6.501018e-16
5715.620862737719,5.062334e-16
5717.917045069427,6.399691e-16
5720.213227401136,6.3471233e-16
5722.509409732844,6.218767e-16
5724.805592064551,6.438735e-16
5727.10177439626,5.770207e-16
5729.3979567279675,6.5514033e-16
5731.694139059677,7.5455193e-16
5733.990321391384,6.573369e-16
5736.286503723092,6.0130377e-16
5738.5826860548,6.4394584e-16
5740.878868386509,6.0489095e-16
5743.175050718217,6.3110334e-16
5745.471233049925,7.217077e-16
5747.767415381633,6.290355e-16
5750.063597713342,6.2717506e-16
5752.35978004505,7.4165035e-16
5754.655962376758,7.117536e-16
5756.952144708466,8.184595e-16
5759.248327040174,7.400521e-16
5761.544509371883,6.7664555e-16
5763.840691703591,6.4212943e-16
5766.136874035299,6.0735677e-16
5768.433056367007,7.5030067e-16
5770.729238698716,8.75393e-16
5773.025421030424,6.7098165e-16
5775.321603362132,6.378509e-16
5777.61778569384,6.395986e-16
5779.9139680255485,6.177399e-16
5782.210150357257,6.8139825e-16
5784.506332688965,7.3974553e-16
5786.802515020673,7.003977e-16
5789.098697352381,6.5491984e-16
5791.39487968409,7.816076e-16
5793.691062015798,7.916691e-16
5795.987244347506,6.948973e-16
5798.283426679214,7.5578685e-16
5800.5796090109225,8.773707e-16
5802.875791342631,8.3030616e-16
5805.171973674339,9.102113e-16
5807.468156006047,8.7573625e-16
5809.764338337755,7.2702235e-16
5812.060520669464,7.137068e-16
5814.356703001171,7.7457156e-16
5816.65288533288,7.1597175e-16
5818.949067664587,6.6728064e-16
5821.2452499962965,6.7141454e-16
5823.541432328004,6.000058e-16
5825.837614659712,5.687228e-16
5828.13379699142,6.9227325e-16
5830.4299793231285,8.0191854e-16
5832.726161654837,6.956033e-16
5835.022343986545,6.2926686e-16
5837.318526318253,7.052903e-16
5839.614708649961,7.0227586e-16
5841.91089098167,7.231121e-16
5844.207073313378,7.242791e-16
5846.503255645086,7.052939e-16
5848.799437976794,6.944075e-16
5851.0956203085025,6.2560075e-16
5853.391802640211,5.6252443e-16
5855.687984971919,6.0155883e-16
5857.984167303627,5.8393774e-16
5860.280349635335,5.4340006e-16
5862.576531967044,5.104025e-16
5864.872714298752,4.7588873e-16
5867.16889663046,4.8486553e-16
5869.465078962168,5.4977685e-16
5871.7612612938765,5.388098e-16
5874.057443625585,5.421646e-16
5876.353625957293,4.6723947e-16
5878.649808289001,4.494246e-16
5880.945990620709,4.779172e-16
5883.242172952418,4.6649424e-16
5885.538355284126,4.347484e-16
5887.834537615834,4.010315e-16
5890.130719947542,2.9838557e-16
5892.4269022792505,3.4059412e-16
5894.723084610959,2.993258e-16
5897.019266942667,2.1421318e-16
5899.315449274375,3.8800737e-16
5901.611631606083,4.0630082e-16
5903.907813937791,3.546816e-16
5906.2039962695,3.5898212e-16
5908.500178601207,3.6727979e-16
5910.796360932916,4.2355618e-16
5913.092543264624,4.0723134e-16
5915.388725596332,4.7806635e-16
5917.68490792804,4.882889e-16
5919.981090259748,5.409578e-16
5922.2772725914565,4.5056854e-16
5924.573454923165,4.456275e-16
5926.869637254873,5.314455e-16
5929.165819586581,5.4094356e-16
5931.462001918289,5.180288e-16
5933.758184249998,5.4504304e-16
5936.054366581706,5.588701e-16
5938.350548913414,6.3929616e-16
5940.646731245122,5.4044545e-16
5942.9429135768305,6.0604535e-16
5945.239095908539,7.027283e-16
5947.535278240247,5.454431e-16
5949.831460571955,5.55626e-16
5952.127642903663,5.3708946e-16
5954.423825235372,5.7349446e-16
5956.72000756708,5.548287e-16
5959.016189898788,5.443569e-16
5961.312372230496,4.836715e-16
5963.6085545622045,5.2519944e-16
5965.904736893913,5.118556e-16
5968.200919225621,5.118109e-16
5970.497101557329,5.663931e-16
5972.793283889037,5.8261684e-16
5975.089466220746,5.743797e-16
5977.385648552454,5.323192e-16
5979.681830884162,5.7385905e-16
5981.97801321587,5.544968e-16
5984.2741955475785,6.3705443e-16
5986.570377879287,5.77844e-16
5988.866560210995,6.3018367e-16
5991.162742542703,7.04058e-16
5993.4589248744105,6.4723233e-16
5995.75510720612,6.7164265e-16
5998.051289537827,6.949458e-16
6000.347471869536,7.075794e-16
6002.643654201243,6.276825e-16
6004.939836532952,5.8550676e-16
6007.23601886466,6.624217e-16
6009.532201196368,6.563834e-16
6011.828383528076,6.446172e-16
6014.1245658597845,6.835639e-16
6016.420748191493,6.942048e-16
6018.716930523201,7.2760125e-16
6021.013112854909,6.832133e-16
6023.309295186617,6.206556e-16
6025.605477518326,6.4526255e-16
6027.901659850034,7.308755e-16
6030.197842181742,7.851442e-16
6032.49402451345,7.348053e-16
6034.7902068451585,7.072985e-16
6037.086389176867,6.7840653e-16
6039.382571508575,6.31718e-16
6041.678753840283,6.545029e-16
6043.974936171991,6.8713526e-16
6046.2711185037,7.4393575e-16
6048.567300835408,7.576456e-16
6050.863483167116,6.648402e-16
6053.159665498824,7.882276e-16
6055.455847830533,7.646232e-16
6057.752030162241,7.560655e-16
6060.048212493949,8.092008e-16
6062.344394825657,7.4725405e-16
6064.640577157365,6.7613373e-16
6066.936759489074,7.422745e-16
6069.232941820782,7.376089e-16
6071.52912415249,6.5406026e-16
6073.825306484198,7.320724e-16
6076.121488815907,7.940076e-16
6078.417671147615,7.6021583e-16
6080.713853479323,7.7742113e-16
6083.01003581103,7.974398e-16
6085.306218142739,7.4616016e-16
6087.602400474447,7.2918864e-16
6089.898582806156,7.382682e-16
6092.194765137863,8.0928143e-16
6094.490947469571,8.326029e-16
6096.78712980128,8.834132e-16
6099.083312132988,7.416644e-16
6101.379494464696,7.6401493e-16
6103.675676796404,7.118483e-16
6105.971859128113,6.6607426e-16
6108.268041459821,7.527683e-16
6110.564223791529,7.403358e-16
6112.860406123237,7.568976e-16
6115.156588454945,6.9552226e-16
6117.452770786654,7.4200547e-16
6119.748953118362,7.0932413e-16
6122.04513545007,7.034336e-16
6124.341317781778,6.984862e-16
6126.637500113487,7.285872e-16
6128.933682445195,8.642276e-16
6131.229864776903,7.7429743e-16
6133.526047108611,7.805719e-16
6135.8222294403195,7.83362e-16
6138.118411772028,7.613579e-16
6140.414594103736,7.1095536e-16
6142.710776435444,8.380749e-16
6145.006958767152,8.766093e-16
6147.303141098861,8.8071675e-16
6149.599323430569,8.287224e-16
6151.895505762277,7.8001263e-16
6154.191688093985,7.070705e-16
6156.4878704256935,7.4120465e-16
6158.784052757402,6.1083966e-16
6161.08023508911,4.87863e-16
6163.376417420818,5.1858613e-16
6165.672599752526,4.892483e-16
6167.968782084234,5.6049944e-16
6170.264964415943,5.1529233e-16
6172.56114674765,5.051267e-16
6174.857329079359,5.1760897e-16
6177.153511411067,5.56577e-16
6179.449693742776,6.004588e-16
6181.745876074483,6.0759246e-16
6184.042058406192,5.2000316e-16
6186.3382407378995,5.430277e-16
6188.634423069608,5.4606467e-16
6190.930605401316,4.4679315e-16
6193.226787733024,4.5142256e-16
6195.522970064732,5.605647e-16
6197.819152396441,5.576639e-16
6200.115334728149,4.8957684e-16
6202.411517059857,5.6011695e-16
6204.707699391565,5.384673e-16
6207.0038817232735,5.2462606e-16
6209.300064054982,5.205113e-16
6211.59624638669,4.9167044e-16
6213.892428718398,5.210501e-16
6216.188611050106,4.6886884e-16
6218.484793381815,4.8776075e-16
6220.780975713523,5.10399e-16
6223.077158045231,4.2685447e-16
6225.373340376939,4.2612597e-16
6227.6695227086475,4.1078308e-16
6229.965705040356,3.7456046e-16
6232.261887372064,3.8767253e-16
6234.558069703772,4.696284e-16
6236.85425203548,4.8677205e-16
6239.150434367189,4.1898482e-16
6241.446616698897,4.1401316e-16
6243.742799030605,4.2584507e-16
6246.038981362313,4.6402805e-16
6248.3351636940215,4.6298064e-16
6250.63134602573,4.2670801e-16
6252.927528357437,4.6855856e-16
6255.223710689146,5.0008e-16
6257.5198930208535,5.0134414e-16
6259.816075352563,4.7876335e-16
6262.11225768427,4.2991263e-16
6264.408440015979,4.8103483e-16
6266.704622347686,4.9371586e-16
6269.0008046793955,5.384665e-16
6271.296987011103,5.3975343e-16
6273.593169342811,4.996017e-16
6275.889351674519,5.1368107e-16
6278.1855340062275,5.0391536e-16
6280.481716337936,4.6548383e-16
6282.777898669644,5.5542084e-16
6285.074081001352,5.921831e-16
6287.37026333306,4.913235e-16
6289.666445664769,5.8174615e-16
6291.962627996477,5.798112e-16
6294.258810328185,4.7295906e-16
6296.554992659893,4.994231e-16
6298.8511749916015,5.244987e-16
6301.14735732331,6.084854e-16
6303.443539655018,5.942989e-16
6305.739721986726,5.392756e-16
6308.035904318434,6.2900037e-16
6310.332086650143,6.9165375e-16
6312.628268981851,6.5067753e-16
6314.924451313559,6.3487645e-16
6317.220633645267,6.2306383e-16
6319.5168159769755,5.8683104e-16
6321.812998308684,6.313333e-16
6324.109180640392,6.664938e-16
6326.4053629721,6.685957e-16
6328.701545303808,7.180829e-16
6330.997727635517,7.011363e-16
6333.293909967225,6.293529e-16
6335.590092298933,6.739771e-16
6337.886274630641,7.1594973e-16
6340.1824569623495,6.822863e-16
6342.478639294057,7.549132e-16
6344.774821625766,7.9982415e-16
6347.071003957473,7.7400034e-16
6349.367186289182,7.655136e-16
6351.66336862089,7.086553e-16
6353.959550952599,6.840201e-16
6356.255733284306,7.0390137e-16
6358.551915616015,7.2996235e-16
6360.848097947723,6.992472e-16
6363.144280279431,6.5554077e-16
6365.440462611139,7.247148e-16
6367.736644942847,7.9514816e-16
6370.0328272745555,7.420943e-16
6372.329009606264,7.7311683e-16
6374.625191937972,7.9443347e-16
6376.92137426968,7.422805e-16
6379.217556601388,7.6759544e-16
6381.513738933097,7.5046293e-16
6383.809921264805,6.8051167e-16
6386.106103596513,7.316401e-16
6388.402285928221,7.508078e-16
6390.6984682599295,6.8904325e-16
6392.994650591638,7.297608e-16
6395.290832923346,8.133461e-16
6397.587015255054,8.722108e-16
6399.883197586762,8.8035004e-16
6402.179379918471,7.993023e-16
6404.475562250179,8.18793e-16
6406.771744581887,8.874025e-16
6409.067926913595,8.973729e-16
6411.364109245304,8.8553695e-16
6413.660291577012,8.4433896e-16
6415.95647390872,8.6675267e-16
6418.252656240428,8.6944417e-16
6420.548838572136,8.4533486e-16
6422.845020903845,8.6980056e-16
6425.141203235553,8.5144583e-16
6427.437385567261,8.296267e-16
6429.733567898969,8.948037e-16
6432.029750230677,9.603231e-16
6434.325932562386,9.45982e-16
6436.622114894093,9.046262e-16
6438.918297225802,9.118066e-16
6441.21447955751,8.907463e-16
6443.510661889219,8.956026e-16
6445.806844220926,9.61223e-16
6448.103026552635,9.827097e-16
6450.399208884342,9.900442e-16
6452.695391216051,9.888776e-16
6454.991573547759,9.886305e-16
6457.287755879467,9.711884e-16
6459.583938211175,9.813712e-16
6461.880120542884,9.963973e-16
6464.176302874592,9.865008e-16
6466.4724852063,1.002953e-15
6468.768667538008,1.024825e-15
6471.064849869716,1.0267009e-15
6473.361032201425,1.0757317e-15
6475.657214533133,1.102502e-15
6477.953396864841,1.0890837e-15
6480.249579196549,1.0651126e-15
6482.545761528258,1.0537712e-15
6484.841943859966,1.0283462e-15
6487.138126191674,9.935419e-16
6489.434308523382,1.0460664e-15
6491.7304908550905,1.0011591e-15
6494.026673186799,9.725051e-16
6496.322855518507,9.966567e-16
6498.619037850215,9.824708e-16
6500.915220181923,1.0606529e-15
6503.211402513632,1.1147417e-15
6505.50758484534,1.1242825e-15
6507.803767177048,1.15152e-15
6510.099949508756,1.1536034e-15
6512.3961318404645,1.1804875e-15
6514.692314172173,1.1320977e-15
6516.988496503881,1.1164488e-15
6519.284678835589,1.1294548e-15
6521.5808611672965,1.1674619e-15
6523.877043499006,1.3054105e-15
6526.173225830713,1.3051091e-15
6528.469408162422,1.1933179e-15
6530.765590494129,1.1613724e-15
6533.0617728258385,1.2023207e-15
6535.357955157546,1.2692806e-15
6537.654137489255,1.2961456e-15
6539.950319820962,1.2543565e-15
6542.2465021526705,1.2053338e-15
6544.542684484379,1.2492303e-15
6546.838866816087,1.2496458e-15
6549.135049147795,1.13109e-15
6551.431231479503,1.1239503e-15
6553.727413811212,1.1705949e-15
6556.02359614292,1.1501634e-15
6558.319778474628,1.2447208e-15
6560.615960806336,1.5110264e-15
6562.9121431380445,1.7183069e-15
6565.208325469753,1.7602239e-15
6567.504507801461,1.5321036e-15
6569.800690133169,1.2136913e-15
6572.096872464877,1.0834649e-15
6574.393054796586,1.057114e-15
6576.689237128294,1.0839502e-15
6578.985419460002,1.0578568e-15
6581.28160179171,1.0188105e-15
6583.5777841234185,1.0696211e-15
6585.873966455127,1.100445e-15
6588.170148786835,1.1023692e-15
6590.466331118543,1.0913573e-15
6592.762513450251,1.0741488e-15
6595.05869578196,1.077492e-15
6597.354878113668,1.0558627e-15
6599.651060445376,1.1128893e-15
6601.947242777084,1.0885259e-15
6604.2434251087925,1.0499668e-15
6606.5396074405,1.0589074e-15
6608.835789772209,1.0532965e-15
6611.131972103916,1.0711116e-15
6613.428154435625,1.1027321e-15
6615.724336767333,1.0803555e-15
6618.020519099042,1.0411748e-15
6620.316701430749,1.0357334e-15
6622.612883762458,1.0575195e-15
6624.909066094166,1.0530012e-15
6627.205248425875,1.024709e-15
6629.501430757582,9.602187e-16
6631.79761308929,9.541141e-16
6634.0937954209985,1.0196439e-15
6636.389977752707,1.0110254e-15
6638.686160084415,9.496526e-16
6640.982342416123,1.0007435e-15
6643.278524747831,1.0769389e-15
6645.57470707954,9.584736e-16
6647.870889411248,9.334474e-16
6650.167071742956,9.374024e-16
6652.463254074664,9.117876e-16
6654.7594364063725,8.6196153e-16
6657.055618738081,8.970845e-16
6659.351801069789,8.7488053e-16
6661.647983401497,8.459369e-16
6663.944165733205,8.3683494e-16
6666.240348064914,8.6149074e-16
6668.536530396622,8.877605e-16
6670.83271272833,8.959201e-16
6673.128895060038,9.727217e-16
6675.4250773917465,1.0103079e-15
6677.721259723455,9.156945e-16
6680.017442055163,8.4225113e-16
6682.313624386871,7.9135673e-16
6684.609806718579,7.879087e-16
6686.905989050288,7.9692634e-16
6689.202171381996,7.994914e-16
6691.498353713704,8.7461324e-16
6693.794536045412,8.6182474e-16
6696.09071837712,8.549278e-16
6698.386900708829,8.485806e-16
6700.683083040536,8.502728e-16
6702.979265372245,8.5527553e-16
6705.2754477039525,9.192383e-16
6707.571630035662,8.890764e-16
6709.867812367369,8.8262744e-16
6712.163994699078,8.146202e-16
6714.460177030785,7.8900817e-16
6716.756359362495,7.311749e-16
6719.052541694202,6.6077787e-16
6721.34872402591,6.938477e-16
6723.644906357618,6.8026206e-16
6725.9410886893265,7.3579216e-16
6728.237271021035,7.5176366e-16
6730.533453352743,7.3377866e-16
6732.829635684451,8.7011205e-16
6735.125818016159,1.3433704e-15
6737.422000347868,2.0965285e-15
6739.718182679576,2.3804095e-15
6742.014365011284,1.5178511e-15
6744.310547342992,7.6537495e-16
6746.606729674701,7.7848305e-16
6748.902912006409,7.2814594e-16
6751.199094338117,7.3933694e-16
6753.495276669825,7.856613e-16
6755.791459001533,7.772105e-16
6758.087641333242,7.9265147e-16
6760.38382366495,8.428183e-16
6762.680005996658,7.6366627e-16
6764.976188328366,8.1766123e-16
6767.272370660075,8.2974696e-16
6769.568552991783,7.9322576e-16
6771.864735323491,7.7078235e-16
6774.160917655199,8.070144e-16
6776.457099986907,7.716227e-16
6778.753282318616,7.538344e-16
6781.049464650324,7.567753e-16
6783.345646982032,6.6375603e-16
6785.641829313739,7.4934464e-16
6787.938011645449,7.1355416e-16
6790.234193977156,7.194708e-16
6792.530376308865,7.4348756e-16
6794.826558640572,7.370404e-16
6797.1227409722815,7.5053493e-16
6799.418923303989,6.794972e-16
6801.715105635698,7.0857705e-16
6804.011287967405,8.085875e-16
6806.307470299113,7.331539e-16
6808.603652630822,7.9415654e-16
6810.89983496253,8.165838e-16
6813.196017294238,8.029181e-16
6815.492199625946,7.734168e-16
6817.788381957655,7.746885e-16
6820.084564289363,7.7256504e-16
6822.380746621071,8.0159185e-16
6824.676928952779,8.370927e-16
6826.9731112844875,7.9130633e-16
6829.269293616196,8.3545946e-16
6831.565475947904,8.3887486e-16
6833.861658279612,8.1939273e-16
6836.15784061132,8.397495e-16
6838.454022943029,8.0216074e-16
6840.750205274737,8.5440806e-16
6843.046387606445,8.928284e-16
6845.342569938153,8.499315e-16
6847.6387522698615,8.5127584e-16
6849.93493460157,8.7381285e-16
6852.231116933278,8.0752934e-16
6854.527299264986,7.7336834e-16
6856.823481596694,8.097575e-16
6859.119663928403,9.330458e-16
6861.415846260111,9.236222e-16
6863.712028591819,8.85771e-16
6866.008210923527,8.126312e-16
6868.3043932552355,6.1992594e-16
6870.600575586944,6.118593e-16
6872.896757918652,5.6179106e-16
6875.192940250359,6.473791e-16
6877.489122582068,7.950251e-16
6879.785304913776,8.824107e-16
6882.081487245485,9.004124e-16
6884.377669577192,8.5119987e-16
6886.673851908901,8.4548775e-16
6888.970034240609,7.7870433e-16
6891.266216572318,7.798828e-16
6893.562398904025,7.736804e-16
6895.858581235733,8.2712624e-16
6898.1547635674415,8.1643817e-16
6900.45094589915,7.9937226e-16
6902.747128230858,8.447463e-16
6905.043310562566,8.669019e-16
6907.339492894274,8.77635e-16
6909.635675225983,9.366183e-16
6911.931857557691,9.926652e-16
6914.228039889399,1.0265901e-15
6916.524222221107,1.0460241e-15
6918.8204045528155,9.0521e-16
6921.116586884524,9.52767e-16
6923.412769216232,8.649294e-16
6925.70895154794,9.20397e-16
6928.005133879648,1.0071637e-15
6930.301316211357,1.0287734e-15
6932.597498543065,1.0578455e-15
6934.893680874773,1.0896229e-15
6937.189863206481,1.0402361e-15
6939.4860455381895,1.1046297e-15
6941.782227869898,1.1156331e-15
6944.078410201606,1.1192575e-15
6946.374592533314,1.1203972e-15
6948.670774865022,1.0621885e-15
6950.966957196731,1.135159e-15
6953.263139528439,1.1071753e-15
6955.559321860147,1.0878988e-15
6957.855504191855,1.0232947e-15
6960.1516865235635,1.0182917e-15
6962.447868855272,1.143904e-15
6964.744051186979,1.150368e-15
6967.040233518688,1.1734396e-15
6969.3364158503955,1.1497605e-15
6971.632598182105,1.0886242e-15
6973.928780513812,1.1533418e-15
6976.224962845521,1.1683719e-15
6978.521145177228,1.2047292e-15
6980.8173275089375,1.1455559e-15
6983.113509840645,1.1730813e-15
6985.409692172353,1.1904655e-15
6987.705874504061,1.2323225e-15
6990.0020568357695,1.2379996e-15
6992.298239167478,1.1946706e-15
6994.594421499186,1.157988e-15
6996.890603830894,1.1954679e-15
6999.186786162602,1.2089756e-15
7001.482968494311,1.2166776e-15
7003.779150826019,1.2340427e-15
7006.075333157727,1.2308687e-15
7008.371515489435,1.2410535e-15
7010.6676978211435,1.3361811e-15
7012.963880152852,1.3033643e-15
7015.26006248456,1.2925422e-15
7017.556244816268,1.3413751e-15
7019.852427147976,1.2793774e-15
7022.148609479685,1.2845219e-15
7024.444791811393,1.2811139e-15
7026.740974143101,1.246075e-15
7029.037156474809,1.3253005e-15
7031.3333388065175,1.397062e-15
7033.629521138226,1.4106323e-15
7035.925703469934,1.4478084e-15
7038.221885801642,1.4519233e-15
7040.51806813335,1.4685297e-15
7042.814250465059,1.4953975e-15
7045.110432796767,1.5503096e-15
7047.406615128475,1.5131869e-15
7049.702797460182,1.4504664e-15
7051.9989797918915,1.385588e-15
7054.295162123599,1.3076553e-15
7056.591344455308,1.1773306e-15
7058.887526787015,1.0020958e-15
7061.183709118724,9.306267e-16
7063.479891450432,9.225559e-16
7065.776073782141,9.547359e-16
7068.072256113848,1.0189273e-15
7070.368438445557,1.0156713e-15
7072.664620777265,1.010466e-15
7074.960803108973,1.0298268e-15
7077.256985440681,1.0865301e-15
7079.553167772389,1.113864e-15
7081.8493501040975,1.0853945e-15
7084.145532435806,1.0770473e-15
7086.441714767514,1.0142177e-15
7088.737897099222,9.091683e-16
7091.03407943093,9.398516e-16
7093.330261762639,-6.723349e-17
7095.626444094347,8.470629e-15
7097.922626426055,9.2720834e-15
7100.218808757763,-8.3331624e-17
7102.514991089472,9.610011e-16
7104.81117342118,8.2730687e-16
7107.107355752888,8.922942e-16
7109.403538084596,9.375944e-16
7111.699720416304,9.180834e-16
7113.995902748013,9.534209e-16
7116.292085079721,9.556e-16
7118.588267411429,9.704712e-16
7120.884449743137,9.946783e-16
7123.180632074846,9.992777e-16
7125.476814406554,8.966474e-16
7127.772996738262,8.0272307e-16
7130.06917906997,7.3144567e-16
7132.3653614016785,7.2675496e-16
7134.661543733387,7.676688e-16
7136.957726065095,8.0249505e-16
7139.253908396802,7.814751e-16
7141.550090728511,8.1249296e-16
7143.846273060219,8.592479e-16
7146.142455391928,9.096596e-16
7148.438637723635,8.888152e-16
7150.734820055344,9.147656e-16
7153.031002387052,9.414278e-16
7155.327184718761,9.608898e-16
7157.623367050468,9.607953e-16
7159.919549382177,9.70755e-16
7162.215731713884,1.0016623e-15
7164.511914045593,1.0332549e-15
7166.808096377301,1.002821e-15
7169.104278709009,9.780196e-16
7171.400461040717,1.0003958e-15
7173.696643372426,9.826017e-16
7175.992825704134,9.522111e-16
7178.289008035842,9.964294e-16
7180.58519036755,1.0067656e-15
7182.8813726992585,9.874687e-16
7185.177555030967,1.0269461e-15
7187.473737362675,1.0129761e-15
7189.769919694383,1.093292e-15
7192.066102026091,1.0580228e-15
7194.3622843578,1.0377654e-15
7196.658466689508,1.1233558e-15
7198.954649021216,9.988809e-16
7201.250831352924,9.746341e-16
7203.5470136846325,9.585462e-16
7205.843196016341,9.885404e-16
7208.139378348049,9.877992e-16
7210.435560679757,1.0461046e-15
7212.731743011465,1.0760274e-15
7215.027925343174,1.0733239e-15
7217.324107674882,1.0557769e-15
7219.620290006589,1.1869195e-15
7221.916472338298,1.1618231e-15
7224.212654670006,1.1177068e-15
7226.508837001715,1.1425478e-15
7228.805019333422,1.1609724e-15
7231.101201665131,1.1242087e-15
7233.3973839968385,1.0395772e-15
7235.693566328548,1.0610462e-15
7237.989748660255,1.0989294e-15
7240.285930991964,1.1362456e-15
7242.582113323671,1.1196179e-15
7244.8782956553805,1.1241495e-15
7247.174477987088,1.1678902e-15
7249.470660318797,1.1328645e-15
7251.766842650504,1.2152916e-15
7254.063024982213,1.2151186e-15
7256.359207313921,1.2367864e-15
7258.65538964563,1.2573014e-15
7260.951571977337,1.2241405e-15
7263.247754309045,1.3059913e-15
7265.543936640754,1.3909691e-15
7267.840118972462,1.3631918e-15
7270.13630130417,1.3331019e-15
7272.432483635878,1.2836493e-15
7274.7286659675865,1.2614365e-15
7277.024848299295,1.2216406e-15
7279.321030631003,1.317841e-15
7281.617212962711,1.3438096e-15
7283.913395294419,1.3497684e-15
7286.209577626128,1.3897493e-15
7288.505759957836,1.3697695e-15
7290.801942289544,1.431925e-15
7293.098124621252,1.3846533e-15
7295.3943069529605,1.4956042e-15
7297.690489284669,1.5115893e-15
7299.986671616377,1.4648471e-15
7302.282853948085,1.4668464e-15
7304.579036279793,1.4817251e-15
7306.875218611502,1.5003198e-15
7309.171400943209,1.4829822e-15
7311.467583274918,1.472352e-15
7313.763765606625,1.454925e-15
7316.0599479383345,1.5412895e-15
7318.356130270042,1.6369677e-15
7320.652312601751,1.5949327e-15
7322.948494933458,1.5294351e-15
7325.244677265167,1.5702663e-15
7327.540859596875,1.5063659e-15
7329.837041928584,1.5277302e-15
7332.133224260291,1.5802123e-15
7334.429406592,1.601331e-15
7336.725588923708,1.6721219e-15
7339.021771255417,1.6576357e-15
7341.317953587124,1.553019e-15
7343.614135918833,1.5913666e-15
7345.9103182505405,1.6287824e-15
7348.20650058225,1.6335986e-15
7350.502682913957,1.629572e-15
7352.798865245665,1.6226834e-15
7355.095047577373,1.6436223e-15
7357.391229909082,1.5761606e-15
7359.68741224079,1.5051539e-15
7361.983594572498,1.6286896e-15
7364.279776904206,1.6536746e-15
7366.5759592359145,1.6870147e-15
7368.872141567623,1.7122337e-15
7371.168323899331,1.701235e-15
7373.464506231039,1.7892212e-15
7375.760688562747,1.8339132e-15
7378.056870894456,1.8056712e-15
7380.353053226164,1.8153254e-15
7382.649235557872,1.8132072e-15
7384.94541788958,1.79364e-15
7387.2416002212885,1.8453735e-15
7389.537782552997,1.8124934e-15
7391.833964884705,1.7789244e-15
7394.130147216412,1.8141544e-15
7396.426329548121,1.8244823e-15
7398.722511879829,1.8398737e-15
7401.018694211538,1.8900932e-15
7403.314876543245,1.903703e-15
7405.611058874954,1.8573016e-15
7407.907241206662,1.8576966e-15
7410.203423538371,1.8579867e-15
7412.499605870078,1.8750358e-15
7414.795788201787,1.8918593e-15
7417.0919705334945,1.8626155e-15
7419.388152865204,1.862734e-15
7421.684335196911,1.9142553e-15
7423.98051752862,1.8919224e-15
7426.276699860327,1.8715875e-15
7428.572882192037,1.9059825e-15
7430.869064523744,1.8873239e-15
7433.165246855453,1.8937632e-15
7435.46142918716,1.9030963e-15
7437.757611518869,1.9598318e-15
7440.053793850577,1.9781336e-15
7442.349976182285,1.9388967e-15
7444.646158513993,1.9065689e-15
7446.942340845701,1.8979607e-15
7449.23852317741,1.8961353e-15
7451.534705509118,1.8829858e-15
7453.830887840826,1.9255176e-15
7456.127070172534,1.9465188e-15
7458.423252504243,1.9238918e-15
7460.719434835951,1.980319e-15
7463.015617167659,1.9337989e-15
7465.311799499367,1.8495568e-15
7467.607981831075,1.8624086e-15
7469.904164162784,1.9502057e-15
7472.200346494492,1.993338e-15
7474.4965288262,2.0362085e-15
7476.792711157908,1.9702514e-15
7479.088893489617,1.9701662e-15
7481.385075821325,2.0083511e-15
7483.681258153032,2.0772077e-15
7485.977440484741,2.1006515e-15
7488.273622816449,2.0185708e-15
7490.569805148158,2.034602e-15
7492.865987479865,2.0652086e-15
7495.162169811574,1.9779314e-15
7497.458352143281,1.986376e-15
7499.754534474991,2.0647675e-15
7502.050716806698,2.106088e-15
7504.346899138407,2.129059e-15
7506.643081470114,2.0347442e-15
7508.9392638018235,2.1184067e-15
7511.235446133531,2.122128e-15
7513.53162846524,2.1392279e-15
7515.827810796947,2.0873719e-15
7518.123993128656,2.087193e-15
7520.420175460364,2.1856764e-15
7522.716357792073,2.2041102e-15
7525.01254012378,2.1913608e-15
7527.308722455488,2.0843617e-15
7529.604904787197,2.1053622e-15
7531.901087118905,2.061265e-15
7534.197269450613,2.1905977e-15
7536.493451782321,2.1717002e-15
7538.7896341140295,2.1666385e-15
7541.085816445738,2.2192032e-15
7543.381998777446,2.2208806e-15
7545.678181109154,2.202044e-15
7547.974363440862,2.1949298e-15
7550.270545772571,2.1574554e-15
7552.566728104279,2.1590908e-15
7554.862910435987,2.1372272e-15
7557.159092767695,2.2042036e-15
7559.4552750994035,2.2004146e-15
7561.751457431112,2.2003862e-15
7564.04763976282,2.164603e-15
7566.343822094528,2.082451e-15
7568.640004426236,2.2130563e-15
7570.936186757945,2.133762e-15
7573.232369089652,2.12177e-15
7575.528551421361,2.1711837e-15
7577.824733753068,2.2125909e-15
7580.1209160847775,2.2274864e-15
7582.417098416485,2.4300626e-15
7584.713280748194,2.6358835e-15
7587.009463079901,2.9738747e-15
7589.30564541161,3.2803934e-15
7591.601827743318,3.0712527e-15
7593.898010075027,2.8329402e-15
7596.194192406734,2.3380263e-15
7598.490374738443,1.8635667e-15
7600.786557070151,1.6497678e-15
7603.08273940186,1.2774328e-15
7605.378921733567,1.5088279e-15
7607.675104065276,1.7138605e-15
7609.9712863969835,1.8902036e-15
7612.267468728693,2.6555313e-15
7614.5636510604,3.743477e-15
7616.859833392108,4.310469e-15
7619.156015723816,4.302799e-15
7621.452198055525,3.614315e-15
7623.748380387233,2.690882e-15
7626.044562718941,2.286866e-15
7628.340745050649,1.8514402e-15
7630.6369273823575,1.7210037e-15
7632.933109714066,1.7471952e-15
7635.229292045774,1.8028484e-15
7637.525474377482,1.8928908e-15
7639.82165670919,1.8742093e-15
7642.117839040899,1.884998e-15
7644.414021372607,1.94652e-15
7646.710203704315,1.9085052e-15
7649.006386036023,1.9352606e-15
7651.3025683677315,1.961666e-15
7653.59875069944,2.1426581e-15
7655.894933031148,1.9847977e-15
7658.191115362856,1.9185453e-15
7660.487297694564,1.8880684e-15
7662.783480026272,1.6661174e-15
7665.079662357981,1.3997813e-15
7667.375844689688,1.3193678e-15
7669.672027021397,1.4271804e-15
7671.968209353105,1.5306774e-15
7674.264391684814,1.4888009e-15
7676.560574016521,1.4757093e-15
7678.85675634823,1.4503126e-15
7681.1529386799375,1.4280007e-15
7683.449121011647,1.4028551e-15
7685.745303343354,1.4857004e-15
7688.041485675063,1.5457561e-15
7690.33766800677,1.5065684e-15
7692.6338503384795,1.548424e-15
7694.930032670187,1.5552003e-15
7697.226215001896,1.4166029e-15
7699.522397333603,1.3215724e-15
7701.818579665312,1.3204382e-15
7704.11476199702,1.4190638e-15
7706.410944328728,1.5049196e-15
7708.707126660436,1.4798804e-15
7711.003308992144,1.5086641e-15
7713.299491323853,1.5477897e-15
7715.595673655561,1.5636431e-15
7717.891855987269,1.5850484e-15
7720.188038318977,1.644355e-15
7722.4842206506855,1.6216461e-15
7724.780402982394,1.6168354e-15
7727.076585314102,1.6856328e-15
7729.37276764581,1.6771511e-15
7731.668949977518,1.6865216e-15
7733.965132309227,1.7054153e-15
7736.261314640935,1.7082562e-15
7738.557496972643,1.7005748e-15
7740.853679304351,1.6034073e-15
7743.1498616360595,1.5886145e-15
7745.446043967768,1.5945089e-15
7747.742226299476,1.5527397e-15
7750.038408631184,1.517988e-15
7752.3345909628915,1.5003678e-15
7754.630773294601,1.5468215e-15
7756.926955626308,1.7996765e-15
7759.223137958017,1.9267359e-15
7761.519320289724,2.056351e-15
7763.815502621434,2.2079972e-15
7766.111684953141,2.13563e-15
7768.40786728485,1.9595688e-15
7770.704049616557,1.7694498e-15
7773.000231948266,1.6836168e-15
7775.296414279974,1.7994239e-15
7777.592596611683,1.9250727e-15
7779.88877894339,1.7941464e-15
7782.184961275099,1.6580114e-15
7784.481143606807,1.586192e-15
7786.777325938516,1.5665421e-15
7789.073508270223,1.5087956e-15
7791.369690601932,1.5857948e-15
7793.66587293364,1.5649815e-15
7795.962055265348,1.5796831e-15
7798.258237597056,1.6127429e-15
7800.554419928764,1.6006961e-15
7802.850602260472,1.6588295e-15
7805.146784592181,1.6723732e-15
7807.442966923889,1.7186434e-15
7809.739149255597,1.7107748e-15
7812.035331587305,1.8313231e-15
7814.331513919014,1.8447655e-15
7816.627696250722,1.8170413e-15
7818.92387858243,1.7445922e-15
7821.220060914138,1.7591196e-15
7823.516243245846,1.8262284e-15
7825.812425577555,1.6303539e-15
7828.108607909263,1.6416346e-15
7830.404790240971,1.630125e-15
7832.700972572679,1.6039635e-15
7834.997154904388,1.6480186e-15
7837.293337236095,1.5872785e-15
7839.589519567804,1.6584015e-15
7841.885701899511,1.7787518e-15
7844.1818842312205,1.7368881e-15
7846.478066562928,1.6740525e-15
7848.774248894637,1.7139218e-15
7851.070431226344,1.7464565e-15
7853.366613558053,1.6996604e-15
7855.662795889761,1.5919962e-15
7857.95897822147,1.6715057e-15
7860.255160553177,1.6563401e-15
7862.551342884886,1.6597666e-15
7864.847525216594,1.7201959e-15
7867.143707548303,1.7394265e-15
7869.43988988001,1.7374055e-15
7871.736072211719,1.7484214e-15
7874.0322545434265,1.7348523e-15
7876.328436875136,1.7512802e-15
7878.624619206843,1.7628127e-15
7880.920801538552,1.769621e-15
7883.216983870259,1.7830554e-15
7885.513166201968,1.8099281e-15
7887.809348533676,1.7612691e-15
7890.105530865384,1.785028e-15
7892.401713197092,1.7637707e-15
7894.6978955288005,1.780703e-15
7896.994077860509,1.7331602e-15
7899.290260192217,1.770814e-15
7901.586442523925,1.751078e-15
7903.882624855633,1.7293901e-15
7906.178807187342,1.8004147e-15
7908.47498951905,1.7866676e-15
7910.771171850758,1.7203522e-15
7913.067354182466,1.7349064e-15
7915.3635365141745,1.6432878e-15
7917.659718845883,1.6609932e-15
7919.955901177591,1.7295757e-15
7922.252083509299,1.7272392e-15
7924.548265841007,1.7227271e-15
7926.844448172715,1.7976123e-15
7929.140630504424,1.7776937e-15
7931.436812836131,1.7280396e-15
7933.73299516784,1.8012698e-15
7936.029177499548,1.8111178e-15
7938.325359831257,1.8165428e-15
7940.621542162964,1.7691779e-15
7942.917724494673,1.746912e-15
7945.2139068263805,1.7520453e-15
7947.51008915809,1.7270788e-15
7949.806271489797,1.7432621e-15
7952.102453821506,1.7400982e-15
7954.398636153213,1.7713233e-15
7956.6948184849225,1.7982857e-15
7958.99100081663,1.8372056e-15
7961.287183148339,1.7923984e-15
7963.583365480046,1.7335437e-15
7965.879547811755,1.8218226e-15
7968.175730143463,1.8653362e-15
7970.471912475171,1.8296814e-15
7972.768094806879,1.8388111e-15
7975.064277138587,1.9007925e-15
7977.360459470296,1.9157607e-15
7979.656641802004,1.8901934e-15
7981.952824133712,1.8527027e-15
7984.24900646542,1.796664e-15
7986.5451887971285,1.8084433e-15
7988.841371128837,1.7076287e-15
7991.137553460545,1.7297617e-15
7993.433735792253,1.8318026e-15
7995.729918123961,1.6966207e-15
7998.02610045567,1.6832614e-15
8000.322282787378,1.8331877e-15
8002.618465119086,1.3199443e-15
8004.914647450794,5.636308e-15
8007.2108297825025,7.467366e-15
8009.507012114211,1.3388341e-15
8011.803194445919,1.8209762e-15
8014.099376777627,1.8400692e-15
8016.3955591093345,1.9308654e-15
8018.691741441044,1.8867496e-15
8020.987923772751,1.8505906e-15
8023.28410610446,1.7922906e-15
8025.580288436167,1.7483465e-15
8027.8764707678765,1.9352977e-15
8030.172653099584,1.9182747e-15
8032.468835431293,1.9588336e-15
8034.765017763,1.897761e-15
8037.061200094709,1.870391e-15
8039.357382426417,1.9391735e-15
8041.653564758126,1.965546e-15
8043.949747089833,1.9818743e-15
8046.245929421542,1.9217039e-15
8048.54211175325,1.8611535e-15
8050.838294084959,1.9710541e-15
8053.134476416666,2.0338493e-15
8055.430658748375,2.0328153e-15
8057.7268410800825,2.0170247e-15
8060.023023411791,1.9517443e-15
8062.319205743499,2.0243996e-15
8064.615388075207,1.9575135e-15
8066.911570406915,2.0229751e-15
8069.207752738624,2.0342015e-15
8071.503935070332,1.9919674e-15
8073.80011740204,2.046119e-15
8076.096299733748,2.0045443e-15
8078.3924820654565,2.0585238e-15
8080.688664397165,2.063813e-15
8082.984846728873,2.0658632e-15
8085.281029060581,2.053992e-15
8087.577211392289,2.0908138e-15
8089.873393723998,2.111647e-15
8092.169576055706,2.117272e-15
8094.465758387414,2.1177943e-15
8096.761940719122,2.0746471e-15
8099.058123050831,2.0814892e-15
8101.354305382539,2.1439679e-15
8103.650487714247,2.2384188e-15
8105.946670045954,2.3032541e-15
8108.242852377663,2.2884859e-15
8110.539034709371,2.20022e-15
8112.83521704108,2.313831e-15
8115.131399372787,2.170308e-15
8117.427581704496,2.2128755e-15
8119.723764036204,2.2613217e-15
8122.019946367913,2.4029315e-15
8124.31612869962,2.4459645e-15
8126.612311031329,2.3450221e-15
8128.9084933630365,2.275452e-15
8131.204675694746,2.2655406e-15
8133.500858026453,2.3155892e-15
8135.797040358162,2.25814e-15
8138.093222689869,2.3531035e-15
8140.389405021579,2.4339701e-15
8142.685587353286,2.2995428e-15
8144.981769684995,2.2697321e-15
8147.277952016702,2.3061906e-15
8149.574134348411,2.2045244e-15
8151.870316680119,2.2207622e-15
8154.166499011827,2.2332983e-15
8156.462681343535,2.2176527e-15
8158.758863675243,2.2789504e-15
8161.055046006952,2.281421e-15
8163.35122833866,2.1584587e-15
8165.647410670368,2.2081594e-15
8167.943593002076,2.2328595e-15
8170.239775333785,2.2707537e-15
8172.535957665493,2.415693e-15
8174.832139997201,2.375456e-15
8177.128322328909,2.2909317e-15
8179.4245046606175,2.1430467e-15
8181.720686992326,2.024968e-15
8184.016869324034,1.9721788e-15
8186.313051655742,1.920885e-15
8188.60923398745,2.02562e-15
8190.905416319159,2.2135355e-15
8193.201598650867,2.0982535e-15
8195.497780982574,1.7406699e-15
8197.793963314283,1.7543434e-15
8200.09014564599,2.072418e-15
8202.3863279777,2.434533e-15
8204.682510309407,2.6495464e-15
8206.978692641116,2.6440654e-15
8209.274874972823,2.6006925e-15
8211.571057304533,2.5946987e-15
8213.86723963624,2.6523998e-15
8216.163421967949,2.6814954e-15
8218.459604299656,2.5467e-15
8220.755786631365,2.4228941e-15
8223.051968963073,2.356165e-15
8225.348151294782,2.3124552e-15
8227.64433362649,2.0893071e-15
8229.940515958198,2.044836e-15
8232.236698289906,2.3207434e-15
8234.532880621615,2.5142521e-15
8236.829062953322,2.5724598e-15
8239.125245285031,2.6566418e-15
8241.421427616739,2.623607e-15
8243.717609948446,2.6769259e-15
8246.013792280155,2.8108697e-15
8248.309974611864,2.7993018e-15
8250.606156943571,2.729127e-15
8252.902339275279,2.6962359e-15
8255.198521606988,2.5984432e-15
8257.494703938697,2.5349307e-15
8259.790886270404,2.5358597e-15
8262.087068602112,2.6419023e-15
8264.38325093382,2.741089e-15
8266.67943326553,2.7341497e-15
8268.975615597237,2.618456e-15
8271.271797928945,2.4933893e-15
8273.567980260654,2.5181773e-15
8275.864162592363,2.4494562e-15
8278.16034492407,2.385748e-15
8280.456527255777,2.456425e-15
8282.752709587487,2.4977333e-15
8285.048891919194,2.4333662e-15
8287.345074250903,2.3804425e-15
8289.64125658261,2.3142223e-15
8291.93743891432,2.2336526e-15
8294.233621246027,2.3674916e-15
8296.529803577736,2.5567476e-15
8298.825985909443,2.4706452e-15
8301.122168241152,2.2493036e-15
8303.41835057286,2.1772673e-15
8305.714532904569,2.2244269e-15
8308.010715236276,2.3269283e-15
8310.306897567985,2.327264e-15
8312.603079899693,2.286048e-15
8314.899262231402,2.321729e-15
8317.195444563109,2.2266268e-15
8319.491626894818,2.1643083e-15
8321.787809226525,2.2865034e-15
8324.083991558235,2.2842215e-15
8326.380173889942,2.2590983e-15
8328.676356221651,2.1980539e-15
8330.972538553358,2.0636526e-15
8333.268720885066,2.1227912e-15
8335.564903216775,2.0675803e-15
8337.861085548484,2.1188912e-15
8340.157267880191,2.2083347e-15
8342.453450211899,2.204058e-15
8344.749632543608,2.2909198e-15
8347.045814875317,2.248179e-15
8349.341997207024,2.0612788e-15
8351.638179538731,2.0723406e-15
8353.93436187044,2.1243383e-15
8356.23054420215,2.1426266e-15
8358.526726533857,2.2446225e-15
8360.822908865564,2.1913638e-15
8363.119091197274,2.129709e-15
8365.415273528983,2.1888873e-15
8367.71145586069,2.2068548e-15
8370.007638192397,2.2332445e-15
8372.303820524106,2.2345763e-15
8374.600002855814,2.2090028e-15
8376.896185187523,2.2443728e-15
8379.19236751923,2.1243694e-15
8381.48854985094,2.0772047e-15
8383.784732182647,2.1401422e-15
8386.080914514356,2.0942278e-15
8388.377096846063,2.0548153e-15
8390.673279177772,2.108626e-15
8392.96946150948,2.2337326e-15
8395.265643841189,2.3286482e-15
8397.561826172896,2.309904e-15
8399.858008504605,2.2164396e-15
8402.154190836312,2.1564311e-15
8404.450373168022,2.2474666e-15
8406.746555499729,2.354143e-15
8409.042737831438,2.2802536e-15
8411.338920163145,2.1737457e-15
8413.635102494854,2.146629e-15
8415.931284826562,2.2653852e-15
8418.22746715827,2.2397972e-15
8420.523649489978,2.2350472e-15
8422.819831821686,2.2048814e-15
8425.116014153395,2.1523787e-15
8427.412196485104,2.200249e-15
8429.708378816811,2.2646072e-15
8432.004561148518,2.2243689e-15
8434.300743480228,2.1414998e-15
8436.596925811937,1.9491636e-15
8438.893108143644,1.8925232e-15
8441.189290475351,1.9979496e-15
8443.48547280706,2.2004425e-15
8445.78165513877,2.1595116e-15
8448.077837470477,2.1376623e-15
8450.374019802184,2.1049662e-15
8452.670202133893,2.0692553e-15
8454.966384465602,1.9990558e-15
8457.26256679731,2.042069e-15
8459.558749129017,1.9845292e-15
8461.854931460726,1.9988207e-15
8464.151113792434,1.998727e-15
8466.447296124143,2.070731e-15
8468.74347845585,1.8893455e-15
8471.03966078756,1.910846e-15
8473.335843119266,2.035913e-15
8475.632025450976,2.0432957e-15
8477.928207782683,2.0320793e-15
8480.224390114392,2.0342483e-15
8482.5205724461,2.07295e-15
8484.816754777808,2.1121093e-15
8487.112937109516,2.125096e-15
8489.409119441225,2.1533494e-15
8491.705301772932,2.1274086e-15
8494.001484104641,2.0809889e-15
8496.297666436349,2.0999783e-15
8498.593848768058,2.107878e-15
8500.890031099765,2.0333422e-15
8503.186213431472,2.0847586e-15
8505.482395763182,2.1557287e-15
8507.77857809489,2.062258e-15
8510.074760426598,1.9404417e-15
8512.370942758305,1.9688857e-15
8514.667125090014,2.0230105e-15
8516.963307421724,1.8763592e-15
8519.25948975343,1.9421405e-15
8521.555672085138,2.0305495e-15
8523.851854416847,2.0757442e-15
8526.148036748556,2.1027208e-15
8528.444219080264,2.003039e-15
8530.740401411971,2.0828536e-15
8533.03658374368,2.0830156e-15
8535.33276607539,2.0813042e-15
8537.628948407097,2.04433e-15
8539.925130738804,1.9494658e-15
8542.221313070513,1.960488e-15
8544.517495402222,2.0088142e-15
8546.81367773393,1.978395e-15
8549.109860065637,2.1855095e-15
8551.406042397346,2.2253595e-15
8553.702224729053,2.1779955e-15
8555.998407060762,2.0624033e-15
8558.29458939247,2.0954354e-15
8560.590771724179,2.1666753e-15
8562.886954055886,2.1426221e-15
8565.183136387595,2.2513232e-15
8567.479318719303,2.2258124e-15
8569.775501051012,2.1858268e-15
8572.07168338272,2.1459353e-15
8574.367865714428,2.1333111e-15
8576.664048046136,2.1977015e-15
8578.960230377845,2.1597811e-15
8581.256412709552,2.1026888e-15
8583.552595041261,2.1392846e-15
8585.848777372968,2.1498192e-15
8588.144959704678,2.2218265e-15
8590.441142036385,2.2527826e-15
8592.737324368092,2.2042802e-15
8595.033506699801,2.2117574e-15
8597.32968903151,2.235958e-15
8599.625871363218,2.163916e-15
8601.922053694925,2.1488652e-15
8604.218236026634,2.2520037e-15
8606.514418358343,2.2796206e-15
8608.81060069005,2.2867243e-15
8611.106783021758,2.2177038e-15
8613.402965353467,2.1289373e-15
8615.699147685176,2.1592858e-15
8617.995330016884,2.2124835e-15
8620.291512348591,2.2613105e-15
8622.5876946803,2.2688392e-15
8624.88387701201,2.3592385e-15
8627.180059343716,2.3721615e-15
8629.476241675424,2.2374193e-15
8631.772424007133,2.2402658e-15
8634.068606338842,2.2077406e-15
8636.36478867055,2.1524433e-15
8638.660971002257,2.2338133e-15
8640.957153333966,2.3280618e-15
8643.253335665673,2.376072e-15
8645.549517997382,2.3859158e-15
8647.84570032909,2.2650165e-15
8650.141882660799,2.2073723e-15
8652.438064992506,2.2405192e-15
8654.734247324215,2.2058335e-15
8657.030429655922,2.1769227e-15
8659.326611987632,2.1312943e-15
8661.622794319339,2.090603e-15
8663.918976651048,2.1498058e-15
8666.215158982755,2.2339456e-15
8668.511341314465,2.2535688e-15
8670.807523646172,2.2862565e-15
8673.103705977881,2.30038e-15
8675.399888309588,2.2065903e-15
8677.696070641297,2.2207821e-15
8679.992252973005,2.2467166e-15
8682.288435304712,2.1965803e-15
8684.584617636421,2.1916922e-15
8686.88079996813,2.259635e-15
8689.176982299838,2.174458e-15
8691.473164631545,2.1253283e-15
8693.769346963254,2.2340445e-15
8696.065529294963,2.2252926e-15
8698.36171162667,2.161377e-15
8700.657893958378,2.1804303e-15
8702.954076290087,2.1836702e-15
8705.250258621796,2.1568822e-15
8707.546440953503,2.2536682e-15
8709.84262328521,2.2711223e-15
8712.13880561692,2.3422763e-15
8714.434987948629,2.4114192e-15
8716.731170280336,2.3805696e-15
8719.027352612044,2.2367e-15
8721.323534943753,2.1405348e-15
8723.619717275462,2.2564718e-15
8725.91589960717,2.2842304e-15
8728.212081938877,2.3074353e-15
8730.508264270586,2.3611899e-15
8732.804446602293,2.37387e-15
8735.100628934002,2.3993314e-15
8737.39681126571,2.2794673e-15
8739.692993597419,2.3827674e-15
8741.989175929126,2.485338e-15
8744.285358260835,2.4165177e-15
8746.581540592542,2.2191183e-15
8748.877722924251,2.2780765e-15
8751.173905255959,2.2478956e-15
8753.470087587668,2.3520263e-15
8755.766269919375,2.4797194e-15
8758.062452251084,2.6387584e-15
8760.358634582792,2.392142e-15
8762.6548169145,2.6452053e-15
8764.950999246208,2.6536405e-15
8767.247181577917,2.45026e-15
8769.543363909625,2.2591336e-15
8771.839546241332,2.251571e-15
8774.135728573041,2.3034873e-15
8776.43191090475,2.3021964e-15
8778.728093236457,2.4661009e-15
8781.024275568165,2.3428906e-15
8783.320457899874,2.376855e-15
8785.616640231583,2.5193479e-15
8787.91282256329,2.5163297e-15
8790.209004894998,2.5506754e-15
8792.505187226707,2.5825416e-15
8794.801369558416,2.4447482e-15
8797.097551890123,2.4776436e-15
8799.39373422183,2.3970194e-15
8801.68991655354,2.348948e-15
8803.986098885249,2.2735616e-15
8806.282281216956,2.2710006e-15
8808.578463548663,2.3710078e-15
8810.874645880373,2.4948362e-15
8813.17082821208,2.5390276e-15
8815.467010543789,2.6224297e-15
8817.763192875496,2.467536e-15
8820.059375207205,2.4162398e-15
8822.355557538913,2.3807498e-15
8824.651739870622,2.04502e-15
8826.94792220233,2.0568088e-15
8829.244104534038,2.3641196e-15
8831.540286865746,2.5085173e-15
8833.836469197455,2.6737912e-15
8836.132651529162,2.7739228e-15
8838.428833860871,2.4718632e-15
8840.725016192579,2.4088914e-15
8843.021198524288,2.4614968e-15
8845.317380855995,2.4922714e-15
8847.613563187704,2.4281946e-15
8849.909745519411,2.4020279e-15
8852.20592785112,2.4792618e-15
8854.502110182828,2.5942046e-15
8856.798292514537,2.5171594e-15
8859.094474846244,2.4834729e-15
8861.390657177952,2.3628111e-15
8863.68683950966,2.3916433e-15
8865.98302184137,2.3340287e-15
8868.279204173077,2.3857687e-15
8870.575386504785,2.1331953e-15
8872.871568836494,2.2274368e-15
8875.167751168203,2.2616972e-15
8877.46393349991,2.4123877e-15
8879.760115831617,2.4579524e-15
8882.056298163327,2.4712203e-15
8884.352480495036,2.5991515e-15
8886.648662826743,2.597691e-15
8888.94484515845,2.2102668e-15
8891.24102749016,2.2802777e-15
8893.537209821869,2.3054998e-15
8895.833392153576,2.2609363e-15
8898.129574485283,2.330462e-15
8900.425756816992,2.4003597e-15
8902.7219391487,2.3945022e-15
8905.018121480409,2.4264328e-15
8907.314303812116,2.3405797e-15
8909.610486143825,2.530322e-15
8911.906668475533,2.5103761e-15
8914.202850807242,2.5362494e-15
8916.499033138949,2.3768702e-15
8918.795215470658,2.4106473e-15
8921.091397802365,2.310316e-15
8923.387580134075,2.4279382e-15
8925.683762465782,2.5183494e-15
8927.979944797491,2.5209261e-15
8930.276127129198,2.5862296e-15
8932.572309460907,2.4919368e-15
8934.868491792615,2.6036283e-15
8937.164674124324,2.6785177e-15
8939.460856456031,2.5481548e-15
8941.75703878774,2.3688157e-15
8944.053221119448,2.5368192e-15
8946.349403451157,2.5521124e-15
8948.645585782864,2.6244234e-15
8950.941768114571,2.491893e-15
8953.23795044628,2.6376062e-15
8955.53413277799,2.862789e-15
8957.830315109697,2.9360222e-15
8960.126497441404,2.7938846e-15
8962.422679773113,2.448356e-15
8964.718862104823,2.4838805e-15
8967.01504443653,2.549774e-15
8969.311226768237,2.7698492e-15
8971.607409099946,2.8192676e-15
8973.903591431656,2.8772504e-15
8976.199773763363,2.8614992e-15
8978.49595609507,2.7077649e-15
8980.79213842678,2.5682401e-15
8983.088320758488,2.6180528e-15
8985.384503090196,2.5017027e-15
8987.680685421903,2.1925156e-15
8989.976867753612,2.228395e-15
8992.27305008532,2.5563389e-15
8994.569232417029,2.9198289e-15
8996.865414748736,2.9903503e-15
8999.161597080445,2.7908677e-15
9001.457779412152,2.638109e-15
9003.753961743862,2.475651e-15
9006.050144075569,2.557427e-15
9008.346326407278,2.717121e-15
9010.642508738985,2.7953085e-15
9012.938691070694,2.668201e-15
9015.234873402402,2.634159e-15
9017.53105573411,2.6401782e-15
9019.827238065818,2.626032e-15
9022.123420397527,2.649258e-15
9024.419602729235,2.5689965e-15
9026.715785060944,2.3520824e-15
9029.011967392651,2.5940736e-15
9031.30814972436,2.785554e-15
9033.604332056068,3.1268895e-15
9035.900514387777,3.4036547e-15
9038.196696719484,3.1361283e-15
9040.492879051191,3.0161969e-15
9042.7890613829,2.8929049e-15
9045.08524371461,2.7293826e-15
9047.381426046317,2.940096e-15
9049.677608378024,2.7779773e-15
9051.973790709733,2.6964074e-15
9054.269973041442,2.8148821e-15
9056.56615537315,2.8446403e-15
9058.862337704857,2.6698752e-15
9061.158520036566,2.5740406e-15
9063.454702368275,2.7143141e-15
9065.750884699983,2.7012728e-15
9068.04706703169,2.4279992e-15
9070.343249363399,2.3131892e-15
9072.639431695108,2.3146575e-15
9074.935614026816,2.3723826e-15
9077.231796358523,2.4586694e-15
9079.527978690232,2.4689422e-15
9081.82416102194,2.5413676e-15
9084.120343353648,2.6503028e-15
9086.416525685356,2.534107e-15
9088.712708017065,2.3989064e-15
9091.008890348772,2.5420884e-15
9093.305072680481,2.5242912e-15
9095.601255012189,2.3242751e-15
9097.897437343898,2.414354e-15
9100.193619675605,2.5703757e-15
9102.489802007314,2.4702536e-15
9104.785984339022,2.4888924e-15
9107.08216667073,2.6413943e-15
9109.378349002438,2.8608254e-15
9111.674531334147,3.0228423e-15
9113.970713665854,2.797561e-15
9116.266895997564,2.55866e-15
9118.56307832927,2.4616253e-15
9120.85926066098,2.6697335e-15
9123.155442992687,2.7596704e-15
9125.451625324396,2.6140036e-15
9127.747807656104,2.5016548e-15
9130.043989987811,2.4075757e-15
9132.34017231952,2.2996758e-15
9134.63635465123,2.3982014e-15
9136.932536982937,2.4739427e-15
9139.228719314644,2.6141779e-15
9141.524901646353,2.6821787e-15
9143.821083978062,2.7856658e-15
9146.11726630977,2.7572752e-15
9148.413448641477,2.5912798e-15
9150.709630973186,2.5083242e-15
9153.005813304895,2.360891e-15
9155.301995636602,2.4011269e-15
9157.59817796831,2.7072753e-15
9159.894360300019,2.8222342e-15
9162.190542631728,2.8040774e-15
9164.486724963435,2.7197277e-15
9166.782907295143,2.7515702e-15
9169.079089626852,2.6559974e-15
9171.37527195856,2.4251034e-15
9173.671454290268,2.4021882e-15
9175.967636621976,2.358583e-15
9178.263818953685,2.700868e-15
9180.560001285392,2.712304e-15
9182.856183617101,2.6823482e-15
9185.152365948808,2.6287053e-15
9187.448548280518,2.8196209e-15
9189.744730612225,2.7677157e-15
9192.040912943934,2.554041e-15
9194.337095275641,2.65459e-15
9196.63327760735,2.7235747e-15
9198.929459939058,2.8565165e-15
9201.225642270767,2.9371522e-15
9203.521824602474,2.9019607e-15
9205.818006934183,2.7125226e-15
9208.11418926589,2.6061097e-15
9210.4103715976,2.6177043e-15
9212.706553929307,2.428676e-15
9215.002736261016,2.5604305e-15
9217.298918592724,2.58768e-15
9219.59510092443,2.6419603e-15
9221.89128325614,2.8242749e-15
9224.18746558785,2.8580755e-15
9226.483647919556,2.6129706e-15
9228.779830251264,2.4763106e-15
9231.076012582973,2.463945e-15
9233.372194914682,2.4474142e-15
9235.66837724639,2.4565849e-15
9237.964559578097,2.488981e-15
9240.260741909806,2.5090865e-15
9242.556924241515,2.3815718e-15
9244.853106573222,2.6309534e-15
9247.14928890493,2.5520455e-15
9249.445471236639,2.5841681e-15
9251.741653568348,2.5459737e-15
9254.037835900055,2.7229333e-15
9256.334018231762,2.9003433e-15
9258.630200563472,2.775633e-15
9260.92638289518,2.7462398e-15
9263.222565226888,2.8559188e-15
9265.518747558595,3.2010978e-15
9267.814929890304,3.3766092e-15
9270.111112222014,3.3075355e-15
9272.407294553721,3.0904512e-15
9274.703476885428,2.9884252e-15
9276.999659217137,2.9607437e-15
9279.295841548845,2.8478565e-15
9281.592023880552,2.8527386e-15
9283.888206212261,2.8490792e-15
9286.18438854397,3.2128097e-15
9288.480570875678,3.3774645e-15
9290.776753207385,3.292681e-15
9293.072935539094,3.1964637e-15
9295.369117870803,3.0941862e-15
9297.66530020251,3.076973e-15
9299.961482534218,3.0068441e-15
9302.257664865927,3.2262682e-15
9304.553847197636,3.158133e-15
9306.850029529343,3.1795067e-15
9309.14621186105,3.6806385e-15
9311.44239419276,2.8914645e-15
9313.738576524469,2.6585747e-15
9316.034758856176,2.6334043e-15
9318.330941187884,2.7927132e-15
9320.627123519593,3.3341006e-15
9322.923305851302,3.0847597e-15
9325.21948818301,2.3015624e-15
9327.515670514716,2.6986501e-15
9329.811852846426,3.1156311e-15
9332.108035178135,2.7161822e-15
9334.404217509842,2.4002044e-15
9336.70039984155,2.6060711e-15
9338.996582173259,2.4663683e-15
9341.292764504968,2.1074512e-15
9343.588946836675,1.906534e-15
9345.885129168382,2.4990235e-15
9348.181311500091,3.4488668e-15
9350.4774938318,3.5862155e-15
9352.773676163508,2.9889114e-15
9355.069858495215,2.306867e-15
9357.366040826924,2.6207979e-15
9359.662223158633,3.035131e-15
9361.95840549034,3.7103008e-15
9364.254587822048,3.2272567e-15
9366.550770153757,2.5549919e-15
9368.846952485464,1.86743e-15
9371.143134817172,2.1889845e-15
9373.439317148881,2.9264567e-15
9375.73549948059,2.974741e-15
9378.031681812297,2.1114947e-15
9380.327864144005,2.1686201e-15
9382.624046475714,2.4113798e-15
9384.920228807423,3.3121794e-15
9387.21641113913,3.5571415e-15
9389.512593470838,3.8262846e-15
9391.808775802547,4.1167677e-15
9394.104958134256,3.9296853e-15
9396.401140465963,3.6099807e-15
9398.69732279767,3.2942708e-15
9400.99350512938,2.9118858e-15
9403.289687461089,3.138451e-15
9405.585869792796,3.284086e-15
9407.882052124503,3.0184917e-15
9410.178234456213,3.0217214e-15
9412.474416787922,2.9963771e-15
9414.770599119629,3.2390673e-15
9417.066781451336,3.039112e-15
9419.362963783045,3.5961042e-15
9421.659146114755,3.2052066e-15
9423.955328446462,2.6907651e-15
9426.25151077817,1.9868265e-15
9428.547693109878,2.1350592e-15
9430.843875441587,2.7290313e-15
9433.140057773295,3.4414705e-15
9435.436240105002,3.6158494e-15
9437.732422436711,2.7134927e-15
9440.02860476842,2.1395057e-15
9442.324787100128,1.9930473e-15
9444.620969431835,2.9262928e-15
9446.917151763544,3.365367e-15
9449.213334095253,3.1969245e-15
9451.50951642696,2.9352493e-15
9453.805698758668,2.679641e-15
9456.101881090377,2.4375048e-15
9458.398063422084,2.5676171e-15
9460.694245753792,2.6066414e-15
9462.9904280855,2.9839361e-15
9465.28661041721,3.422835e-15
9467.582792748917,3.029e-15
9469.878975080625,3.1900874e-15
9472.175157412334,2.9116728e-15
9474.471339744043,3.3169552e-15
9476.76752207575,2.4775421e-15
9479.063704407457,2.5050116e-15
9481.359886739167,2.330449e-15
9483.656069070876,2.9127248e-15
9485.952251402583,3.232663e-15
9488.24843373429,3.4556933e-15
9490.544616066,3.3157107e-15
9492.840798397709,2.9727231e-15
9495.136980729416,2.373012e-15
9497.433163061123,1.915443e-15
9499.729345392832,2.0422365e-15
9502.025527724541,2.4314212e-15
9504.321710056249,3.1055582e-15
9506.617892387956,3.5246729e-15
9508.914074719665,3.598813e-15
9511.210257051374,3.784798e-15
9513.506439383082,3.3871405e-15
9515.802621714789,2.8473764e-15
9518.098804046498,2.3873685e-15
9520.394986378207,2.1349861e-15
9522.691168709915,2.1364475e-15
9524.987351041622,2.3932632e-15
9527.283533373331,2.7227273e-15
9529.57971570504,2.968484e-15
9531.875898036747,3.4941985e-15
9534.172080368455,3.5189772e-15
9536.468262700164,3.4928007e-15
9538.764445031873,3.4530723e-15
9541.06062736358,3.2431418e-15
9543.356809695288,2.7653248e-15
9545.652992026997,2.5472491e-15
9547.949174358704,2.8780776e-15
9550.245356690411,2.7511103e-15
9552.54153902212,2.6953683e-15
9554.83772135383,2.5365848e-15
9557.133903685537,2.9338587e-15
9559.430086017244,3.0163836e-15
9561.726268348953,3.1959042e-15
9564.022450680663,3.0573743e-15
9566.31863301237,2.4577879e-15
9568.614815344077,2.8813147e-15
9570.910997675786,2.7095152e-15
9573.207180007495,2.9179192e-15
9575.503362339203,3.0105296e-15
9577.79954467091,2.870646e-15
9580.09572700262,2.7104936e-15
9582.391909334328,3.1280476e-15
9584.688091666036,3.1758958e-15
9586.984273997743,2.709714e-15
9589.280456329452,2.1023853e-15
9591.576638661161,1.841983e-15
9593.872820992869,2.092072e-15
9596.169003324576,2.242801e-15
9598.465185656285,2.4987307e-15
9600.761367987994,2.6400257e-15
9603.057550319701,2.5290964e-15
9605.353732651409,2.4960835e-15
9607.649914983118,2.7420714e-15
9609.946097314827,2.8050527e-15
9612.242279646534,2.9614006e-15
9614.538461978242,2.7296685e-15
9616.83464430995,2.3041772e-15
9619.13082664166,2.0510738e-15
9621.427008973367,1.9945557e-15
9623.723191305075,2.1500686e-15
9626.019373636784,2.4813294e-15
9628.315555968493,2.6996467e-15
9630.6117383002,2.8503222e-15
9632.907920631907,2.6766544e-15
9635.204102963617,2.4023593e-15
9637.500285295324,2.0881734e-15
9639.796467627031,2.0510981e-15
9642.09264995874,2.1209085e-15
9644.38883229045,2.0506966e-15
9646.685014622157,2.030391e-15
9648.981196953864,2.3045289e-15
9651.277379285573,2.3821093e-15
9653.573561617282,2.3601281e-15
9655.86974394899,2.4324984e-15
9658.165926280697,2.430283e-15
9660.462108612406,2.1031631e-15
9662.758290944115,1.8296164e-15
9665.054473275823,1.8740293e-15
9667.35065560753,1.9742703e-15
9669.646837939239,1.8902756e-15
9671.943020270948,1.9409934e-15
9674.239202602655,2.2611168e-15
9676.535384934363,2.2438614e-15
9678.831567266072,1.9695964e-15
9681.127749597781,2.089071e-15
9683.423931929488,2.4400855e-15
9685.720114261196,2.433037e-15
9688.016296592905,2.2139245e-15
9690.312478924614,2.1514207e-15
9692.608661256321,1.9304349e-15
9694.904843588029,2.1120923e-15
9697.201025919738,2.2248758e-15
9699.497208251447,1.9627056e-15
9701.793390583154,1.7472373e-15
9704.089572914861,1.9041332e-15
9706.38575524657,2.2044047e-15
9708.68193757828,2.2990806e-15
9710.978119909987,2.2576234e-15
9713.274302241694,1.9994446e-15
9715.570484573404,1.98463e-15
9717.866666905113,1.5725075e-15
9720.16284923682,1.8303732e-15
9722.459031568527,2.0503061e-15
9724.755213900236,2.1262776e-15
9727.051396231944,2.57746e-15
9729.347578563651,2.4640548e-15
9731.64376089536,2.2430898e-15
9733.93994322707,1.8445695e-15
9736.236125558777,1.8516729e-15
9738.532307890484,2.1103775e-15
9740.828490222193,2.1862606e-15
9743.124672553902,2.100058e-15
9745.42085488561,2.0720402e-15
9747.717037217317,1.9810712e-15
9750.013219549026,2.0680227e-15
9752.309401880735,2.4186397e-15
9754.605584212442,2.4656487e-15
9756.90176654415,2.323512e-15
9759.197948875859,2.1357326e-15
9761.494131207568,1.9857559e-15
9763.790313539275,1.9877822e-15
9766.086495870983,2.0876169e-15
9768.382678202692,2.2159318e-15
9770.6788605344,2.272152e-15
9772.975042866108,2.3154639e-15
9775.271225197816,2.300004e-15
9777.567407529525,2.2281096e-15
9779.863589861234,2.2667963e-15
9782.159772192941,2.1254604e-15
9784.455954524648,2.1351348e-15
9786.752136856358,2.2734625e-15
9789.048319188067,1.8585186e-15
9791.344501519774,2.0329718e-15
9793.640683851481,2.0877831e-15
9795.93686618319,2.1908609e-15
9798.2330485149,2.284816e-15
9800.529230846607,2.1290753e-15
9802.825413178314,1.9792829e-15
9805.121595510023,2.2515667e-15
9807.417777841732,2.3203165e-15
9809.71396017344,2.3912505e-15
9812.010142505147,2.4168037e-15
9814.306324836856,2.054842e-15
9816.602507168564,1.9426163e-15
9818.89868950027,2.0191713e-15
9821.19487183198,1.9062472e-15
9823.49105416369,1.9085905e-15
9825.787236495396,1.8571231e-15
9828.083418827104,2.0936499e-15
9830.379601158813,2.2422171e-15
9832.675783490522,2.2772184e-15
9834.97196582223,2.2635539e-15
9837.268148153937,2.1761621e-15
9839.564330485646,2.0329824e-15
9841.860512817355,1.9744255e-15
9844.156695149062,2.0139326e-15
9846.45287748077,1.9629205e-15
9848.749059812479,1.8751226e-15
9851.045242144188,1.8044112e-15
9853.341424475895,2.017131e-15
