2539.27733644475,9.174014e-16
2541.0910215042973,1.1158267e-16
2542.9047065638447,6.1734646e-16
2544.718391623392,1.0341832e-15
2546.5320766829395,7.0728495e-16
2548.345761742487,-1.227789e-15
2550.1594468020344,-2.5106535e-15
2551.973131861582,-3.9589163e-16
2553.7868169211292,-3.4570384e-16
2555.6005019806767,-4.3625667e-16
2557.414187040224,-2.520556e-16
2559.2278720997715,-8.7391047e-16
2561.041557159319,9.004401e-16
2562.8552422188664,2.0847929e-15
2564.668927278414,1.8742196e-15
2566.482612337961,1.0951414e-15
2568.2962973975086,-1.3751835e-16
2570.109982457056,3.5568007e-16
2571.9236675166035,1.6927724e-16
2573.737352576151,-3.967087e-17
2575.5510376356983,-2.1601642e-16
2577.3647226952457,5.372305e-16
2579.178407754793,1.213564e-15
2580.9920928143406,6.378926e-16
2582.805777873888,1.7321669e-15
2584.6194629334354,2.212819e-15
2586.433147992983,1.5866414e-15
2588.2468330525303,1.474723e-15
2590.0605181120777,8.8303224e-17
2591.874203171625,-1.0017913e-15
2593.6878882311726,-2.0536356e-16
2595.50157329072,1.3544295e-16
2597.3152583502674,-1.3707169e-16
2599.128943409815,-1.1361224e-17
2600.9426284693623,8.296166e-16
2602.7563135289097,-5.92426e-17
2604.569998588457,-9.914506e-16
2606.3836836480045,-5.587178e-16
2608.197368707552,-7.4271666e-16
2610.0110537670994,2.8536225e-16
2611.824738826647,8.07455e-17
2613.6384238861942,5.636149e-17
2615.4521089457417,3.395241e-16
2617.265794005289,2.6023287e-16
2619.0794790648365,1.1543151e-15
2620.893164124384,1.6922457e-15
2622.7068491839314,5.5739077e-16
2624.520534243479,5.082951e-16
2626.334219303026,5.5352936e-16
2628.1479043625736,-5.0789705e-16
2629.961589422121,2.4555816e-16
2631.7752744816685,8.0102143e-16
2633.588959541216,1.2886584e-15
2635.402644600763,2.3139983e-15
2637.2163296603103,1.931568e-15
2639.0300147198577,7.592432e-16
2640.843699779405,1.1027715e-15
2642.6573848389526,1.6661821e-15
2644.4710698985,6.6741167e-16
2646.2847549580474,2.2220049e-16
2648.098440017595,7.035706e-16
2649.9121250771423,-2.183193e-16
2651.7258101366897,1.936462e-16
2653.539495196237,9.021977e-16
2655.3531802557845,2.457313e-16
2657.166865315332,6.1511877e-16
2658.9805503748794,8.714661e-16
2660.794235434427,6.031661e-17
2662.6079204939742,2.5857973e-16
2664.4216055535217,2.0327711e-16
2666.235290613069,-1.8493996e-16
2668.0489756726165,4.4006162e-16
2669.862660732164,5.573091e-17
2671.6763457917114,-7.4513097e-16
2673.490030851259,-3.008935e-16
2675.303715910806,4.475333e-16
2677.1174009703536,1.4463414e-15
2678.931086029901,1.8649772e-15
2680.7447710894485,6.9447644e-16
2682.558456148996,2.3324595e-16
2684.3721412085433,9.351944e-16
2686.1858262680908,1.0638128e-15
2687.999511327638,3.2566262e-16
2689.8131963871856,-1.1434983e-16
2691.626881446733,4.9531236e-16
2693.4405665062804,6.7558157e-16
2695.254251565828,-1.12960496e-17
2697.0679366253753,-2.059771e-16
2698.8816216849227,3.5742043e-16
2700.69530674447,9.410049e-16
2702.5089918040176,1.2499649e-15
2704.322676863565,6.265143e-16
2706.1363619231124,-2.7613666e-16
2707.95004698266,-6.237294e-18
2709.7637320422073,6.717619e-16
2711.5774171017547,1.03957214e-16
2713.391102161302,-5.376022e-16
2715.2047872208495,-1.9801313e-16
2717.018472280397,-2.4060765e-17
2718.8321573399444,2.4044094e-16
2720.645842399492,1.6282123e-16
2722.4595274590392,-1.8720897e-16
2724.2732125185867,3.2882798e-16
2726.086897578134,1.4814008e-16
2727.9005826376815,6.333546e-17
2729.714267697229,1.1878241e-16
2731.5279527567764,-3.7639457e-16
2733.341637816324,3.337761e-16
2735.155322875871,7.2149483e-16
2736.9690079354186,-5.267728e-17
2738.782692994966,-5.336053e-16
2740.5963780545135,-4.0972974e-16
2742.410063114061,2.8142098e-16
2744.2237481736083,4.8834435e-16
2746.0374332331558,5.1558237e-17
2747.851118292703,-1.1385995e-17
2749.6648033522506,4.906121e-16
2751.478488411798,3.5314725e-16
2753.2921734713454,2.2885454e-16
2755.105858530893,6.547801e-16
2756.9195435904403,3.1931747e-16
2758.7332286499877,-4.981716e-16
2760.546913709535,-2.647396e-17
2762.3605987690826,3.4249883e-16
2764.17428382863,-6.970157e-18
2765.9879688881774,5.2306794e-16
2767.801653947725,8.0376566e-16
2769.6153390072723,1.7062963e-16
2771.4290240668197,1.0365134e-16
2773.242709126367,5.271071e-16
2775.0563941859145,2.3721327e-16
2776.870079245462,1.2013388e-16
2778.6837643050094,1.5621467e-16
2780.497449364557,-1.19130105e-17
2782.3111344241042,1.5421041e-16
2784.1248194836517,8.023124e-18
2785.938504543199,-2.383861e-16
2787.7521896027465,-8.238078e-17
2789.565874662294,3.601759e-17
2791.3795597218414,1.201283e-16
2793.193244781389,-1.04792163e-16
2795.006929840936,-1.07920375e-16
2796.8206149004836,2.4898226e-16
2798.634299960031,-1.5745702e-16
2800.4479850195785,-2.2091298e-16
2802.261670079126,3.9033814e-16
2804.0753551386733,5.222622e-16
2805.8890401982208,1.4173824e-16
2807.702725257768,5.0841475e-17
2809.5164103173156,3.4732475e-16
2811.330095376863,5.26826e-16
2813.1437804364105,4.26585e-16
2814.957465495958,6.6383865e-17
2816.7711505555053,1.3739471e-16
2818.5848356150527,2.182938e-16
2820.3985206746,3.364737e-16
2822.2122057341476,4.995107e-16
2824.025890793695,2.610918e-16
2825.8395758532424,-5.855972e-17
2827.65326091279,-4.2510307e-16
2829.4669459723373,-3.864597e-17
2831.2806310318847,5.766241e-16
2833.094316091432,3.491631e-16
2834.9080011509795,2.2824073e-16
2836.721686210527,5.287748e-16
2838.5353712700744,5.641836e-16
2840.349056329622,3.0609418e-16
2842.1627413891692,1.4442649e-16
2843.9764264487167,-4.108417e-16
2845.7901115082636,-9.521514e-16
2847.603796567811,-5.3475673e-16
2849.4174816273585,-3.9563027e-16
2851.231166686906,-1.5037262e-16
2853.0448517464533,2.0815847e-16
2854.8585368060008,-9.3816765e-18
2856.672221865548,-2.7059275e-16
2858.4859069250956,-5.6267054e-16
2860.299591984643,-4.4541635e-16
2862.1132770441905,-8.6013344e-17
2863.926962103738,4.699361e-17
2865.7406471632853,-2.08155e-16
2867.5543322228327,-4.6205422e-17
2869.36801728238,2.990061e-16
2871.1817023419276,4.090693e-16
2872.995387401475,5.674985e-16
2874.8090724610224,2.340739e-16
2876.62275752057,1.5589622e-16
2878.4364425801173,2.412101e-16
2880.2501276396647,-1.9334676e-16
2882.063812699212,1.800768e-16
2883.8774977587595,7.1551367e-16
2885.691182818307,1.2707339e-16
2887.5048678778544,-2.4561433e-16
2889.318552937402,2.2513054e-17
2891.1322379969492,3.182056e-16
2892.9459230564967,4.0434542e-16
2894.759608116044,-9.786104e-17
2896.5732931755915,-5.243395e-16
2898.386978235139,-4.2595685e-16
2900.2006632946864,-1.3343896e-16
2902.014348354234,-2.0860562e-16
2903.828033413781,-3.8102483e-16
2905.6417184733286,-3.4071906e-16
2907.455403532876,-2.5205774e-16
2909.2690885924235,3.8983676e-17
2911.082773651971,9.582097e-17
2912.8964587115183,1.2890035e-16
2914.7101437710658,2.4356885e-16
2916.523828830613,-1.4034719e-16
2918.3375138901606,-8.896831e-17
2920.151198949708,4.150016e-16
2921.9648840092555,3.3956087e-16
2923.778569068803,2.0908738e-16
2925.5922541283503,1.6144934e-16
2927.4059391878977,-7.382127e-18
2929.219624247445,2.0947982e-17
2931.0333093069926,4.0890153e-16
2932.84699436654,2.656314e-16
2934.6606794260874,-1.3440916e-17
2936.474364485635,-5.3764817e-17
2938.2880495451823,-2.7837602e-17
2940.1017346047297,2.1976459e-16
2941.915419664277,3.367381e-16
2943.7291047238245,8.0199726e-17
2945.542789783372,4.4121284e-17
2947.3564748429194,-5.0695058e-17
2949.170159902467,2.7091872e-16
2950.9838449620142,2.5569966e-16
2952.7975300215617,2.072026e-16
2954.611215081109,6.1886874e-16
2956.4249001406565,5.9651115e-16
2958.238585200204,-1.4006341e-16
2960.0522702597514,-4.6281917e-16
2961.865955319299,-3.4831668e-16
2963.679640378846,-1.4356535e-16
2965.4933254383936,2.9742313e-16
2967.307010497941,2.755445e-16
2969.1206955574885,1.0482931e-16
2970.934380617036,-2.9658104e-17
2972.7480656765833,-1.8811554e-16
2974.5617507361308,2.5402288e-16
2976.375435795678,4.407572e-16
2978.1891208552256,2.5400022e-16
2980.002805914773,-4.8189776e-17
2981.8164909743205,-1.2696142e-16
2983.630176033868,2.2608696e-16
2985.4438610934153,-3.0151096e-16
2987.2575461529627,-4.5085944e-16
2989.07123121251,7.407136e-17
2990.8849162720576,2.458961e-16
2992.698601331605,3.760115e-16
2994.5122863911524,1.1924138e-16
2996.3259714507,1.3608413e-16
2998.1396565102473,3.7726596e-16
2999.9533415697947,3.2238566e-16
3001.767026629342,2.7234166e-16
3003.5807116888896,2.1466475e-16
3005.394396748437,3.0406768e-16
3007.2080818079844,5.3360127e-16
3009.021766867532,1.0961259e-16
3010.8354519270792,-2.1223833e-16
3012.6491369866267,-1.02590804e-16
3014.462822046174,2.762199e-16
3016.276507105721,2.4448404e-16
3018.0901921652685,5.7623426e-17
3019.903877224816,1.5064788e-16
3021.7175622843633,-9.2356754e-17
3023.5312473439108,-6.8440044e-17
3025.344932403458,-4.2346838e-16
3027.1586174630056,-5.8256644e-16
3028.972302522553,-8.277356e-17
3030.7859875821005,-2.4180827e-17
3032.599672641648,-3.030153e-16
3034.4133577011953,-3.1298714e-16
3036.2270427607427,-1.5092594e-17
3038.04072782029,-3.607297e-17
3039.8544128798376,-1.6130909e-16
3041.668097939385,-1.8508105e-16
3043.4817829989324,7.2351245e-17
3045.29546805848,1.3764248e-16
3047.1091531180273,8.7157586e-17
3048.9228381775747,-3.8113227e-16
3050.736523237122,-3.59944e-16
3052.5502082966696,2.7540355e-16
3054.363893356217,1.764127e-16
3056.1775784157644,3.8074574e-18
3057.991263475312,1.4456552e-16
3059.8049485348592,4.1612884e-16
3061.6186335944067,3.1652539e-16
3063.432318653954,1.8584464e-16
3065.2460037135015,-1.4482614e-16
3067.059688773049,-1.8031566e-17
3068.8733738325964,1.248486e-16
3070.687058892144,-7.796772e-18
3072.500743951691,4.5373384e-17
3074.3144290112386,-3.332749e-16
3076.128114070786,-5.3278896e-16
3077.9417991303335,-2.513901e-16
3079.755484189881,-6.5973464e-17
3081.5691692494283,1.2550089e-16
3083.3828543089758,-2.008311e-16
3085.196539368523,-2.504347e-16
3087.0102244280706,-2.1440933e-16
3088.823909487618,-3.023079e-16
3090.6375945471655,-1.9031378e-17
3092.451279606713,8.3206e-17
3094.2649646662603,4.0182422e-16
3096.0786497258077,1.9788615e-16
3097.892334785355,-9.569439e-17
3099.7060198449026,-1.9594312e-17
3101.51970490445,3.252614e-17
3103.3333899639974,-9.5749754e-18
3105.147075023545,-1.6119147e-16
3106.9607600830923,-1.5347381e-16
3108.7744451426397,-6.815748e-17
3110.588130202187,-1.5774751e-17
3112.4018152617346,-1.1196216e-16
3114.215500321282,5.945426e-17
3116.0291853808294,3.818714e-16
3117.842870440377,2.7140841e-17
3119.6565554999243,-7.002064e-17
3121.4702405594717,1.5169703e-17
3123.283925619019,-2.7838317e-16
3125.0976106785665,-5.3153986e-16
3126.911295738114,-2.1016579e-16
3128.7249807976614,8.469171e-17
3130.538665857209,3.0824955e-17
3132.352350916756,2.254896e-17
3134.1660359763036,1.4181079e-16
3135.979721035851,3.6243092e-16
3137.7934060953985,4.956402e-16
3139.607091154946,5.4288613e-16
3141.4207762144933,4.264775e-16
3143.2344612740408,3.5529252e-16
3145.048146333588,2.8977272e-16
3146.8618313931356,4.1870845e-16
3148.675516452683,5.388787e-16
3150.4892015122305,4.6466475e-16
3152.302886571778,3.6878803e-16
3154.1165716313253,-1.3129339e-16
3155.9302566908727,-2.1044804e-16
3157.74394175042,2.75177e-16
3159.5576268099676,4.0925527e-16
3161.371311869515,4.895053e-16
3163.1849969290624,1.8340096e-16
3164.99868198861,-6.603707e-17
3166.8123670481573,1.0032679e-16
3168.6260521077047,3.4468358e-17
3170.439737167252,5.0201873e-17
3172.2534222267996,1.0831764e-16
3174.067107286347,3.0881829e-16
3175.8807923458944,2.2566472e-16
3177.694477405442,-6.727832e-17
3179.5081624649893,-5.9528423e-17
3181.3218475245367,-3.1865972e-16
3183.135532584084,-3.070254e-16
3184.9492176436315,-1.6352289e-17
3186.762902703179,-3.2594384e-17
3188.5765877627264,-3.087388e-17
3190.390272822274,8.430139e-18
3192.203957881821,-6.420112e-17
3194.0176429413686,-1.9042876e-16
3195.831328000916,-2.8479326e-16
3197.6450130604635,-2.2223707e-16
3199.458698120011,-1.1661277e-16
3201.2723831795583,1.5337766e-16
3203.0860682391058,2.82532e-16
3204.899753298653,1.1997905e-16
3206.7134383582006,-2.5887762e-16
3208.527123417748,-1.2804017e-16
3210.3408084772955,1.0685399e-16
3212.154493536843,8.552632e-17
3213.9681785963903,2.0776712e-16
3215.7818636559377,1.189365e-16
3217.595548715485,1.5162927e-16
3219.4092337750326,1.8877615e-17
3221.22291883458,2.5553393e-16
3223.0366038941274,4.4227987e-16
3224.850288953675,2.2858677e-16
3226.6639740132223,2.276172e-16
3228.4776590727697,1.746278e-16
3230.291344132317,1.6152476e-16
3232.1050291918646,1.1899066e-16
3233.918714251412,-3.174615e-17
3235.7323993109594,2.5467435e-16
3237.546084370507,4.0215367e-16
3239.3597694300543,2.3959158e-16
3241.1734544896017,1.00169944e-16
3242.987139549149,1.5078202e-16
3244.8008246086965,1.1579528e-16
3246.614509668244,1.247971e-17
3248.428194727791,4.3141725e-16
3250.2418797873383,1.569662e-16
3252.0555648468858,-3.2300225e-16
3253.869249906433,-1.6602106e-16
3255.6829349659806,3.2628947e-17
3257.496620025528,1.5098096e-16
3259.3103050850755,2.708269e-16
3261.123990144623,2.101399e-16
3262.9376752041703,-1.5893349e-16
3264.7513602637177,-2.6725893e-16
3266.565045323265,9.897734e-17
3268.3787303828126,5.211698e-16
3270.19241544236,2.8840373e-16
3272.0061005019074,-2.6884545e-16
3273.819785561455,-3.5590712e-16
3275.6334706210023,-2.1871336e-16
3277.4471556805497,-1.9774017e-16
3279.260840740097,-3.208315e-17
3281.0745257996446,-2.2100458e-16
3282.888210859192,-2.6124685e-16
3284.7018959187394,3.8888124e-16
3286.515580978287,2.616244e-16
3288.3292660378343,-7.085357e-17
3290.1429510973817,5.86574e-17
3291.956636156929,3.854178e-16
3293.7703212164765,4.3581102e-16
3295.584006276024,-6.071447e-17
3297.3976913355714,-1.45055e-16
3299.211376395119,-5.285847e-17
3301.0250614546662,7.1721966e-17
3302.8387465142137,2.3564753e-16
3304.652431573761,1.2201185e-16
3306.4661166333085,2.7645784e-16
3308.279801692856,4.426311e-16
3310.0934867524034,2.3052123e-16
3311.907171811951,1.6380443e-16
3313.720856871498,-1.2812668e-16
3315.5345419310456,-1.2951355e-16
3317.348226990593,3.011641e-16
3319.1619120501405,2.5486847e-17
3320.975597109688,1.2498714e-16
3322.7892821692353,4.2822344e-16
3324.6029672287827,1.4367857e-16
3326.41665228833,5.505791e-16
3328.2303373478776,4.899343e-16
3330.044022407425,1.1038172e-17
3331.8577074669724,1.5913981e-16
3333.67139252652,5.651658e-16
3335.4850775860673,5.6848775e-16
3337.2987626456147,2.1425856e-16
3339.112447705162,4.7036573e-17
3340.9261327647096,1.1498693e-17
3342.739817824257,2.2756752e-16
3344.5535028838044,6.627234e-16
3346.367187943352,6.294479e-16
3348.1808730028993,4.740815e-16
3349.9945580624467,2.6555772e-16
3351.808243121994,4.636377e-17
3353.6219281815415,2.135889e-16
3355.435613241089,3.47595e-16
3357.2492983006364,5.136028e-16
3359.062983360184,1.6304099e-17
3360.8766684197312,-1.4375312e-17
3362.6903534792787,6.830443e-16
3364.504038538826,6.8129756e-16
3366.3177235983735,3.654391e-16
3368.131408657921,2.0563944e-16
3369.9450937174684,4.5432407e-16
3371.758778777016,6.041151e-16
3373.572463836563,2.3788068e-16
3375.3861488961106,2.6637386e-17
3377.199833955658,3.9595293e-17
3379.0135190152055,5.998095e-16
3380.827204074753,9.012816e-16
3382.6408891343003,5.0999054e-16
3384.4545741938477,1.7917562e-16
3386.268259253395,2.0865086e-16
3388.0819443129426,7.6268737e-16
3389.89562937249,6.2522324e-16
3391.7093144320374,5.6078616e-16
3393.522999491585,7.841092e-16
3395.336684551132,5.141003e-16
3397.1503696106793,3.5416642e-16
3398.9640546702267,5.025583e-17
3400.777739729774,1.3955721e-16
3402.5914247893215,4.4336367e-16
3404.405109848869,3.916867e-16
3406.2187949084164,4.0078984e-16
3408.032479967964,2.650239e-16
3409.8461650275112,1.9267482e-16
3411.6598500870587,4.0378121e-16
3413.473535146606,4.9808957e-16
3415.2872202061535,3.2730383e-16
3417.100905265701,1.7900252e-16
3418.9145903252484,1.136299e-16
3420.728275384796,1.7707883e-16
3422.541960444343,2.0792086e-16
3424.3556455038906,6.130415e-16
3426.169330563438,8.6648114e-16
3427.9830156229855,5.36097e-16
3429.796700682533,4.1157776e-16
3431.6103857420803,4.8627696e-16
3433.4240708016277,2.2370069e-16
3435.237755861175,2.1331533e-16
3437.0514409207226,5.152017e-16
3438.86512598027,6.235924e-16
3440.6788110398174,6.9032576e-16
3442.492496099365,5.587097e-16
3444.3061811589123,1.1089901e-16
3446.1198662184597,2.723049e-16
3447.933551278007,4.6783027e-16
3449.7472363375546,5.8026087e-16
3451.560921397102,3.4336672e-16
3453.3746064566494,3.183617e-16
3455.188291516197,5.7332134e-16
3457.0019765757443,6.0270116e-16
3458.8156616352917,5.3184055e-16
3460.629346694839,7.380044e-16
3462.4430317543865,7.4261353e-16
3464.256716813934,6.6813255e-16
3466.0704018734814,6.1443966e-16
3467.884086933029,4.951765e-16
3469.6977719925762,4.96123e-16
3471.5114570521237,6.7994045e-16
3473.325142111671,4.7649944e-16
3475.1388271712185,4.5052147e-16
3476.952512230766,5.613088e-16
3478.7661972903134,7.386709e-16
3480.579882349861,7.728282e-16
3482.393567409408,6.741444e-16
3484.2072524689556,3.1694162e-16
3486.020937528503,4.19373e-16
3487.8346225880505,9.551344e-16
3489.648307647598,9.554823e-16
3491.4619927071453,6.8576137e-16
3493.2756777666928,5.7829496e-16
3495.08936282624,5.0435995e-16
3496.9030478857876,4.3027627e-16
3498.716732945335,6.088158e-16
3500.5304180048824,9.488816e-16
3502.34410306443,7.0445856e-16
3504.1577881239773,4.6411826e-16
3505.9714731835247,6.868927e-16
3507.785158243072,6.3239215e-16
3509.5988433026196,5.231583e-16
3511.412528362167,1.062475e-15
3513.2262134217144,1.0047226e-15
3515.039898481262,6.042887e-16
3516.8535835408093,5.60409e-16
3518.6672686003567,5.3074084e-16
3520.480953659904,3.558613e-16
3522.2946387194515,6.4537097e-16
3524.108323778999,1.0595667e-15
3525.9220088385464,1.0749653e-15
3527.735693898094,7.6729094e-16
3529.5493789576412,9.349668e-16
3531.3630640171887,9.228932e-16
3533.176749076736,7.7709513e-16
3534.9904341362835,3.5283165e-16
3536.804119195831,4.9952884e-16
3538.6178042553784,7.291517e-16
3540.431489314926,9.29322e-16
3542.245174374473,1.0155965e-15
3544.0588594340206,7.816373e-16
3545.872544493568,1.1331991e-15
3547.6862295531155,1.1819436e-15
3549.499914612663,1.1769714e-15
3551.3135996722103,1.0524925e-15
3553.1272847317578,1.0543449e-15
3554.940969791305,1.1547002e-15
3556.7546548508526,8.0896787e-16
3558.5683399104,7.539228e-16
3560.3820249699475,9.676148e-16
3562.195710029495,9.492732e-16
3564.0093950890423,1.0217625e-15
3565.8230801485897,1.0444633e-15
3567.636765208137,1.129551e-15
3569.4504502676846,1.2116108e-15
3571.264135327232,9.059616e-16
3573.0778203867794,9.006074e-16
3574.891505446327,8.513436e-16
3576.7051905058743,7.6523333e-16
3578.5188755654217,8.39717e-16
3580.332560624969,1.1599748e-15
3582.1462456845165,1.2782896e-15
3583.959930744064,1.137319e-15
3585.7736158036114,7.766965e-16
3587.587300863159,8.0084556e-16
3589.4009859227062,9.642839e-16
3591.2146709822537,1.3099194e-15
3593.028356041801,1.3006044e-15
3594.8420411013485,1.2785571e-15
3596.655726160896,1.4084823e-15
3598.4694112204434,1.1410675e-15
3600.283096279991,1.2870667e-15
3602.096781339538,1.2976733e-15
3603.9104663990856,1.0180985e-15
3605.724151458633,1.0510384e-15
3607.5378365181805,1.1630214e-15
3609.351521577728,1.3559313e-15
3611.1652066372753,1.3250083e-15
3612.9788916968228,1.2771183e-15
3614.79257675637,1.437528e-15
3616.6062618159176,1.3303062e-15
3618.419946875465,1.3284299e-15
3620.2336319350125,1.3530167e-15
3622.04731699456,1.3928913e-15
3623.8610020541073,1.1980188e-15
3625.6746871136547,8.3984296e-16
3627.488372173202,8.131299e-16
3629.3020572327496,1.0194858e-15
3631.115742292297,1.0850945e-15
3632.9294273518444,1.1187439e-15
3634.743112411392,9.870918e-16
3636.5567974709393,9.638172e-16
3638.3704825304867,1.075285e-15
3640.184167590034,1.3187876e-15
3641.9978526495815,1.454145e-15
3643.811537709129,1.5763414e-15
3645.6252227686764,1.5946039e-15
3647.438907828224,1.5672613e-15
3649.2525928877712,1.5537169e-15
3651.0662779473187,1.2707423e-15
3652.879963006866,1.2550663e-15
3654.6936480664135,1.3540759e-15
3656.507333125961,1.3905948e-15
3658.3210181855084,1.4820207e-15
3660.134703245056,1.5018517e-15
3661.948388304603,1.7153765e-15
3663.76207336415,1.7163578e-15
3665.5757584236976,1.275885e-15
3667.389443483245,1.1903773e-15
3669.2031285427925,1.1896626e-15
3671.01681360234,1.0334201e-15
3672.8304986618873,8.0770664e-16
3674.6441837214347,8.952587e-16
3676.457868780982,1.1692601e-15
3678.2715538405296,1.1996409e-15
3680.085238900077,1.0907167e-15
3681.8989239596244,9.536295e-16
3683.712609019172,1.0250003e-15
3685.5262940787193,1.2272552e-15
3687.3399791382667,1.2460719e-15
3689.153664197814,1.0425172e-15
3690.9673492573615,1.0444457e-15
3692.781034316909,1.2785751e-15
3694.5947193764564,1.406782e-15
3696.408404436004,1.5120075e-15
3698.2220894955512,1.7312425e-15
3700.0357745550987,1.6647998e-15
3701.849459614646,1.2652415e-15
3703.6631446741935,1.1651132e-15
3705.476829733741,1.3327865e-15
3707.2905147932884,1.7530714e-15
3709.104199852836,1.874066e-15
3710.917884912383,1.4278385e-15
3712.7315699719306,1.3368358e-15
3714.545255031478,1.2516688e-15
3716.3589400910255,1.1877178e-15
3718.172625150573,1.4524865e-15
3719.9863102101203,1.5736381e-15
3721.7999952696678,1.4181643e-15
3723.613680329215,1.2363617e-15
3725.4273653887626,1.4440987e-15
3727.24105044831,1.4424158e-15
3729.0547355078575,9.916767e-16
3730.868420567405,1.118013e-15
3732.6821056269523,1.4811993e-15
3734.4957906864997,1.4227804e-15
3736.309475746047,1.48006e-15
3738.1231608055946,1.6435271e-15
3739.936845865142,1.4576202e-15
3741.7505309246894,1.2327293e-15
3743.564215984237,1.4463365e-15
3745.3779010437843,1.4678079e-15
3747.1915861033317,1.5874994e-15
3749.005271162879,1.5240325e-15
3750.8189562224266,1.2978996e-15
3752.632641281974,1.5077762e-15
3754.4463263415214,1.484193e-15
3756.260011401069,1.2514045e-15
3758.0736964606162,1.4476876e-15
3759.8873815201637,1.5416495e-15
3761.7010665797106,1.3546696e-15
3763.514751639258,1.4404384e-15
3765.3284366988055,1.54234e-15
3767.142121758353,1.6194996e-15
3768.9558068179003,1.9605285e-15
3770.7694918774478,1.9699663e-15
3772.583176936995,1.7406033e-15
3774.3968619965426,1.4181127e-15
3776.21054705609,1.4964306e-15
3778.0242321156375,1.8724676e-15
3779.837917175185,1.811972e-15
3781.6516022347323,1.5244675e-15
3783.4652872942797,1.5492762e-15
3785.278972353827,1.7014122e-15
3787.0926574133746,1.6896668e-15
3788.906342472922,1.6769988e-15
3790.7200275324694,1.5892033e-15
3792.533712592017,1.7928664e-15
3794.3473976515643,1.7484144e-15
3796.1610827111117,1.5810008e-15
3797.974767770659,1.476827e-15
3799.7884528302066,1.4722589e-15
3801.602137889754,1.4603273e-15
3803.4158229493014,1.1011943e-15
3805.229508008849,9.010818e-16
3807.0431930683962,8.487015e-16
3808.8568781279437,1.1176288e-15
3810.670563187491,1.1096673e-15
3812.4842482470385,8.731683e-16
3814.297933306586,9.992586e-16
3816.1116183661334,1.2367836e-15
3817.925303425681,1.275436e-15
3819.738988485228,1.0092537e-15
3821.5526735447756,1.0946279e-15
3823.366358604323,1.3195414e-15
3825.1800436638705,1.3045797e-15
3826.993728723418,1.3914741e-15
3828.8074137829653,1.266326e-15
3830.6210988425128,1.3387485e-15
3832.43478390206,1.2518273e-15
3834.2484689616076,1.2629237e-15
3836.062154021155,1.4379478e-15
3837.8758390807025,1.5090502e-15
3839.68952414025,1.4669201e-15
3841.5032091997973,1.3490186e-15
3843.3168942593447,1.1112808e-15
3845.130579318892,1.1646489e-15
3846.9442643784396,1.1505959e-15
3848.757949437987,1.1141262e-15
3850.5716344975344,1.0679211e-15
3852.385319557082,9.81912e-16
3854.1990046166293,1.0908672e-15
3856.0126896761767,1.2286868e-15
3857.826374735724,1.3913426e-15
3859.6400597952716,1.3849521e-15
3861.453744854819,1.1799349e-15
3863.2674299143664,1.3621944e-15
3865.081114973914,1.6625168e-15
3866.8948000334613,1.4792067e-15
3868.7084850930087,1.2689667e-15
3870.522170152556,1.1347964e-15
3872.3358552121035,1.3458358e-15
3874.149540271651,1.376714e-15
3875.9632253311984,1.3079792e-15
3877.776910390746,1.4877545e-15
3879.590595450293,1.6302928e-15
3881.4042805098406,1.5685445e-15
3883.217965569388,1.2215568e-15
3885.0316506289355,1.2736071e-15
3886.845335688483,1.511839e-15
3888.6590207480303,1.2085999e-15
3890.4727058075778,1.2649913e-15
3892.286390867125,1.3687798e-15
3894.1000759266726,1.359877e-15
3895.91376098622,1.3490119e-15
3897.7274460457675,1.3145047e-15
3899.541131105315,1.6504737e-15
3901.3548161648623,2.2361882e-15
3903.1685012244097,1.7801943e-15
3904.982186283957,1.4137447e-15
3906.7958713435046,1.3691791e-15
3908.609556403052,1.4279965e-15
3910.4232414625994,1.4812516e-15
3912.236926522147,1.4656122e-15
3914.0506115816943,1.6389504e-15
3915.8642966412417,1.7245245e-15
3917.677981700789,1.8407868e-15
3919.4916667603366,1.6577243e-15
3921.305351819884,1.6901813e-15
3923.1190368794314,1.646714e-15
3924.932721938979,1.5643751e-15
3926.7464069985263,1.4222357e-15
3928.5600920580737,1.4493497e-15
3930.373777117621,1.502368e-15
3932.1874621771685,1.8347814e-15
3934.001147236716,1.8956047e-15
3935.8148322962634,1.7058814e-15
3937.628517355811,1.7418024e-15
3939.442202415358,1.8282448e-15
3941.2558874749056,1.5292063e-15
3943.069572534453,1.6521542e-15
3944.8832575940005,1.9516617e-15
3946.696942653548,1.9451908e-15
3948.5106277130953,1.8853795e-15
3950.3243127726428,2.0392481e-15
3952.13799783219,2.0818338e-15
3953.9516828917376,1.7385115e-15
3955.765367951285,1.9587008e-15
3957.5790530108325,2.0668737e-15
3959.39273807038,1.952821e-15
3961.2064231299273,1.9870891e-15
3963.0201081894747,2.113502e-15
3964.833793249022,2.3438028e-15
3966.6474783085696,2.2828014e-15
3968.461163368117,2.4903997e-15
3970.2748484276644,2.3519477e-15
3972.088533487212,2.0703463e-15
3973.9022185467593,2.096494e-15
3975.7159036063067,2.1859324e-15
3977.529588665854,2.2007515e-15
3979.3432737254016,2.162575e-15
3981.156958784949,2.2962805e-15
3982.9706438444964,2.3606137e-15
3984.784328904044,2.4544925e-15
3986.5980139635913,2.311774e-15
3988.4116990231387,2.3837826e-15
3990.225384082686,2.8411001e-15
3992.0390691422335,2.6160433e-15
3993.852754201781,2.0699382e-15
3995.6664392613284,1.7090121e-15
3997.480124320876,1.3101716e-15
3999.293809380423,1.3461518e-15
4001.1074944399707,1.3827758e-15
4002.921179499518,1.0591942e-15
4004.7348645590655,9.597034e-16
4006.548549618613,1.2959374e-15
4008.3622346781603,1.7036436e-15
4010.1759197377078,1.681642e-15
4011.989604797255,1.8643964e-15
4013.8032898568026,1.7181442e-15
4015.61697491635,1.786396e-15
4017.4306599758975,1.8710183e-15
4019.244345035445,1.8303315e-15
4021.0580300949923,1.5293689e-15
4022.8717151545397,1.597608e-15
4024.685400214087,1.7382535e-15
4026.4990852736346,1.654351e-15
4028.312770333182,1.6762179e-15
4030.1264553927294,1.6558482e-15
4031.940140452277,1.9858126e-15
4033.7538255118243,2.206447e-15
4035.5675105713717,2.2139595e-15
4037.381195630919,2.014737e-15
4039.1948806904666,1.749185e-15
4041.008565750014,1.5789908e-15
4042.8222508095614,1.5184675e-15
4044.635935869109,1.6227419e-15
4046.4496209286563,1.797707e-15
4048.2633059882037,1.7857487e-15
4050.076991047751,1.684027e-15
4051.8906761072985,1.5094973e-15
4053.704361166846,1.5092777e-15
4055.518046226393,1.6060324e-15
4057.3317312859404,1.6767397e-15
4059.145416345488,1.9613522e-15
4060.959101405035,1.54022e-15
4062.7727864645826,1.3912542e-15
4064.58647152413,1.5260269e-15
4066.4001565836775,1.827297e-15
4068.213841643225,1.8815448e-15
4070.0275267027723,1.7368655e-15
4071.8412117623197,1.7026598e-15
4073.654896821867,1.627482e-15
4075.4685818814146,1.783975e-15
4077.282266940962,1.8000973e-15
4079.0959520005094,1.6748143e-15
4080.909637060057,1.8223969e-15
4082.7233221196043,1.8687942e-15
4084.5370071791517,1.8636612e-15
4086.350692238699,2.0816874e-15
4088.1643772982466,1.9345593e-15
4089.978062357794,1.6946541e-15
4091.7917474173414,1.8794075e-15
4093.605432476889,1.8612196e-15
4095.4191175364363,1.7111296e-15
4097.232802595983,1.9051844e-15
4099.046487655531,2.1610095e-15
4100.860172715078,2.1324772e-15
4102.6738577746255,2.0498271e-15
4104.487542834173,1.887423e-15
4106.30122789372,1.8010404e-15
4108.114912953268,1.8706875e-15
4109.928598012815,2.026998e-15
4111.742283072363,2.1296763e-15
4113.55596813191,2.1661108e-15
4115.3696531914575,2.052706e-15
4117.183338251005,2.0469015e-15
4118.997023310552,2.2076948e-15
4120.8107083701,1.9486652e-15
4122.624393429647,1.6900687e-15
4124.438078489195,1.893279e-15
4126.251763548742,1.9953197e-15
4128.065448608289,1.8543152e-15
4129.879133667837,1.9215012e-15
4131.692818727384,1.6991147e-15
4133.506503786932,1.8448153e-15
4135.320188846479,2.0586344e-15
4137.133873906027,2.1466769e-15
4138.947558965574,1.9910858e-15
4140.761244025121,1.8663145e-15
4142.574929084669,1.8989911e-15
4144.388614144216,1.8660985e-15
4146.202299203764,1.7260261e-15
4148.015984263311,1.8414678e-15
4149.8296693228585,1.9354049e-15
4151.643354382406,2.1921064e-15
4153.457039441953,2.265732e-15
4155.270724501501,2.140564e-15
4157.084409561048,2.2083553e-15
4158.898094620596,2.1600033e-15
4160.711779680143,1.7864033e-15
4162.5254647396905,1.9043003e-15
4164.339149799238,1.989286e-15
4166.152834858785,1.9939746e-15
4167.966519918333,1.8496752e-15
4169.78020497788,1.687957e-15
4171.593890037428,1.906547e-15
4173.407575096975,2.1653087e-15
4175.2212601565225,2.2201604e-15
4177.03494521607,2.2353687e-15
4178.848630275617,2.0789649e-15
4180.662315335165,2.0252236e-15
4182.476000394712,2.219351e-15
4184.28968545426,2.233888e-15
4186.103370513807,2.1681678e-15
4187.917055573354,2.1628525e-15
4189.730740632902,2.262141e-15
4191.544425692449,2.1294703e-15
4193.358110751997,1.8545706e-15
4195.171795811544,2.023723e-15
4196.985480871092,2.2346053e-15
4198.799165930639,2.3335542e-15
4200.612850990186,2.4421512e-15
4202.426536049734,2.3494833e-15
4204.240221109281,1.9320197e-15
4206.053906168829,1.5622989e-15
4207.867591228376,1.2912683e-15
4209.6812762879235,1.1546032e-15
4211.494961347471,1.2661092e-15
4213.308646407018,1.2326231e-15
4215.122331466566,9.930309e-16
4216.936016526113,1.0623658e-15
4218.749701585661,1.4926994e-15
4220.563386645208,1.5369567e-15
4222.3770717047555,1.3471425e-15
4224.190756764303,1.4535849e-15
4226.00444182385,1.6408592e-15
4227.818126883398,1.7672681e-15
4229.631811942945,1.6442868e-15
4231.445497002493,1.3663484e-15
4233.25918206204,1.6434521e-15
4235.0728671215875,1.9897441e-15
4236.886552181135,1.7519798e-15
4238.700237240682,1.7757197e-15
4240.51392230023,1.6298589e-15
4242.327607359777,1.6047187e-15
4244.141292419325,1.5077154e-15
4245.954977478872,1.4750615e-15
4247.768662538419,1.3981107e-15
4249.582347597967,1.1592758e-15
4251.396032657514,1.504268e-15
4253.209717717062,2.041118e-15
4255.023402776609,2.3010228e-15
4256.837087836157,2.160164e-15
4258.650772895704,2.2762196e-15
4260.464457955251,2.5992862e-15
4262.278143014799,2.4392874e-15
4264.091828074346,2.2710745e-15
4265.905513133894,2.2716579e-15
4267.719198193441,2.3383064e-15
4269.5328832529885,2.5899705e-15
4271.346568312536,2.710444e-15
4273.160253372083,2.448064e-15
4274.973938431631,2.5457783e-15
4276.787623491178,2.5899148e-15
4278.601308550726,2.279061e-15
4280.414993610273,2.270418e-15
4282.2286786698205,2.1656451e-15
4284.042363729368,2.210472e-15
4285.856048788915,2.5101108e-15
4287.669733848463,2.1343174e-15
4289.48341890801,1.9617664e-15
4291.297103967558,2.1654438e-15
4293.110789027105,2.3159041e-15
4294.9244740866525,2.503738e-15
4296.7381591462,2.5543178e-15
4298.551844205747,2.1821498e-15
4300.365529265295,1.9009408e-15
4302.179214324842,1.9475996e-15
4303.99289938439,2.0353471e-15
4305.806584443937,2.0247463e-15
4307.620269503484,1.9283472e-15
4309.433954563032,1.8552406e-15
4311.247639622579,1.856529e-15
4313.061324682127,1.9496735e-15
4314.875009741674,2.1264972e-15
4316.688694801222,2.293944e-15
4318.502379860769,2.3824144e-15
4320.316064920316,2.2952621e-15
4322.129749979864,2.4390017e-15
4323.943435039411,2.5581922e-15
4325.757120098959,2.3783417e-15
4327.570805158506,2.412281e-15
4329.3844902180535,2.5326234e-15
4331.198175277601,2.6509597e-15
4333.011860337148,2.5434146e-15
4334.825545396696,2.3542792e-15
4336.639230456243,2.2906219e-15
4338.452915515791,2.0371648e-15
4340.266600575338,1.9916798e-15
4342.0802856348855,2.3815244e-15
4343.893970694433,2.5072086e-15
4345.70765575398,2.377341e-15
4347.521340813528,2.4776573e-15
4349.335025873075,2.6083442e-15
4351.148710932623,2.5861144e-15
4352.96239599217,2.3548357e-15
4354.7760810517175,2.324496e-15
4356.589766111265,2.3631588e-15
4358.403451170812,2.4827332e-15
4360.21713623036,2.3132796e-15
4362.030821289907,2.2484898e-15
4363.844506349455,2.3290198e-15
4365.658191409002,2.0644827e-15
4367.471876468549,2.2137191e-15
4369.285561528097,2.4090297e-15
4371.099246587644,2.3777915e-15
4372.912931647192,2.1881311e-15
4374.726616706739,2.1379239e-15
4376.540301766287,2.3320609e-15
4378.353986825834,2.3580821e-15
4380.167671885381,2.4370455e-15
4381.981356944929,2.478476e-15
4383.795042004476,2.5835966e-15
4385.608727064024,2.455449e-15
4387.422412123571,2.4902483e-15
4389.2360971831185,2.6960152e-15
4391.049782242666,3.0439802e-15
4392.863467302213,2.7864157e-15
4394.677152361761,2.881136e-15
4396.490837421308,3.0399996e-15
4398.304522480856,2.7627777e-15
4400.118207540403,2.5376542e-15
4401.9318925999505,2.6876436e-15
4403.745577659498,2.6504076e-15
4405.559262719045,2.4501176e-15
4407.372947778593,2.8035749e-15
4409.18663283814,2.7808104e-15
4411.000317897688,2.336739e-15
4412.814002957235,2.3318574e-15
4414.6276880167825,2.667718e-15
4416.44137307633,2.8525135e-15
4418.255058135877,2.85786e-15
4420.068743195425,2.9451588e-15
4421.882428254972,2.9356337e-15
4423.69611331452,3.1733196e-15
4425.509798374067,3.0638437e-15
4427.3234834336145,2.936787e-15
4429.137168493162,2.7671285e-15
4430.950853552709,2.9032376e-15
4432.764538612257,2.8947116e-15
4434.578223671804,2.4996525e-15
4436.391908731352,2.560068e-15
4438.205593790899,2.7072717e-15
4440.019278850446,2.7159294e-15
4441.832963909994,2.8485176e-15
4443.646648969541,3.2211335e-15
4445.460334029089,3.2816763e-15
4447.274019088636,2.8213526e-15
4449.087704148184,2.8305486e-15
4450.901389207731,2.6465453e-15
4452.715074267278,2.5502227e-15
4454.528759326826,3.0910396e-15
4456.342444386373,3.165879e-15
4458.156129445921,3.1039313e-15
4459.969814505468,3.1713326e-15
4461.7834995650155,2.9981193e-15
4463.597184624563,3.0967603e-15
4465.41086968411,3.274009e-15
4467.224554743658,3.0899125e-15
4469.038239803205,2.8494135e-15
4470.851924862753,2.5179168e-15
4472.6656099223,2.8705133e-15
4474.4792949818475,2.9467563e-15
4476.292980041395,3.3725163e-15
4478.106665100942,3.4896508e-15
4479.92035016049,3.3654487e-15
4481.734035220037,3.634299e-15
4483.547720279585,3.5449695e-15
4485.361405339132,3.2958e-15
4487.1750903986795,2.9456996e-15
4488.988775458227,2.4440058e-15
4490.802460517774,2.5244445e-15
4492.616145577322,2.8174817e-15
4494.429830636869,2.5251833e-15
4496.243515696417,2.6134035e-15
4498.057200755964,2.9033352e-15
4499.870885815511,2.3648463e-15
4501.684570875059,2.0310404e-15
4503.498255934606,2.417256e-15
4505.311940994154,2.721905e-15
4507.125626053701,2.837572e-15
4508.939311113249,3.2580424e-15
4510.752996172796,2.9872288e-15
4512.566681232343,2.843393e-15
4514.380366291891,2.7401435e-15
4516.194051351438,2.9308306e-15
4518.007736410986,3.1634296e-15
4519.821421470533,3.3306163e-15
4521.6351065300805,3.1227987e-15
4523.448791589628,3.0583395e-15
4525.262476649175,3.5958344e-15
4527.076161708723,4.077914e-15
4528.88984676827,4.1499723e-15
4530.703531827818,3.804356e-15
4532.517216887365,3.756464e-15
4534.3309019469125,3.6860307e-15
4536.14458700646,3.5613297e-15
4537.958272066007,3.0888145e-15
4539.771957125555,3.2104988e-15
4541.585642185102,3.605924e-15
4543.399327244649,3.6805987e-15
4545.213012304196,3.3775564e-15
4547.026697363744,2.6039023e-15
4548.840382423291,2.5968885e-15
4550.654067482838,2.8547672e-15
4552.467752542386,2.9380297e-15
4554.281437601933,3.095375e-15
4556.095122661481,2.8090363e-15
4557.908807721028,2.8355982e-15
4559.7224927805755,3.1079905e-15
4561.536177840123,2.9459692e-15
4563.34986289967,2.832289e-15
4565.163547959218,2.8430767e-15
4566.977233018765,2.7208742e-15
4568.790918078313,3.0255178e-15
4570.60460313786,3.1093601e-15
4572.4182881974075,2.6606895e-15
4574.231973256955,2.6462876e-15
4576.045658316502,2.8653015e-15
4577.85934337605,2.4607461e-15
4579.673028435597,2.5727709e-15
4581.486713495145,1.8396291e-15
4583.300398554692,1.5615885e-15
4585.1140836142395,1.8950835e-15
4586.927768673787,1.8660905e-15
4588.741453733335,2.2662112e-15
4590.555138792883,1.4452221e-15
4592.368823852429,2.3251935e-15
4594.182508911977,2.3656146e-15
4595.996193971524,2.4194823e-15
4597.809879031071,2.8296044e-15
4599.623564090619,2.747334e-15
4601.437249150166,2.4380437e-15
4603.250934209714,2.2497168e-15
4605.064619269261,8.787742e-16
4606.878304328809,9.283055e-16
4608.691989388356,1.633351e-15
4610.505674447903,2.6359818e-15
4612.319359507451,2.1176844e-15
4614.133044566998,1.3916906e-15
4615.946729626546,2.36724e-15
4617.760414686093,1.4085389e-15
4619.5740997456405,8.2801494e-16
4621.387784805188,2.044759e-15
4623.201469864735,1.7016815e-15
4625.015154924283,1.1683809e-15
4626.82883998383,1.616535e-15
4628.642525043378,1.0515268e-15
4630.456210102925,1.506967e-15
4632.2698951624725,2.0596127e-15
4634.08358022202,1.6612822e-15
4635.897265281567,1.9210652e-15
4637.710950341115,1.8928438e-15
4639.524635400662,1.3205801e-15
4641.33832046021,1.2974179e-15
4643.152005519757,1.5561251e-15
4644.9656905793045,1.6987418e-15
4646.779375638852,2.5765595e-15
4648.593060698399,2.4324008e-15
4650.406745757947,1.5512523e-15
4652.220430817494,1.5391207e-15
4654.034115877042,2.2898725e-15
4655.847800936589,3.6676573e-15
4657.661485996136,3.367003e-15
4659.475171055684,1.0812833e-15
4661.288856115231,2.4075035e-15
4663.102541174779,3.0161323e-15
4664.916226234326,3.4735532e-15
4666.729911293874,2.7805921e-15
4668.543596353421,1.966964e-15
4670.357281412968,1.6824675e-15
4672.170966472516,2.9165168e-15
4673.984651532063,4.3482445e-15
4675.798336591611,2.740368e-15
4677.612021651158,2.8377035e-15
4679.4257067107055,2.335775e-15
4681.239391770253,2.3989695e-15
4683.0530768298,1.7079861e-15
4684.866761889348,3.031992e-15
4686.680446948895,3.151325e-15
4688.494132008443,2.3473947e-15
4690.30781706799,3.398664e-15
4692.1215021275375,4.2861676e-15
4693.935187187085,3.990627e-15
4695.748872246632,3.6699833e-15
4697.56255730618,4.2870705e-15
4699.376242365727,5.1459716e-15
4701.189927425275,3.802774e-15
4703.003612484822,2.810148e-15
4704.8172975443695,3.1249656e-15
4706.630982603917,3.5754675e-15
4708.444667663464,2.7898443e-15
4710.258352723012,2.4070383e-15
4712.072037782559,2.2199624e-15
4713.885722842107,4.3347805e-15
4715.699407901654,3.7696846e-15
4717.513092961201,3.473651e-15
4719.326778020749,4.2702556e-15
4721.140463080296,5.065752e-15
4722.954148139844,5.9114404e-15
4724.767833199391,5.942405e-15
4726.581518258939,5.350693e-15
4728.395203318486,6.7549315e-15
4730.208888378033,3.0391987e-15
4732.022573437581,1.9357932e-15
4733.836258497128,2.2861015e-15
4735.649943556676,5.054163e-15
4737.463628616223,7.851946e-15
4739.2773136757705,5.3906596e-15
