5153.05619146921,2.9342839e-16
5155.352373800918,2.0465257e-16
5157.648556132626,9.709415e-17
5159.9447384643345,3.7699036e-16
5162.240920796043,6.046476e-16
5164.537103127751,9.628461e-16
5166.833285459459,9.677458e-16
5169.129467791167,5.8151644e-16
5171.425650122876,4.5015275e-16
5173.721832454584,8.1342564e-16
5176.018014786292,5.4745513e-16
5178.314197118,5.5673766e-16
5180.6103794497085,3.7798305e-16
5182.906561781417,6.5361716e-16
5185.202744113125,6.585885e-16
5187.498926444833,6.9852377e-16
5189.795108776541,7.9220943e-16
5192.09129110825,7.844604e-16
5194.387473439958,9.059912e-16
5196.683655771666,7.0153995e-16
5198.979838103373,8.4253827e-16
5201.276020435082,6.236686e-16
5203.57220276679,7.0046125e-16
5205.868385098498,8.0574756e-16
5208.164567430206,4.711038e-16
5210.4607497619145,7.0366764e-16
5212.756932093623,7.2414197e-16
5215.053114425331,7.627415e-16
5217.349296757039,8.761778e-16
5219.645479088747,9.372852e-16
5221.941661420456,9.312485e-16
5224.237843752164,7.3566193e-16
5226.534026083872,8.522889e-16
5228.83020841558,1.1567941e-15
5231.1263907472885,9.982404e-16
5233.422573078997,8.353198e-16
5235.718755410705,8.094476e-16
5238.014937742413,9.32098e-16
5240.311120074121,1.0689341e-15
5242.60730240583,1.2014059e-15
5244.903484737538,9.148214e-16
5247.199667069246,7.319531e-16
5249.495849400954,9.756256e-16
5251.7920317326625,1.1243019e-15
5254.088214064371,1.1597098e-15
5256.384396396079,1.1737268e-15
5258.680578727787,1.2057071e-15
5260.976761059495,7.6339326e-16
5263.272943391204,5.052636e-16
5265.569125722912,8.506417e-16
5267.86530805462,8.3072926e-16
5270.161490386328,8.1160775e-16
5272.4576727180365,8.204395e-16
5274.753855049745,1.1393123e-15
5277.050037381453,1.1884074e-15
5279.346219713161,1.2564122e-15
5281.642402044869,1.1911848e-15
5283.938584376578,1.2196725e-15
5286.234766708285,1.2348756e-15
5288.530949039993,1.1745119e-15
5290.827131371701,9.891693e-16
5293.12331370341,1.122498e-15
5295.419496035118,1.0887765e-15
5297.715678366826,1.0187548e-15
5300.011860698534,1.0540718e-15
5302.3080430302425,1.1880281e-15
5304.604225361951,1.1248752e-15
5306.900407693659,1.1029648e-15
5309.196590025367,1.1374722e-15
5311.492772357075,1.1544762e-15
5313.788954688784,1.0844634e-15
5316.085137020492,1.0151945e-15
5318.3813193522,1.1665e-15
5320.677501683908,1.2453292e-15
5322.9736840156165,1.1188231e-15
5325.269866347325,1.012267e-15
5327.566048679033,1.0979605e-15
5329.862231010741,1.1035963e-15
5332.158413342449,1.0423326e-15
5334.454595674158,1.1500497e-15
5336.750778005866,1.1266303e-15
5339.046960337574,1.0520196e-15
5341.343142669282,1.1769107e-15
5343.6393250009905,1.1158862e-15
5345.935507332699,1.0456609e-15
5348.231689664407,1.2303852e-15
5350.527871996115,1.2163473e-15
5352.824054327823,1.0723625e-15
5355.120236659532,1.1570417e-15
5357.41641899124,1.1591162e-15
5359.712601322948,1.1755108e-15
5362.008783654656,1.1474426e-15
5364.304965986365,1.1382131e-15
5366.601148318073,1.1598515e-15
5368.897330649781,1.0493785e-15
5371.193512981489,1.029624e-15
5373.489695313197,9.896884e-16
5375.785877644905,1.0499612e-15
5378.082059976613,1.2961608e-15
5380.378242308321,1.2430363e-15
5382.674424640029,1.1338203e-15
5384.970606971738,1.1382518e-15
5387.266789303446,1.0908846e-15
5389.562971635154,1.1286966e-15
5391.859153966862,1.0462547e-15
5394.155336298571,8.850848e-16
5396.451518630279,9.214211e-16
5398.747700961987,1.063045e-15
5401.043883293695,1.1397377e-15
5403.340065625403,1.0480428e-15
5405.636247957112,1.0325436e-15
5407.93243028882,1.1122895e-15
5410.228612620528,1.0852401e-15
5412.524794952236,1.2321625e-15
5414.820977283945,1.2972475e-15
5417.117159615653,1.2377757e-15
5419.413341947361,1.2254146e-15
5421.709524279069,1.1791351e-15
5424.005706610777,1.1733774e-15
5426.301888942486,1.1691402e-15
5428.598071274194,1.1112526e-15
5430.894253605902,1.0029906e-15
5433.19043593761,9.569504e-16
5435.486618269319,1.1706186e-15
5437.782800601027,1.2432916e-15
5440.078982932735,1.1226438e-15
5442.375165264443,1.1508227e-15
5444.6713475961515,1.0472364e-15
5446.96752992786,9.616572e-16
5449.263712259568,1.0108367e-15
5451.559894591276,1.0621281e-15
5453.856076922984,1.0061777e-15
5456.152259254693,9.833463e-16
5458.448441586401,9.691344e-16
5460.744623918109,9.601005e-16
5463.040806249817,9.85262e-16
5465.336988581525,1.0569704e-15
5467.633170913233,1.036385e-15
5469.929353244941,9.882394e-16
5472.225535576649,1.0083396e-15
5474.5217179083575,9.506599e-16
5476.817900240066,9.3585e-16
5479.114082571774,1.0633263e-15
5481.410264903482,1.005137e-15
5483.70644723519,1.0298895e-15
5486.002629566899,1.070633e-15
5488.298811898607,1.0470968e-15
5490.594994230315,1.1069624e-15
5492.891176562023,1.0382152e-15
5495.1873588937315,1.0152431e-15
5497.48354122544,1.0314611e-15
5499.779723557148,1.0746389e-15
5502.075905888856,8.4833335e-16
5504.372088220564,8.7366885e-16
5506.668270552273,9.11469e-16
5508.964452883981,9.012306e-16
5511.260635215689,9.724116e-16
5513.556817547397,1.001942e-15
5515.8529998791055,1.0273054e-15
5518.149182210814,1.0945248e-15
5520.445364542522,1.0087835e-15
5522.74154687423,1.0123236e-15
5525.037729205938,1.064382e-15
5527.333911537647,1.1053824e-15
5529.630093869355,1.0728371e-15
5531.926276201063,1.0300553e-15
5534.222458532771,1.010408e-15
5536.5186408644795,1.0534846e-15
5538.814823196188,1.1058461e-15
5541.111005527896,1.1293467e-15
5543.407187859604,1.099235e-15
5545.703370191312,1.0863119e-15
5547.999552523021,1.1043425e-15
5550.295734854728,1.1900205e-15
5552.591917186437,1.1305249e-15
5554.888099518144,1.1176546e-15
5557.184281849853,1.1272098e-15
5559.480464181561,1.0831887e-15
5561.776646513269,1.0865965e-15
5564.072828844977,1.0753864e-15
5566.3690111766855,1.0429827e-15
5568.665193508394,1.0816783e-15
5570.961375840102,1.1595644e-15
5573.25755817181,1.2068574e-15
5575.553740503518,1.1206191e-15
5577.849922835227,1.1629719e-15
5580.146105166935,1.2817022e-15
5582.442287498643,1.1233495e-15
5584.738469830351,1.1585794e-15
5587.0346521620595,1.0725179e-15
5589.330834493768,1.0692286e-15
5591.627016825476,1.1217878e-15
5593.923199157184,1.1028465e-15
5596.219381488892,1.0957887e-15
5598.515563820601,1.0123163e-15
5600.811746152309,1.0856231e-15
5603.107928484017,1.1217419e-15
5605.404110815725,1.1240526e-15
5607.7002931474335,1.1401515e-15
5609.996475479142,1.1709753e-15
5612.29265781085,1.1204292e-15
5614.588840142558,1.0577809e-15
5616.885022474266,1.1665144e-15
5619.181204805975,1.1421482e-15
5621.477387137683,1.1265514e-15
5623.773569469391,1.2038267e-15
5626.069751801099,1.1675167e-15
5628.3659341328075,1.1429142e-15
5630.662116464516,1.1657669e-15
5632.958298796224,1.1908409e-15
5635.254481127932,1.2732947e-15
5637.55066345964,1.1373252e-15
5639.846845791348,1.1234881e-15
5642.143028123057,1.1063414e-15
5644.439210454764,1.0878127e-15
5646.735392786472,1.1110576e-15
5649.031575118181,1.1657665e-15
5651.327757449889,1.2309849e-15
5653.623939781597,1.2941266e-15
5655.920122113305,1.2430464e-15
5658.2163044450135,1.0794674e-15
5660.512486776722,1.0388539e-15
5662.80866910843,1.1389795e-15
5665.104851440138,1.1503092e-15
5667.401033771846,1.1540301e-15
5669.697216103555,1.1066447e-15
5671.993398435263,1.0955808e-15
5674.289580766971,1.1626076e-15
5676.585763098679,1.1767347e-15
5678.8819454303875,1.0533957e-15
5681.178127762096,1.1100892e-15
5683.474310093804,1.1195571e-15
5685.770492425512,1.2365085e-15
5688.06667475722,1.0581387e-15
5690.362857088929,1.0585855e-15
5692.659039420637,1.2022907e-15
5694.955221752345,1.0348282e-15
5697.251404084053,1.1675704e-15
5699.5475864157615,1.1304528e-15
5701.84376874747,1.1174504e-15
5704.139951079178,1.1414033e-15
5706.436133410886,1.1031439e-15
5708.732315742594,1.1211013e-15
5711.028498074303,1.096662e-15
5713.324680406011,1.0883287e-15
5715.620862737719,1.2051321e-15
5717.917045069427,1.2263209e-15
5720.213227401136,1.270011e-15
5722.509409732844,1.235933e-15
5724.805592064551,1.1901025e-15
5727.10177439626,1.2482058e-15
5729.3979567279675,1.1780292e-15
5731.694139059677,1.2035349e-15
5733.990321391384,1.208221e-15
5736.286503723092,1.3033191e-15
5738.5826860548,1.2392561e-15
5740.878868386509,1.2977065e-15
5743.175050718217,1.3138126e-15
5745.471233049925,1.2504381e-15
5747.767415381633,1.3056378e-15
5750.063597713342,1.3066568e-15
5752.35978004505,1.3082049e-15
5754.655962376758,1.3557937e-15
5756.952144708466,1.2997207e-15
5759.248327040174,1.2887274e-15
5761.544509371883,1.2417035e-15
5763.840691703591,1.4074744e-15
5766.136874035299,1.722352e-15
5768.433056367007,1.594724e-15
5770.729238698716,1.2428707e-15
5773.025421030424,1.2391191e-15
5775.321603362132,1.3642853e-15
5777.61778569384,1.3662276e-15
5779.9139680255485,1.302064e-15
5782.210150357257,1.2839788e-15
5784.506332688965,1.2623165e-15
5786.802515020673,1.3522936e-15
5789.098697352381,1.3619686e-15
5791.39487968409,1.313187e-15
5793.691062015798,1.3373904e-15
5795.987244347506,1.4219181e-15
5798.283426679214,1.4286453e-15
5800.5796090109225,1.3866853e-15
5802.875791342631,1.4625696e-15
5805.171973674339,1.4960885e-15
5807.468156006047,1.4002776e-15
5809.764338337755,1.3064385e-15
5812.060520669464,1.3002913e-15
5814.356703001171,1.2912883e-15
5816.65288533288,1.3346899e-15
5818.949067664587,1.340172e-15
5821.2452499962965,1.2679916e-15
5823.541432328004,1.2849799e-15
5825.837614659712,1.2751939e-15
5828.13379699142,1.2845716e-15
5830.4299793231285,1.3181392e-15
5832.726161654837,1.354328e-15
5835.022343986545,1.3292338e-15
5837.318526318253,1.3152434e-15
5839.614708649961,1.3463166e-15
5841.91089098167,1.3287711e-15
5844.207073313378,1.2441566e-15
5846.503255645086,1.1719315e-15
5848.799437976794,1.1824471e-15
5851.0956203085025,1.1490137e-15
5853.391802640211,1.1683454e-15
5855.687984971919,1.0598535e-15
5857.984167303627,1.0730692e-15
5860.280349635335,1.1253534e-15
5862.576531967044,1.0789434e-15
5864.872714298752,1.0177541e-15
5867.16889663046,1.0162134e-15
5869.465078962168,9.951033e-16
5871.7612612938765,1.0783873e-15
5874.057443625585,1.0730005e-15
5876.353625957293,1.0062694e-15
5878.649808289001,9.11831e-16
5880.945990620709,8.736228e-16
5883.242172952418,7.3430827e-16
5885.538355284126,6.166114e-16
5887.834537615834,4.865963e-16
5890.130719947542,5.285532e-16
5892.4269022792505,5.212481e-16
5894.723084610959,5.775445e-16
5897.019266942667,6.1197485e-16
5899.315449274375,7.095131e-16
5901.611631606083,8.669611e-16
5903.907813937791,9.282893e-16
5906.2039962695,9.991101e-16
5908.500178601207,9.29888e-16
5910.796360932916,9.93294e-16
5913.092543264624,1.0339126e-15
5915.388725596332,1.0577402e-15
5917.68490792804,1.091666e-15
5919.981090259748,1.1197373e-15
5922.2772725914565,1.0781314e-15
5924.573454923165,1.0631577e-15
5926.869637254873,1.0938124e-15
5929.165819586581,1.0770481e-15
5931.462001918289,1.0468865e-15
5933.758184249998,1.1182192e-15
5936.054366581706,1.1747898e-15
5938.350548913414,1.1337163e-15
5940.646731245122,1.1693202e-15
5942.9429135768305,1.1659718e-15
5945.239095908539,1.2074249e-15
5947.535278240247,1.2031468e-15
5949.831460571955,1.1157664e-15
5952.127642903663,1.1729444e-15
5954.423825235372,1.127982e-15
5956.72000756708,1.1379492e-15
5959.016189898788,1.1581594e-15
5961.312372230496,1.2595692e-15
5963.6085545622045,1.2256011e-15
5965.904736893913,1.1756115e-15
5968.200919225621,1.1585928e-15
5970.497101557329,1.2573953e-15
5972.793283889037,1.2861458e-15
5975.089466220746,1.2962105e-15
5977.385648552454,1.1217666e-15
5979.681830884162,1.169658e-15
5981.97801321587,1.2173705e-15
5984.2741955475785,1.2477222e-15
5986.570377879287,1.3341287e-15
5988.866560210995,1.4043343e-15
5991.162742542703,1.2987639e-15
5993.4589248744105,1.3836682e-15
5995.75510720612,1.40915e-15
5998.051289537827,1.2486777e-15
6000.347471869536,1.2373025e-15
6002.643654201243,1.2536944e-15
6004.939836532952,1.2850524e-15
6007.23601886466,1.3313686e-15
6009.532201196368,1.3595979e-15
6011.828383528076,1.3209353e-15
6014.1245658597845,1.3137905e-15
6016.420748191493,1.3149659e-15
6018.716930523201,1.303734e-15
6021.013112854909,1.29303e-15
6023.309295186617,1.3498263e-15
6025.605477518326,1.3421829e-15
6027.901659850034,1.447886e-15
6030.197842181742,1.4754387e-15
6032.49402451345,1.400632e-15
6034.7902068451585,1.3806205e-15
6037.086389176867,1.4835314e-15
6039.382571508575,1.4342211e-15
6041.678753840283,1.4187743e-15
6043.974936171991,1.4741172e-15
6046.2711185037,1.4944372e-15
6048.567300835408,1.4601145e-15
6050.863483167116,1.4689858e-15
6053.159665498824,1.3895402e-15
6055.455847830533,1.3865952e-15
6057.752030162241,1.4786677e-15
6060.048212493949,1.4551393e-15
6062.344394825657,1.3362042e-15
6064.640577157365,1.3871763e-15
6066.936759489074,1.4441303e-15
6069.232941820782,1.5113121e-15
6071.52912415249,1.4543785e-15
6073.825306484198,1.4820339e-15
6076.121488815907,1.4868298e-15
6078.417671147615,1.3978922e-15
6080.713853479323,1.4264979e-15
6083.01003581103,1.448964e-15
6085.306218142739,1.4403887e-15
6087.602400474447,1.4442555e-15
6089.898582806156,1.4372871e-15
6092.194765137863,1.5315975e-15
6094.490947469571,1.4599614e-15
6096.78712980128,1.4031064e-15
6099.083312132988,1.3720179e-15
6101.379494464696,1.3118534e-15
6103.675676796404,1.3048971e-15
6105.971859128113,1.4434406e-15
6108.268041459821,1.4314322e-15
6110.564223791529,1.5093829e-15
6112.860406123237,1.5384492e-15
6115.156588454945,1.4149634e-15
6117.452770786654,1.3217574e-15
6119.748953118362,1.2107433e-15
6122.04513545007,1.2486058e-15
6124.341317781778,1.3864118e-15
6126.637500113487,1.4827571e-15
6128.933682445195,1.4710215e-15
6131.229864776903,1.4599616e-15
6133.526047108611,1.4078409e-15
6135.8222294403195,1.4029806e-15
6138.118411772028,1.4372363e-15
6140.414594103736,1.4662944e-15
6142.710776435444,1.4576035e-15
6145.006958767152,1.4431339e-15
6147.303141098861,1.416336e-15
6149.599323430569,1.3639387e-15
6151.895505762277,1.3313096e-15
6154.191688093985,1.3338025e-15
6156.4878704256935,1.2118403e-15
6158.784052757402,1.1094657e-15
6161.08023508911,9.591783e-16
6163.376417420818,9.208368e-16
6165.672599752526,1.0133689e-15
6167.968782084234,1.0135551e-15
6170.264964415943,1.0564711e-15
6172.56114674765,1.143285e-15
6174.857329079359,1.1427579e-15
6177.153511411067,1.2341423e-15
6179.449693742776,1.2129876e-15
6181.745876074483,1.1975486e-15
6184.042058406192,1.2172916e-15
6186.3382407378995,1.1535559e-15
6188.634423069608,1.0880119e-15
6190.930605401316,1.0835177e-15
6193.226787733024,1.1057249e-15
6195.522970064732,1.0936006e-15
6197.819152396441,1.1518303e-15
6200.115334728149,1.1819625e-15
6202.411517059857,1.1291358e-15
6204.707699391565,1.1671932e-15
6207.0038817232735,1.1601034e-15
6209.300064054982,1.102259e-15
6211.59624638669,1.071071e-15
6213.892428718398,1.0607195e-15
6216.188611050106,9.750876e-16
6218.484793381815,9.343943e-16
6220.780975713523,9.511594e-16
6223.077158045231,9.698358e-16
6225.373340376939,9.799516e-16
6227.6695227086475,9.191725e-16
6229.965705040356,9.852758e-16
6232.261887372064,9.866832e-16
6234.558069703772,9.605227e-16
6236.85425203548,9.845222e-16
6239.150434367189,9.231083e-16
6241.446616698897,9.719793e-16
6243.742799030605,1.0387221e-15
6246.038981362313,1.0310929e-15
6248.3351636940215,1.0136471e-15
6250.63134602573,9.892574e-16
6252.927528357437,9.673898e-16
6255.223710689146,9.594298e-16
6257.5198930208535,9.40932e-16
6259.816075352563,9.869243e-16
6262.11225768427,1.0205077e-15
6264.408440015979,9.829324e-16
6266.704622347686,9.593121e-16
6269.0008046793955,1.0554441e-15
6271.296987011103,1.1173382e-15
6273.593169342811,1.002431e-15
6275.889351674519,9.553014e-16
6278.1855340062275,9.540582e-16
6280.481716337936,1.0072888e-15
6282.777898669644,1.081296e-15
6285.074081001352,1.0363604e-15
6287.37026333306,1.079599e-15
6289.666445664769,1.1373579e-15
6291.962627996477,1.0657793e-15
6294.258810328185,1.0240026e-15
6296.554992659893,1.0479278e-15
6298.8511749916015,1.0491191e-15
6301.14735732331,1.068892e-15
6303.443539655018,1.1297862e-15
6305.739721986726,1.1531287e-15
6308.035904318434,1.1680836e-15
6310.332086650143,1.1693507e-15
6312.628268981851,1.1747538e-15
6314.924451313559,1.1763133e-15
6317.220633645267,1.2171373e-15
6319.5168159769755,1.2298666e-15
6321.812998308684,1.1827845e-15
6324.109180640392,1.1980574e-15
6326.4053629721,1.2191912e-15
6328.701545303808,1.2462742e-15
6330.997727635517,1.2515796e-15
6333.293909967225,1.2500953e-15
6335.590092298933,1.2224769e-15
6337.886274630641,1.2110064e-15
6340.1824569623495,1.2633749e-15
6342.478639294057,1.2778669e-15
6344.774821625766,1.236834e-15
6347.071003957473,1.2871001e-15
6349.367186289182,1.3362185e-15
6351.66336862089,1.261441e-15
6353.959550952599,1.2445155e-15
6356.255733284306,1.1721393e-15
6358.551915616015,1.1488182e-15
6360.848097947723,1.1779346e-15
6363.144280279431,1.1792926e-15
6365.440462611139,1.2013445e-15
6367.736644942847,1.2655391e-15
6370.0328272745555,1.2826393e-15
6372.329009606264,1.2600075e-15
6374.625191937972,1.2874908e-15
6376.92137426968,1.2498576e-15
6379.217556601388,1.1688264e-15
6381.513738933097,1.1620271e-15
6383.809921264805,1.2410512e-15
6386.106103596513,1.1928364e-15
6388.402285928221,1.210742e-15
6390.6984682599295,1.2563214e-15
6392.994650591638,1.2676293e-15
6395.290832923346,1.3048674e-15
6397.587015255054,1.2908306e-15
6399.883197586762,1.3329754e-15
6402.179379918471,1.3816808e-15
6404.475562250179,1.3588612e-15
6406.771744581887,1.3558933e-15
6409.067926913595,1.3959997e-15
6411.364109245304,1.3867794e-15
6413.660291577012,1.4185031e-15
6415.95647390872,1.4734458e-15
6418.252656240428,1.4290471e-15
6420.548838572136,1.4321075e-15
6422.845020903845,1.3995441e-15
6425.141203235553,1.4099478e-15
6427.437385567261,1.4816908e-15
6429.733567898969,1.4491792e-15
6432.029750230677,1.4313488e-15
6434.325932562386,1.3998352e-15
6436.622114894093,1.3338338e-15
6438.918297225802,1.385082e-15
6441.21447955751,1.4532297e-15
6443.510661889219,1.484734e-15
6445.806844220926,1.4884018e-15
6448.103026552635,1.4693181e-15
6450.399208884342,1.5076832e-15
6452.695391216051,1.3163673e-15
6454.991573547759,4.4722526e-15
6457.287755879467,4.3187944e-15
6459.583938211175,1.1517135e-15
6461.880120542884,1.4740135e-15
6464.176302874592,1.5169343e-15
6466.4724852063,1.5534748e-15
6468.768667538008,1.5649374e-15
6471.064849869716,1.5571816e-15
6473.361032201425,1.6339934e-15
6475.657214533133,1.670007e-15
6477.953396864841,1.6170436e-15
6480.249579196549,1.5999034e-15
6482.545761528258,1.6244317e-15
6484.841943859966,1.613024e-15
6487.138126191674,1.5969562e-15
6489.434308523382,1.5801571e-15
6491.7304908550905,1.4922162e-15
6494.026673186799,1.4397471e-15
6496.322855518507,1.467706e-15
6498.619037850215,1.5800735e-15
6500.915220181923,1.6721287e-15
6503.211402513632,1.7307644e-15
6505.50758484534,1.7047517e-15
6507.803767177048,1.6237248e-15
6510.099949508756,1.6975383e-15
6512.3961318404645,1.7723099e-15
6514.692314172173,1.7610944e-15
6516.988496503881,1.7309546e-15
6519.284678835589,1.7222183e-15
6521.5808611672965,1.7513201e-15
6523.877043499006,1.795255e-15
6526.173225830713,1.788279e-15
6528.469408162422,1.7975267e-15
6530.765590494129,1.7770467e-15
6533.0617728258385,1.7812717e-15
6535.357955157546,1.8820147e-15
6537.654137489255,1.9040443e-15
6539.950319820962,1.8392433e-15
6542.2465021526705,1.7919376e-15
6544.542684484379,1.7265622e-15
6546.838866816087,1.6977599e-15
6549.135049147795,1.7546782e-15
6551.431231479503,1.7377758e-15
6553.727413811212,1.6985902e-15
6556.02359614292,1.7501728e-15
6558.319778474628,1.9547557e-15
6560.615960806336,2.1205144e-15
6562.9121431380445,2.0406783e-15
6565.208325469753,1.848574e-15
6567.504507801461,1.765869e-15
6569.800690133169,1.6834046e-15
6572.096872464877,1.647212e-15
6574.393054796586,1.6327147e-15
6576.689237128294,1.6747868e-15
6578.985419460002,1.7242551e-15
6581.28160179171,1.741194e-15
6583.5777841234185,1.7999556e-15
6585.873966455127,1.784001e-15
6588.170148786835,1.731323e-15
6590.466331118543,1.6684939e-15
6592.762513450251,1.6834912e-15
6595.05869578196,1.7047984e-15
6597.354878113668,1.7025294e-15
6599.651060445376,1.7099119e-15
6601.947242777084,1.6724711e-15
6604.2434251087925,1.6097793e-15
6606.5396074405,1.6092263e-15
6608.835789772209,1.6465102e-15
6611.131972103916,1.7056445e-15
6613.428154435625,1.7045496e-15
6615.724336767333,1.7029009e-15
6618.020519099042,1.6560496e-15
6620.316701430749,1.6554851e-15
6622.612883762458,1.669028e-15
6624.909066094166,1.666493e-15
6627.205248425875,1.6541845e-15
6629.501430757582,1.6029542e-15
6631.79761308929,1.5992372e-15
6634.0937954209985,1.6102138e-15
6636.389977752707,1.6078517e-15
6638.686160084415,1.663982e-15
6640.982342416123,1.6439597e-15
6643.278524747831,1.5889726e-15
6645.57470707954,1.5926993e-15
6647.870889411248,1.5833936e-15
6650.167071742956,1.5263087e-15
6652.463254074664,1.5407683e-15
6654.7594364063725,1.5440057e-15
6657.055618738081,1.4841377e-15
6659.351801069789,1.5443063e-15
6661.647983401497,1.5627452e-15
6663.944165733205,1.5023183e-15
6666.240348064914,1.533041e-15
6668.536530396622,1.5453874e-15
6670.83271272833,1.5646306e-15
6673.128895060038,1.581379e-15
6675.4250773917465,1.4890238e-15
6677.721259723455,1.4306649e-15
6680.017442055163,1.4454924e-15
6682.313624386871,1.4306175e-15
6684.609806718579,1.4396529e-15
6686.905989050288,1.475461e-15
6689.202171381996,1.4564822e-15
6691.498353713704,1.4505812e-15
6693.794536045412,1.3989629e-15
6696.09071837712,1.3983368e-15
6698.386900708829,1.443793e-15
6700.683083040536,1.4649783e-15
6702.979265372245,1.4728758e-15
6705.2754477039525,1.4799639e-15
6707.571630035662,1.4657221e-15
6709.867812367369,1.4440706e-15
6712.163994699078,1.41238e-15
6714.460177030785,1.4017109e-15
6716.756359362495,1.3504529e-15
6719.052541694202,1.3054541e-15
6721.34872402591,1.3285796e-15
6723.644906357618,1.3468887e-15
6725.9410886893265,1.3456595e-15
6728.237271021035,1.3503041e-15
6730.533453352743,1.3517663e-15
6732.829635684451,1.3735956e-15
6735.125818016159,1.3749582e-15
6737.422000347868,1.3877585e-15
6739.718182679576,1.3548383e-15
6742.014365011284,1.3973782e-15
6744.310547342992,1.3641574e-15
6746.606729674701,1.3150218e-15
6748.902912006409,1.3253248e-15
6751.199094338117,1.3147497e-15
6753.495276669825,1.3208532e-15
6755.791459001533,1.3125562e-15
6758.087641333242,1.3526532e-15
6760.38382366495,1.4295462e-15
6762.680005996658,1.4213987e-15
6764.976188328366,1.353636e-15
6767.272370660075,1.412867e-15
6769.568552991783,1.368276e-15
6771.864735323491,1.3645146e-15
6774.160917655199,1.4433162e-15
6776.457099986907,1.4360941e-15
6778.753282318616,1.4015869e-15
6781.049464650324,1.2555591e-15
6783.345646982032,1.2651882e-15
6785.641829313739,1.2927678e-15
6787.938011645449,1.345631e-15
6790.234193977156,1.3602892e-15
6792.530376308865,1.3176949e-15
6794.826558640572,1.3189628e-15
6797.1227409722815,1.3078648e-15
6799.418923303989,1.3149442e-15
6801.715105635698,1.3105594e-15
6804.011287967405,1.3426304e-15
6806.307470299113,1.315431e-15
6808.603652630822,1.2738584e-15
6810.89983496253,1.3170055e-15
6813.196017294238,1.3424329e-15
6815.492199625946,1.2412229e-15
6817.788381957655,1.2838631e-15
6820.084564289363,1.2836669e-15
6822.380746621071,1.2705646e-15
6824.676928952779,1.3272677e-15
6826.9731112844875,1.3073297e-15
6829.269293616196,1.2928647e-15
6831.565475947904,1.3421484e-15
6833.861658279612,1.3285212e-15
6836.15784061132,1.2747795e-15
6838.454022943029,1.293106e-15
6840.750205274737,1.3136128e-15
6843.046387606445,1.3253829e-15
6845.342569938153,1.2954704e-15
6847.6387522698615,1.3731193e-15
6849.93493460157,1.3632538e-15
6852.231116933278,1.3339742e-15
6854.527299264986,1.3174598e-15
6856.823481596694,1.280225e-15
6859.119663928403,1.3396078e-15
6861.415846260111,1.3381663e-15
6863.712028591819,1.159507e-15
6866.008210923527,1.0604305e-15
6868.3043932552355,9.955204e-16
6870.600575586944,1.0709164e-15
6872.896757918652,1.0786246e-15
6875.192940250359,1.2267135e-15
6877.489122582068,1.2692304e-15
6879.785304913776,1.3598502e-15
6882.081487245485,1.2150824e-15
6884.377669577192,1.200018e-15
6886.673851908901,1.2099056e-15
6888.970034240609,1.25733e-15
6891.266216572318,1.2329645e-15
6893.562398904025,1.287128e-15
6895.858581235733,1.2711149e-15
6898.1547635674415,1.2579427e-15
6900.45094589915,1.2837846e-15
6902.747128230858,1.2913187e-15
6905.043310562566,1.3923834e-15
6907.339492894274,1.3795362e-15
6909.635675225983,1.3949495e-15
6911.931857557691,1.4209941e-15
6914.228039889399,1.4023002e-15
6916.524222221107,1.3860252e-15
6918.8204045528155,1.4014414e-15
6921.116586884524,1.3991542e-15
6923.412769216232,1.4350489e-15
6925.70895154794,1.4647188e-15
6928.005133879648,1.4896471e-15
6930.301316211357,1.5299442e-15
6932.597498543065,1.5402336e-15
6934.893680874773,1.514351e-15
6937.189863206481,1.5447891e-15
6939.4860455381895,1.4796274e-15
6941.782227869898,1.4975333e-15
6944.078410201606,1.5592214e-15
6946.374592533314,1.597033e-15
6948.670774865022,1.6050798e-15
6950.966957196731,1.5866829e-15
6953.263139528439,1.500625e-15
6955.559321860147,1.5233621e-15
6957.855504191855,1.5560027e-15
6960.1516865235635,1.5425475e-15
6962.447868855272,1.5518895e-15
6964.744051186979,1.6259515e-15
6967.040233518688,1.5889732e-15
6969.3364158503955,1.6512219e-15
6971.632598182105,1.6594252e-15
6973.928780513812,1.634058e-15
6976.224962845521,1.6014032e-15
6978.521145177228,1.5919896e-15
6980.8173275089375,1.6431548e-15
6983.113509840645,1.6388663e-15
6985.409692172353,1.6555156e-15
6987.705874504061,1.690366e-15
6990.0020568357695,1.6707869e-15
6992.298239167478,1.626922e-15
6994.594421499186,1.6302917e-15
6996.890603830894,1.6845025e-15
6999.186786162602,1.6836412e-15
7001.482968494311,1.636337e-15
7003.779150826019,1.6968827e-15
7006.075333157727,1.7455039e-15
7008.371515489435,1.7339351e-15
7010.6676978211435,1.7007495e-15
7012.963880152852,1.7364806e-15
7015.26006248456,1.7331231e-15
7017.556244816268,1.7649293e-15
7019.852427147976,1.8420102e-15
7022.148609479685,1.8310445e-15
7024.444791811393,1.7693116e-15
7026.740974143101,1.803215e-15
7029.037156474809,1.7747445e-15
7031.3333388065175,1.8170898e-15
7033.629521138226,1.8620397e-15
7035.925703469934,1.86775e-15
7038.221885801642,1.9223152e-15
7040.51806813335,1.9618016e-15
7042.814250465059,1.9718463e-15
7045.110432796767,1.9923945e-15
7047.406615128475,1.9132035e-15
7049.702797460182,1.8624334e-15
7051.9989797918915,1.7658291e-15
7054.295162123599,1.6677837e-15
7056.591344455308,1.6054701e-15
7058.887526787015,1.5671617e-15
7061.183709118724,1.5546477e-15
7063.479891450432,1.5358312e-15
7065.776073782141,1.5455732e-15
7068.072256113848,1.6126835e-15
7070.368438445557,1.6670641e-15
7072.664620777265,1.6447137e-15
7074.960803108973,1.6573568e-15
7077.256985440681,1.6680537e-15
7079.553167772389,1.6207142e-15
7081.8493501040975,1.588058e-15
7084.145532435806,1.5089203e-15
7086.441714767514,1.4278031e-15
7088.737897099222,1.406521e-15
7091.03407943093,1.4237891e-15
7093.330261762639,9.719269e-16
7095.626444094347,4.7744245e-15
7097.922626426055,5.1868774e-15
7100.218808757763,1.0807564e-15
7102.514991089472,1.5149914e-15
7104.81117342118,1.4904543e-15
7107.107355752888,1.5320096e-15
7109.403538084596,1.5113997e-15
7111.699720416304,1.5311929e-15
7113.995902748013,1.5266286e-15
7116.292085079721,1.5385511e-15
7118.588267411429,1.6081896e-15
7120.884449743137,1.622931e-15
7123.180632074846,1.5034148e-15
7125.476814406554,1.3874501e-15
7127.772996738262,1.3639898e-15
7130.06917906997,1.2718594e-15
7132.3653614016785,1.3068161e-15
7134.661543733387,1.3364301e-15
7136.957726065095,1.3099471e-15
7139.253908396802,1.3998617e-15
7141.550090728511,1.4174159e-15
7143.846273060219,1.348703e-15
7146.142455391928,1.3241915e-15
7148.438637723635,1.3826922e-15
7150.734820055344,1.4784659e-15
7153.031002387052,1.5490323e-15
7155.327184718761,1.5925329e-15
7157.623367050468,1.5615585e-15
7159.919549382177,1.5105106e-15
7162.215731713884,1.4950309e-15
7164.511914045593,1.5126251e-15
7166.808096377301,1.5621063e-15
7169.104278709009,1.5345099e-15
7171.400461040717,1.516383e-15
7173.696643372426,1.4971254e-15
7175.992825704134,1.533498e-15
7178.289008035842,1.5208788e-15
7180.58519036755,1.5151482e-15
7182.8813726992585,1.5127285e-15
7185.177555030967,1.5413659e-15
7187.473737362675,1.5154222e-15
7189.769919694383,1.5884667e-15
7192.066102026091,1.5689425e-15
7194.3622843578,1.5566089e-15
7196.658466689508,1.5224404e-15
7198.954649021216,1.4364004e-15
7201.250831352924,1.4553335e-15
7203.5470136846325,1.4584045e-15
7205.843196016341,1.4521896e-15
7208.139378348049,1.5995902e-15
7210.435560679757,1.6389861e-15
7212.731743011465,1.6215495e-15
7215.027925343174,1.6424039e-15
7217.324107674882,1.6683841e-15
7219.620290006589,1.7264888e-15
7221.916472338298,1.711951e-15
7224.212654670006,1.6844842e-15
7226.508837001715,1.7242855e-15
7228.805019333422,1.7226284e-15
7231.101201665131,1.6120737e-15
7233.3973839968385,1.6248208e-15
7235.693566328548,1.6410573e-15
7237.989748660255,1.6171038e-15
7240.285930991964,1.6189137e-15
7242.582113323671,1.5722598e-15
7244.8782956553805,1.5958337e-15
7247.174477987088,1.6312216e-15
7249.470660318797,1.6966245e-15
7251.766842650504,1.6396853e-15
7254.063024982213,1.7208227e-15
7256.359207313921,1.79604e-15
7258.65538964563,1.7617691e-15
7260.951571977337,1.7172699e-15
7263.247754309045,1.7657303e-15
7265.543936640754,1.7620947e-15
7267.840118972462,1.8162277e-15
7270.13630130417,1.7741485e-15
7272.432483635878,1.6971204e-15
7274.7286659675865,1.6833638e-15
7277.024848299295,1.7632785e-15
7279.321030631003,1.8216608e-15
7281.617212962711,1.8535834e-15
7283.913395294419,1.865505e-15
7286.209577626128,1.8615304e-15
7288.505759957836,1.761345e-15
7290.801942289544,1.7619277e-15
7293.098124621252,1.8498687e-15
7295.3943069529605,1.9024885e-15
7297.690489284669,1.8462542e-15
7299.986671616377,1.8239984e-15
7302.282853948085,1.8100162e-15
7304.579036279793,1.8949042e-15
7306.875218611502,1.8895454e-15
7309.171400943209,1.8342092e-15
7311.467583274918,1.9159506e-15
7313.763765606625,1.9031416e-15
7316.0599479383345,1.8850515e-15
7318.356130270042,1.9791683e-15
7320.652312601751,1.9496778e-15
7322.948494933458,1.8558583e-15
7325.244677265167,1.8965453e-15
7327.540859596875,1.8879217e-15
7329.837041928584,1.940169e-15
7332.133224260291,1.950588e-15
7334.429406592,1.9662775e-15
7336.725588923708,1.9712547e-15
7339.021771255417,1.9643734e-15
7341.317953587124,1.9899345e-15
7343.614135918833,1.9007178e-15
7345.9103182505405,1.9061945e-15
7348.20650058225,1.94741e-15
7350.502682913957,1.9555757e-15
7352.798865245665,1.9196735e-15
7355.095047577373,1.9115302e-15
7357.391229909082,1.9397673e-15
7359.68741224079,1.942954e-15
7361.983594572498,1.9676813e-15
7364.279776904206,2.0369196e-15
7366.5759592359145,2.0506515e-15
7368.872141567623,2.0568497e-15
7371.168323899331,2.0064286e-15
7373.464506231039,2.0602528e-15
7375.760688562747,2.0919852e-15
7378.056870894456,2.0985824e-15
7380.353053226164,2.1117872e-15
7382.649235557872,2.1016878e-15
7384.94541788958,2.0657516e-15
7387.2416002212885,2.0783722e-15
7389.537782552997,2.115822e-15
7391.833964884705,2.0897745e-15
7394.130147216412,2.0891055e-15
7396.426329548121,2.06631e-15
7398.722511879829,2.1001921e-15
7401.018694211538,2.1223154e-15
7403.314876543245,2.0769737e-15
7405.611058874954,2.1105185e-15
7407.907241206662,2.0595968e-15
7410.203423538371,2.011727e-15
7412.499605870078,2.1267788e-15
7414.795788201787,2.1437593e-15
7417.0919705334945,2.0636308e-15
7419.388152865204,2.0992337e-15
7421.684335196911,2.1123799e-15
7423.98051752862,2.1322468e-15
7426.276699860327,2.2123228e-15
7428.572882192037,2.1753462e-15
7430.869064523744,2.069553e-15
7433.165246855453,2.073591e-15
7435.46142918716,2.1706e-15
7437.757611518869,2.1591846e-15
7440.053793850577,2.131497e-15
7442.349976182285,2.1654027e-15
7444.646158513993,2.1147393e-15
7446.942340845701,2.0291763e-15
7449.23852317741,2.1067444e-15
7451.534705509118,2.2222693e-15
7453.830887840826,2.2404587e-15
7456.127070172534,2.2279586e-15
7458.423252504243,2.1552065e-15
7460.719434835951,2.0528451e-15
7463.015617167659,2.1215528e-15
7465.311799499367,2.1918674e-15
7467.607981831075,2.2152995e-15
7469.904164162784,2.2046728e-15
7472.200346494492,2.2271065e-15
7474.4965288262,2.1395652e-15
7476.792711157908,2.1717683e-15
7479.088893489617,2.2499471e-15
7481.385075821325,2.2523758e-15
7483.681258153032,2.2074894e-15
7485.977440484741,2.2381867e-15
7488.273622816449,2.227056e-15
7490.569805148158,2.1538843e-15
7492.865987479865,2.1750764e-15
7495.162169811574,2.2268858e-15
7497.458352143281,2.2815915e-15
7499.754534474991,2.2555318e-15
7502.050716806698,2.3463965e-15
7504.346899138407,2.2810631e-15
7506.643081470114,2.2193311e-15
7508.9392638018235,2.229828e-15
7511.235446133531,2.2955489e-15
7513.53162846524,2.301073e-15
7515.827810796947,2.2724668e-15
7518.123993128656,2.3500182e-15
7520.420175460364,2.3490606e-15
7522.716357792073,2.257469e-15
7525.01254012378,2.3274214e-15
7527.308722455488,2.3410792e-15
7529.604904787197,2.3098114e-15
7531.901087118905,2.2797777e-15
7534.197269450613,2.3300688e-15
7536.493451782321,2.343008e-15
7538.7896341140295,2.377966e-15
7541.085816445738,2.36558e-15
7543.381998777446,2.3384219e-15
7545.678181109154,2.335937e-15
7547.974363440862,2.3673917e-15
7550.270545772571,2.3296244e-15
7552.566728104279,2.2984879e-15
7554.862910435987,2.3197393e-15
7557.159092767695,2.310408e-15
7559.4552750994035,2.354358e-15
7561.751457431112,2.314237e-15
7564.04763976282,2.3511856e-15
7566.343822094528,2.2698238e-15
7568.640004426236,2.2572039e-15
7570.936186757945,2.270438e-15
7573.232369089652,2.381991e-15
7575.528551421361,2.373935e-15
7577.824733753068,2.3582916e-15
7580.1209160847775,2.3794627e-15
7582.417098416485,2.4912791e-15
7584.713280748194,2.5679686e-15
7587.009463079901,2.6815998e-15
7589.30564541161,2.683297e-15
7591.601827743318,2.4677877e-15
7593.898010075027,2.1001246e-15
7596.194192406734,1.7155343e-15
7598.490374738443,1.5760132e-15
7600.786557070151,1.4801262e-15
7603.08273940186,1.4097815e-15
7605.378921733567,1.6345443e-15
7607.675104065276,1.7679225e-15
7609.9712863969835,1.9192437e-15
7612.267468728693,2.4075745e-15
7614.5636510604,2.981497e-15
7616.859833392108,3.2488842e-15
7619.156015723816,2.977124e-15
7621.452198055525,2.539538e-15
7623.748380387233,2.26442e-15
7626.044562718941,2.0099865e-15
7628.340745050649,1.913186e-15
7630.6369273823575,1.8759808e-15
7632.933109714066,1.9004052e-15
7635.229292045774,1.9255217e-15
7637.525474377482,1.9178456e-15
7639.82165670919,2.1085852e-15
7642.117839040899,2.1306925e-15
7644.414021372607,2.0902207e-15
7646.710203704315,2.1672085e-15
7649.006386036023,2.182888e-15
7651.3025683677315,2.2274087e-15
7653.59875069944,2.2539058e-15
7655.894933031148,2.1611478e-15
7658.191115362856,2.1213356e-15
7660.487297694564,1.9920752e-15
7662.783480026272,1.880353e-15
7665.079662357981,1.823361e-15
7667.375844689688,1.8783563e-15
7669.672027021397,2.0120615e-15
7671.968209353105,2.0384307e-15
7674.264391684814,2.038168e-15
7676.560574016521,1.9834113e-15
7678.85675634823,1.9673918e-15
7681.1529386799375,1.9820573e-15
7683.449121011647,1.9558347e-15
7685.745303343354,1.9509e-15
7688.041485675063,2.001483e-15
7690.33766800677,2.0430725e-15
7692.6338503384795,2.0046405e-15
7694.930032670187,1.8861236e-15
7697.226215001896,1.7570055e-15
7699.522397333603,1.7697393e-15
7701.818579665312,1.8783561e-15
7704.11476199702,1.942154e-15
7706.410944328728,2.0283072e-15
7708.707126660436,2.0462285e-15
7711.003308992144,1.960078e-15
7713.299491323853,1.9676806e-15
7715.595673655561,1.9955751e-15
7717.891855987269,1.9700741e-15
7720.188038318977,2.022682e-15
7722.4842206506855,2.077589e-15
7724.780402982394,2.0895363e-15
7727.076585314102,2.0839412e-15
7729.37276764581,2.0446065e-15
7731.668949977518,2.1301415e-15
7733.965132309227,2.1443914e-15
7736.261314640935,2.1242932e-15
7738.557496972643,2.0935167e-15
7740.853679304351,2.04273e-15
7743.1498616360595,2.069759e-15
7745.446043967768,2.069882e-15
7747.742226299476,1.9590597e-15
7750.038408631184,1.9559208e-15
7752.3345909628915,2.0351131e-15
7754.630773294601,2.033507e-15
7756.926955626308,2.0075799e-15
7759.223137958017,1.9650593e-15
7761.519320289724,1.9681444e-15
7763.815502621434,2.0504268e-15
7766.111684953141,2.07514e-15
7768.40786728485,2.0535026e-15
7770.704049616557,2.0263504e-15
7773.000231948266,2.0760356e-15
7775.296414279974,2.0354354e-15
7777.592596611683,2.0113846e-15
7779.88877894339,2.0029748e-15
7782.184961275099,1.954331e-15
7784.481143606807,1.9890788e-15
7786.777325938516,2.00121e-15
7789.073508270223,1.9677238e-15
7791.369690601932,2.0212298e-15
7793.66587293364,2.0470957e-15
7795.962055265348,1.970052e-15
7798.258237597056,1.9862165e-15
7800.554419928764,2.0697913e-15
7802.850602260472,2.111934e-15
7805.146784592181,2.1231567e-15
7807.442966923889,2.0723887e-15
7809.739149255597,2.1024573e-15
7812.035331587305,2.0819695e-15
7814.331513919014,2.169104e-15
7816.627696250722,2.1614415e-15
7818.92387858243,2.1372026e-15
7821.220060914138,2.0634002e-15
7823.516243245846,2.0099245e-15
7825.812425577555,2.0095937e-15
7828.108607909263,2.0376837e-15
7830.404790240971,2.0050284e-15
7832.700972572679,1.9209767e-15
7834.997154904388,1.9536008e-15
7837.293337236095,2.0552e-15
7839.589519567804,2.0372364e-15
7841.885701899511,2.0275548e-15
7844.1818842312205,2.0726172e-15
7846.478066562928,2.0564152e-15
7848.774248894637,2.044713e-15
7851.070431226344,2.0692572e-15
7853.366613558053,2.1141625e-15
7855.662795889761,2.0529662e-15
7857.95897822147,2.0658395e-15
7860.255160553177,2.0237589e-15
7862.551342884886,2.0558851e-15
7864.847525216594,2.0828563e-15
7867.143707548303,2.0922228e-15
7869.43988988001,2.1524403e-15
7871.736072211719,2.1067279e-15
7874.0322545434265,2.0769316e-15
7876.328436875136,2.0733607e-15
7878.624619206843,2.1115729e-15
7880.920801538552,2.134508e-15
7883.216983870259,2.1369466e-15
7885.513166201968,2.2110757e-15
7887.809348533676,2.2264704e-15
7890.105530865384,2.1611548e-15
7892.401713197092,2.1268858e-15
7894.6978955288005,2.1391559e-15
7896.994077860509,2.122621e-15
7899.290260192217,2.0390383e-15
7901.586442523925,2.0954848e-15
7903.882624855633,2.1004045e-15
7906.178807187342,2.0839996e-15
7908.47498951905,2.0785166e-15
7910.771171850758,1.9692127e-15
7913.067354182466,2.050698e-15
7915.3635365141745,2.1275486e-15
7917.659718845883,2.0220305e-15
7919.955901177591,2.0237739e-15
7922.252083509299,2.0431038e-15
7924.548265841007,2.0772744e-15
7926.844448172715,2.0879646e-15
7929.140630504424,2.1010616e-15
7931.436812836131,2.1233799e-15
7933.73299516784,2.0435896e-15
7936.029177499548,2.0604047e-15
7938.325359831257,2.0480132e-15
7940.621542162964,2.0003433e-15
7942.917724494673,2.0354579e-15
7945.2139068263805,2.000633e-15
7947.51008915809,1.9663012e-15
7949.806271489797,2.0269416e-15
7952.102453821506,2.0889768e-15
7954.398636153213,2.1302546e-15
7956.6948184849225,2.1501633e-15
7958.99100081663,2.1128341e-15
7961.287183148339,2.0675524e-15
7963.583365480046,2.065231e-15
7965.879547811755,2.1181088e-15
7968.175730143463,2.1629312e-15
7970.471912475171,2.154124e-15
7972.768094806879,2.1231148e-15
7975.064277138587,2.076494e-15
7977.360459470296,2.0727989e-15
7979.656641802004,2.1197747e-15
7981.952824133712,2.1145347e-15
7984.24900646542,2.1006292e-15
7986.5451887971285,2.131144e-15
7988.841371128837,2.1017452e-15
7991.137553460545,2.08583e-15
7993.433735792253,2.0959318e-15
7995.729918123961,2.0680178e-15
7998.02610045567,2.0409073e-15
8000.322282787378,2.1449718e-15
8002.618465119086,1.2185241e-15
8004.914647450794,8.4425764e-15
8007.2108297825025,1.1474548e-14
8009.507012114211,1.2939641e-15
8011.803194445919,2.1735573e-15
8014.099376777627,2.1782378e-15
8016.3955591093345,2.1541301e-15
8018.691741441044,2.0947298e-15
8020.987923772751,2.0955657e-15
8023.28410610446,2.073377e-15
8025.580288436167,2.0549566e-15
8027.8764707678765,2.0707465e-15
8030.172653099584,2.117775e-15
8032.468835431293,2.1267608e-15
8034.765017763,2.0705934e-15
8037.061200094709,2.117723e-15
8039.357382426417,2.1637817e-15
8041.653564758126,2.1133216e-15
8043.949747089833,2.074681e-15
8046.245929421542,2.0669673e-15
8048.54211175325,2.1842038e-15
8050.838294084959,2.279908e-15
8053.134476416666,2.1826112e-15
8055.430658748375,2.2207031e-15
8057.7268410800825,2.2658366e-15
8060.023023411791,2.2517069e-15
8062.319205743499,2.2342125e-15
8064.615388075207,2.1529466e-15
8066.911570406915,2.178159e-15
8069.207752738624,2.1677625e-15
8071.503935070332,2.18109e-15
8073.80011740204,2.2210824e-15
8076.096299733748,2.2602308e-15
8078.3924820654565,2.2587031e-15
8080.688664397165,2.2292423e-15
8082.984846728873,2.2534801e-15
8085.281029060581,2.1864326e-15
8087.577211392289,2.253362e-15
8089.873393723998,2.3131921e-15
8092.169576055706,2.2537459e-15
8094.465758387414,2.2198692e-15
8096.761940719122,2.2673744e-15
8099.058123050831,2.274091e-15
8101.354305382539,2.2923011e-15
8103.650487714247,2.3156875e-15
8105.946670045954,2.3842773e-15
8108.242852377663,2.386341e-15
8110.539034709371,2.3700928e-15
8112.83521704108,2.3617271e-15
8115.131399372787,2.376073e-15
8117.427581704496,2.3940529e-15
8119.723764036204,2.3568283e-15
8122.019946367913,2.4432123e-15
8124.31612869962,2.4358182e-15
8126.612311031329,2.4881972e-15
8128.9084933630365,2.374322e-15
8131.204675694746,2.2877555e-15
8133.500858026453,2.342497e-15
8135.797040358162,2.3118079e-15
8138.093222689869,2.3451486e-15
8140.389405021579,2.3370668e-15
8142.685587353286,2.3536956e-15
8144.981769684995,2.3267256e-15
8147.277952016702,2.3360089e-15
8149.574134348411,2.3357433e-15
8151.870316680119,2.3802536e-15
8154.166499011827,2.3872165e-15
8156.462681343535,2.30702e-15
8158.758863675243,2.2483081e-15
8161.055046006952,2.2076626e-15
8163.35122833866,2.2823171e-15
8165.647410670368,2.3259002e-15
8167.943593002076,2.3768678e-15
8170.239775333785,2.41747e-15
8172.535957665493,2.3910213e-15
8174.832139997201,2.3799248e-15
8177.128322328909,2.2947715e-15
8179.4245046606175,2.120942e-15
8181.720686992326,1.942081e-15
8184.016869324034,1.995465e-15
8186.313051655742,2.1429807e-15
8188.60923398745,2.169647e-15
8190.905416319159,2.0390542e-15
8193.201598650867,1.8563659e-15
8195.497780982574,1.8602565e-15
8197.793963314283,2.1123973e-15
8200.09014564599,2.4175241e-15
8202.3863279777,2.4771332e-15
8204.682510309407,2.4837704e-15
8206.978692641116,2.5557254e-15
8209.274874972823,2.5136935e-15
8211.571057304533,2.4627652e-15
8213.86723963624,2.5130765e-15
8216.163421967949,2.4882516e-15
8218.459604299656,2.506344e-15
8220.755786631365,2.4681234e-15
8223.051968963073,2.332933e-15
8225.348151294782,2.1949461e-15
8227.64433362649,2.1300022e-15
8229.940515958198,2.2548178e-15
8232.236698289906,2.4460795e-15
8234.532880621615,2.5524955e-15
8236.829062953322,2.5478376e-15
8239.125245285031,2.5563077e-15
8241.421427616739,2.5892605e-15
8243.717609948446,2.5600224e-15
8246.013792280155,2.6189977e-15
8248.309974611864,2.6177996e-15
8250.606156943571,2.537202e-15
8252.902339275279,2.4587298e-15
8255.198521606988,2.4248641e-15
8257.494703938697,2.479518e-15
8259.790886270404,2.5893899e-15
8262.087068602112,2.6264887e-15
8264.38325093382,2.5717146e-15
8266.67943326553,2.6265986e-15
8268.975615597237,2.5633845e-15
8271.271797928945,2.4419378e-15
8273.567980260654,2.4636428e-15
8275.864162592363,2.4822675e-15
8278.16034492407,2.4910273e-15
8280.456527255777,2.449057e-15
8282.752709587487,2.4094689e-15
8285.048891919194,2.3971555e-15
8287.345074250903,2.3771687e-15
8289.64125658261,2.3738816e-15
8291.93743891432,2.4310794e-15
8294.233621246027,2.4698731e-15
8296.529803577736,2.4887344e-15
8298.825985909443,2.4948176e-15
8301.122168241152,2.3861869e-15
8303.41835057286,2.345113e-15
8305.714532904569,2.2843104e-15
8308.010715236276,2.296914e-15
8310.306897567985,2.4461767e-15
8312.603079899693,2.4203456e-15
8314.899262231402,2.406791e-15
8317.195444563109,2.3724165e-15
8319.491626894818,2.3017328e-15
8321.787809226525,2.3574255e-15
8324.083991558235,2.3214272e-15
8326.380173889942,2.2222778e-15
8328.676356221651,2.2168866e-15
8330.972538553358,2.3591845e-15
8333.268720885066,2.427825e-15
8335.564903216775,2.3578157e-15
8337.861085548484,2.3626275e-15
8340.157267880191,2.442816e-15
8342.453450211899,2.3788793e-15
8344.749632543608,2.3674323e-15
8347.045814875317,2.2750348e-15
8349.341997207024,2.3635476e-15
8351.638179538731,2.3678717e-15
8353.93436187044,2.4350133e-15
8356.23054420215,2.3786665e-15
8358.526726533857,2.415061e-15
8360.822908865564,2.3551175e-15
8363.119091197274,2.221744e-15
8365.415273528983,2.3227865e-15
8367.71145586069,2.4338774e-15
8370.007638192397,2.5009245e-15
8372.303820524106,2.4361563e-15
8374.600002855814,2.4080338e-15
8376.896185187523,2.3679954e-15
8379.19236751923,2.2799543e-15
8381.48854985094,2.2255384e-15
8383.784732182647,2.15417e-15
8386.080914514356,2.2320428e-15
8388.377096846063,2.2728187e-15
8390.673279177772,2.4103845e-15
8392.96946150948,2.4123873e-15
8395.265643841189,2.4751076e-15
8397.561826172896,2.430912e-15
8399.858008504605,2.3614832e-15
8402.154190836312,2.3759353e-15
8404.450373168022,2.3548653e-15
8406.746555499729,2.4454879e-15
8409.042737831438,2.445827e-15
8411.338920163145,2.2802188e-15
8413.635102494854,2.3287595e-15
8415.931284826562,2.4143156e-15
8418.22746715827,2.3822732e-15
8420.523649489978,2.377891e-15
8422.819831821686,2.3275974e-15
8425.116014153395,2.3379827e-15
8427.412196485104,2.4029457e-15
8429.708378816811,2.422069e-15
8432.004561148518,2.1917825e-15
8434.300743480228,2.103968e-15
8436.596925811937,2.1923667e-15
8438.893108143644,2.331302e-15
8441.189290475351,2.299703e-15
8443.48547280706,2.311102e-15
8445.78165513877,2.4171625e-15
8448.077837470477,2.421401e-15
8450.374019802184,2.416666e-15
8452.670202133893,2.3529447e-15
8454.966384465602,2.274908e-15
8457.26256679731,2.301305e-15
8459.558749129017,2.4145316e-15
8461.854931460726,2.3026652e-15
8464.151113792434,2.3169278e-15
8466.447296124143,2.3056637e-15
8468.74347845585,2.2238767e-15
8471.03966078756,2.4147927e-15
8473.335843119266,2.3857077e-15
8475.632025450976,2.2950576e-15
8477.928207782683,2.3356565e-15
8480.224390114392,2.358793e-15
8482.5205724461,2.3794841e-15
8484.816754777808,2.4357728e-15
8487.112937109516,2.4715579e-15
8489.409119441225,2.4878277e-15
8491.705301772932,2.3557075e-15
8494.001484104641,2.281672e-15
8496.297666436349,2.218417e-15
8498.593848768058,2.2442917e-15
8500.890031099765,2.2498813e-15
8503.186213431472,2.3743276e-15
8505.482395763182,2.3605747e-15
8507.77857809489,2.3136965e-15
8510.074760426598,2.3484003e-15
8512.370942758305,2.2731328e-15
8514.667125090014,2.2065278e-15
8516.963307421724,2.2101895e-15
8519.25948975343,2.2397698e-15
8521.555672085138,2.365089e-15
8523.851854416847,2.3779938e-15
8526.148036748556,2.2968795e-15
8528.444219080264,2.2950233e-15
8530.740401411971,2.3034392e-15
8533.03658374368,2.3015581e-15
8535.33276607539,2.2296309e-15
8537.628948407097,1.9896732e-15
8539.925130738804,1.984456e-15
8542.221313070513,1.9916385e-15
8544.517495402222,2.1338947e-15
8546.81367773393,2.350852e-15
8549.109860065637,2.343278e-15
8551.406042397346,2.399157e-15
8553.702224729053,2.3785107e-15
8555.998407060762,2.3617407e-15
8558.29458939247,2.407336e-15
8560.590771724179,2.4241623e-15
8562.886954055886,2.4253454e-15
8565.183136387595,2.4784792e-15
8567.479318719303,2.4923498e-15
8569.775501051012,2.405208e-15
8572.07168338272,2.3583066e-15
8574.367865714428,2.3775738e-15
8576.664048046136,2.4048864e-15
8578.960230377845,2.4248489e-15
8581.256412709552,2.4147698e-15
8583.552595041261,2.4760912e-15
8585.848777372968,2.5738898e-15
8588.144959704678,2.4930177e-15
8590.441142036385,2.4227419e-15
8592.737324368092,2.3875303e-15
8595.033506699801,2.3491144e-15
8597.32968903151,2.3974893e-15
8599.625871363218,2.3848363e-15
8601.922053694925,2.4930157e-15
8604.218236026634,2.5708972e-15
8606.514418358343,2.5388387e-15
8608.81060069005,2.4969642e-15
8611.106783021758,2.4401569e-15
8613.402965353467,2.4504648e-15
8615.699147685176,2.4195354e-15
8617.995330016884,2.3331074e-15
8620.291512348591,2.3197198e-15
8622.5876946803,2.3995465e-15
8624.88387701201,2.524759e-15
8627.180059343716,2.5573991e-15
8629.476241675424,2.55079e-15
8631.772424007133,2.5410944e-15
8634.068606338842,2.4049698e-15
8636.36478867055,2.3334206e-15
8638.660971002257,2.4238227e-15
8640.957153333966,2.5552356e-15
8643.253335665673,2.5686922e-15
8645.549517997382,2.6342979e-15
8647.84570032909,2.5960262e-15
8650.141882660799,2.4889106e-15
8652.438064992506,2.4756207e-15
8654.734247324215,2.3924024e-15
8657.030429655922,2.240859e-15
8659.326611987632,2.147003e-15
8661.622794319339,2.133548e-15
8663.918976651048,2.235947e-15
8666.215158982755,2.4281654e-15
8668.511341314465,2.5305302e-15
8670.807523646172,2.4913043e-15
8673.103705977881,2.4135768e-15
8675.399888309588,2.37068e-15
8677.696070641297,2.3468384e-15
8679.992252973005,2.4019008e-15
8682.288435304712,2.4803848e-15
8684.584617636421,2.4533994e-15
8686.88079996813,2.313635e-15
8689.176982299838,2.3235471e-15
8691.473164631545,2.4816752e-15
8693.769346963254,2.5060173e-15
8696.065529294963,2.4656587e-15
8698.36171162667,2.4298887e-15
8700.657893958378,2.3675422e-15
8702.954076290087,2.3677093e-15
8705.250258621796,2.4633651e-15
8707.546440953503,2.5574226e-15
8709.84262328521,2.4841395e-15
8712.13880561692,2.453522e-15
8714.434987948629,2.5548549e-15
8716.731170280336,2.536675e-15
8719.027352612044,2.4647043e-15
8721.323534943753,2.4584545e-15
8723.619717275462,2.4570512e-15
8725.91589960717,2.4288104e-15
8728.212081938877,2.4635343e-15
8730.508264270586,2.9549718e-15
8732.804446602293,4.0004612e-15
8735.100628934002,3.952791e-15
8737.39681126571,3.555979e-15
8739.692993597419,3.4990137e-15
8741.989175929126,2.8701807e-15
8744.285358260835,2.5925252e-15
8746.581540592542,2.488416e-15
8748.877722924251,2.4745468e-15
8751.173905255959,2.6031184e-15
8753.470087587668,2.4607093e-15
8755.766269919375,2.4776449e-15
8758.062452251084,2.7018005e-15
8760.358634582792,2.6746797e-15
8762.6548169145,2.686554e-15
8764.950999246208,2.6448722e-15
8767.247181577917,2.71488e-15
8769.543363909625,2.6105926e-15
8771.839546241332,2.4581207e-15
8774.135728573041,2.5149933e-15
8776.43191090475,2.4932197e-15
8778.728093236457,2.5627276e-15
8781.024275568165,2.554846e-15
8783.320457899874,2.72276e-15
8785.616640231583,2.7508492e-15
8787.91282256329,2.7803588e-15
8790.209004894998,2.7265709e-15
8792.505187226707,2.727783e-15
8794.801369558416,2.6460354e-15
8797.097551890123,2.6281622e-15
8799.39373422183,2.5573087e-15
8801.68991655354,2.3545292e-15
8803.986098885249,2.2965475e-15
8806.282281216956,2.3076244e-15
8808.578463548663,2.5211192e-15
8810.874645880373,2.7468146e-15
8813.17082821208,2.7493641e-15
8815.467010543789,2.7614346e-15
8817.763192875496,2.7404118e-15
8820.059375207205,2.6004585e-15
8822.355557538913,2.5406268e-15
8824.651739870622,2.2009971e-15
8826.94792220233,2.4768391e-15
8829.244104534038,2.6639582e-15
8831.540286865746,2.8132423e-15
8833.836469197455,2.7602902e-15
8836.132651529162,2.821905e-15
8838.428833860871,2.6390584e-15
8840.725016192579,2.681612e-15
8843.021198524288,2.6876796e-15
8845.317380855995,2.6441885e-15
8847.613563187704,2.541218e-15
8849.909745519411,2.547991e-15
8852.20592785112,2.6607918e-15
8854.502110182828,2.7162348e-15
8856.798292514537,2.738012e-15
8859.094474846244,2.677805e-15
8861.390657177952,2.6360707e-15
8863.68683950966,2.5929902e-15
8865.98302184137,2.5577649e-15
8868.279204173077,2.4352513e-15
8870.575386504785,2.4371471e-15
8872.871568836494,2.4935333e-15
8875.167751168203,2.5165268e-15
8877.46393349991,2.6243942e-15
8879.760115831617,2.8052884e-15
8882.056298163327,2.8203936e-15
8884.352480495036,2.8007341e-15
8886.648662826743,2.8237586e-15
8888.94484515845,2.683348e-15
8891.24102749016,2.4388562e-15
8893.537209821869,2.3974918e-15
8895.833392153576,2.4116671e-15
8898.129574485283,2.6052705e-15
8900.425756816992,2.7260995e-15
8902.7219391487,2.8244508e-15
8905.018121480409,2.7140628e-15
8907.314303812116,2.6473824e-15
8909.610486143825,2.7958446e-15
8911.906668475533,2.781084e-15
8914.202850807242,2.6515039e-15
8916.499033138949,2.4059287e-15
8918.795215470658,2.3811591e-15
8921.091397802365,2.5807413e-15
8923.387580134075,2.643827e-15
8925.683762465782,2.6415057e-15
8927.979944797491,2.765023e-15
8930.276127129198,2.7993143e-15
8932.572309460907,2.91405e-15
8934.868491792615,2.8419472e-15
8937.164674124324,2.7226902e-15
8939.460856456031,2.659296e-15
8941.75703878774,2.5761137e-15
8944.053221119448,2.5042446e-15
8946.349403451157,2.6059648e-15
8948.645585782864,2.8661738e-15
8950.941768114571,2.7836643e-15
8953.23795044628,2.8676322e-15
8955.53413277799,2.9926506e-15
8957.830315109697,2.9222463e-15
8960.126497441404,2.699309e-15
8962.422679773113,2.5391636e-15
8964.718862104823,2.5624595e-15
8967.01504443653,2.6648014e-15
8969.311226768237,2.7245672e-15
8971.607409099946,2.7939433e-15
8973.903591431656,2.8511493e-15
8976.199773763363,2.8076442e-15
8978.49595609507,2.6847446e-15
8980.79213842678,2.6823954e-15
8983.088320758488,2.4863405e-15
8985.384503090196,2.336557e-15
8987.680685421903,2.2980794e-15
8989.976867753612,2.6103739e-15
8992.27305008532,2.9025606e-15
8994.569232417029,3.063363e-15
8996.865414748736,2.948475e-15
8999.161597080445,2.683909e-15
9001.457779412152,2.5949051e-15
9003.753961743862,2.4963778e-15
9006.050144075569,2.5832343e-15
9008.346326407278,2.5965179e-15
9010.642508738985,2.6473039e-15
9012.938691070694,2.7573087e-15
9015.234873402402,2.8584448e-15
9017.53105573411,2.813818e-15
9019.827238065818,2.785101e-15
9022.123420397527,2.640975e-15
9024.419602729235,2.5981628e-15
9026.715785060944,2.6260618e-15
9029.011967392651,2.726961e-15
9031.30814972436,2.912036e-15
9033.604332056068,2.9425681e-15
9035.900514387777,3.170379e-15
9038.196696719484,3.162007e-15
9040.492879051191,3.0004166e-15
9042.7890613829,3.050183e-15
9045.08524371461,2.9938822e-15
9047.381426046317,2.7808337e-15
9049.677608378024,2.7264074e-15
9051.973790709733,2.7469969e-15
9054.269973041442,2.858318e-15
9056.56615537315,2.9636976e-15
9058.862337704857,2.8965441e-15
9061.158520036566,2.9541032e-15
9063.454702368275,2.8850448e-15
9065.750884699983,2.7138675e-15
9068.04706703169,2.4220016e-15
9070.343249363399,2.4571102e-15
9072.639431695108,2.5031244e-15
9074.935614026816,2.4920635e-15
9077.231796358523,2.5163399e-15
9079.527978690232,2.6238135e-15
9081.82416102194,2.7204161e-15
9084.120343353648,2.58474e-15
9086.416525685356,2.4885197e-15
9088.712708017065,2.596524e-15
9091.008890348772,2.6768092e-15
9093.305072680481,2.6183328e-15
9095.601255012189,2.5543835e-15
9097.897437343898,2.5090708e-15
9100.193619675605,2.4925827e-15
9102.489802007314,2.6170243e-15
9104.785984339022,2.7275005e-15
9107.08216667073,2.887283e-15
9109.378349002438,2.9807619e-15
9111.674531334147,2.9683005e-15
9113.970713665854,2.8420814e-15
9116.266895997564,2.5922001e-15
9118.56307832927,2.575828e-15
9120.85926066098,2.7158324e-15
9123.155442992687,2.7334278e-15
9125.451625324396,2.763496e-15
9127.747807656104,2.743022e-15
9130.043989987811,2.8430093e-15
9132.34017231952,2.7935435e-15
9134.63635465123,2.744806e-15
9136.932536982937,2.7230843e-15
9139.228719314644,2.7390329e-15
9141.524901646353,2.8594774e-15
9143.821083978062,2.7547381e-15
9146.11726630977,2.8058354e-15
9148.413448641477,2.7158756e-15
9150.709630973186,2.5307945e-15
9153.005813304895,2.5522632e-15
9155.301995636602,2.7130442e-15
9157.59817796831,2.8707154e-15
9159.894360300019,2.8439061e-15
9162.190542631728,2.8162353e-15
9164.486724963435,2.8104418e-15
9166.782907295143,2.6965861e-15
9169.079089626852,2.5374416e-15
9171.37527195856,2.5579393e-15
9173.671454290268,2.608335e-15
9175.967636621976,2.7878355e-15
9178.263818953685,2.915245e-15
9180.560001285392,2.8908885e-15
9182.856183617101,2.9172376e-15
9185.152365948808,2.8447347e-15
9187.448548280518,2.8246192e-15
9189.744730612225,2.732625e-15
9192.040912943934,2.7120585e-15
9194.337095275641,2.7349745e-15
9196.63327760735,2.8189826e-15
9198.929459939058,2.9905172e-15
9201.225642270767,3.0280212e-15
9203.521824602474,3.0362895e-15
9205.818006934183,2.9168865e-15
9208.11418926589,2.7125995e-15
9210.4103715976,2.5437403e-15
9212.706553929307,2.6084551e-15
9215.002736261016,2.7089293e-15
9217.298918592724,2.8521632e-15
9219.59510092443,2.9628044e-15
9221.89128325614,2.98282e-15
9224.18746558785,2.8286515e-15
9226.483647919556,2.7549433e-15
9228.779830251264,2.7146542e-15
9231.076012582973,2.6859355e-15
9233.372194914682,2.6206052e-15
9235.66837724639,2.6551349e-15
9237.964559578097,2.768768e-15
9240.260741909806,2.838044e-15
9242.556924241515,2.857497e-15
9244.853106573222,2.738807e-15
9247.14928890493,2.7729038e-15
9249.445471236639,2.7456073e-15
9251.741653568348,2.779646e-15
9254.037835900055,2.6827331e-15
9256.334018231762,2.7045597e-15
9258.630200563472,2.729713e-15
9260.92638289518,2.7838413e-15
9263.222565226888,2.8898028e-15
9265.518747558595,3.0966021e-15
9267.814929890304,3.1863203e-15
9270.111112222014,3.136729e-15
9272.407294553721,3.1621752e-15
9274.703476885428,3.0773692e-15
9276.999659217137,2.8854135e-15
9279.295841548845,2.9674787e-15
9281.592023880552,2.879333e-15
9283.888206212261,2.8976963e-15
9286.18438854397,2.960335e-15
9288.480570875678,3.0327843e-15
9290.776753207385,3.0587052e-15
9293.072935539094,3.0773505e-15
9295.369117870803,3.0753335e-15
9297.66530020251,2.898898e-15
9299.961482534218,2.9576137e-15
9302.257664865927,2.9004492e-15
9304.553847197636,2.8538427e-15
9306.850029529343,2.9988204e-15
9309.14621186105,2.6896352e-15
9311.44239419276,2.5747985e-15
9313.738576524469,2.1597462e-15
9316.034758856176,2.349578e-15
9318.330941187884,2.8803125e-15
9320.627123519593,2.6862708e-15
9322.923305851302,2.3870638e-15
9325.21948818301,2.622618e-15
9327.515670514716,2.5975923e-15
9329.811852846426,2.4740005e-15
9332.108035178135,2.588035e-15
9334.404217509842,2.2505782e-15
9336.70039984155,2.2528607e-15
9338.996582173259,2.1159567e-15
9341.292764504968,1.7463297e-15
9343.588946836675,2.0890183e-15
9345.885129168382,2.8271806e-15
9348.181311500091,2.8745713e-15
9350.4774938318,2.5785244e-15
9352.773676163508,2.0542148e-15
9355.069858495215,2.0348728e-15
9357.366040826924,2.4094121e-15
9359.662223158633,2.8356277e-15
9361.95840549034,2.9501232e-15
9364.254587822048,2.488671e-15
9366.550770153757,2.170926e-15
9368.846952485464,2.0074583e-15
9371.143134817172,2.0252515e-15
9373.439317148881,2.319033e-15
9375.73549948059,2.1245024e-15
9378.031681812297,1.933641e-15
9380.327864144005,2.2021118e-15
9382.624046475714,2.4642187e-15
9384.920228807423,2.6801473e-15
9387.21641113913,3.0206912e-15
9389.512593470838,3.6080575e-15
9391.808775802547,3.3934901e-15
9394.104958134256,3.3439694e-15
9396.401140465963,2.8620957e-15
9398.69732279767,2.6688113e-15
9400.99350512938,2.7945946e-15
9403.289687461089,2.7386445e-15
9405.585869792796,2.713864e-15
9407.882052124503,2.5839778e-15
9410.178234456213,2.6455998e-15
9412.474416787922,2.8661297e-15
9414.770599119629,2.9391266e-15
9417.066781451336,2.8429045e-15
9419.362963783045,2.9260825e-15
9421.659146114755,2.5673734e-15
9423.955328446462,2.3471997e-15
9426.25151077817,1.920025e-15
9428.547693109878,2.1644485e-15
9430.843875441587,2.509296e-15
9433.140057773295,2.6826912e-15
9435.436240105002,2.5557042e-15
9437.732422436711,2.0146789e-15
9440.02860476842,1.8510465e-15
9442.324787100128,2.2354885e-15
9444.620969431835,2.6276919e-15
9446.917151763544,2.8111433e-15
9449.213334095253,2.6992583e-15
9451.50951642696,2.4677805e-15
9453.805698758668,2.136069e-15
9456.101881090377,1.874897e-15
9458.398063422084,2.223896e-15
9460.694245753792,2.5273068e-15
9462.9904280855,2.8226054e-15
9465.28661041721,2.6301485e-15
9467.582792748917,2.8048554e-15
9469.878975080625,2.7748814e-15
9472.175157412334,2.612017e-15
9474.471339744043,2.468402e-15
9476.76752207575,2.2325317e-15
9479.063704407457,1.9830435e-15
9481.359886739167,2.1018002e-15
9483.656069070876,2.6525237e-15
9485.952251402583,3.2126962e-15
9488.24843373429,3.2163685e-15
9490.544616066,2.9219066e-15
9492.840798397709,2.3666236e-15
9495.136980729416,2.0834374e-15
9497.433163061123,1.9663527e-15
9499.729345392832,1.9591008e-15
9502.025527724541,2.298465e-15
9504.321710056249,2.618883e-15
9506.617892387956,3.0385103e-15
9508.914074719665,3.145191e-15
9511.210257051374,2.9591301e-15
9513.506439383082,2.6948144e-15
9515.802621714789,2.2802764e-15
9518.098804046498,2.1701082e-15
9520.394986378207,2.2415507e-15
9522.691168709915,2.2174905e-15
9524.987351041622,2.261056e-15
9527.283533373331,2.434411e-15
9529.57971570504,2.6320615e-15
9531.875898036747,2.9544742e-15
9534.172080368455,2.8142945e-15
9536.468262700164,2.8231047e-15
9538.764445031873,2.915148e-15
9541.06062736358,2.836884e-15
9543.356809695288,2.5260064e-15
9545.652992026997,2.4388922e-15
9547.949174358704,2.3709841e-15
9550.245356690411,2.4024048e-15
9552.54153902212,2.2946622e-15
9554.83772135383,2.361732e-15
9557.133903685537,2.8582295e-15
9559.430086017244,2.890216e-15
9561.726268348953,2.6058653e-15
9564.022450680663,2.3776342e-15
9566.31863301237,2.7340106e-15
9568.614815344077,2.68935e-15
9570.910997675786,2.6094682e-15
9573.207180007495,2.5788818e-15
9575.503362339203,2.6306203e-15
9577.79954467091,2.484105e-15
9580.09572700262,2.5507768e-15
9582.391909334328,2.6681135e-15
9584.688091666036,2.8067921e-15
9586.984273997743,2.3645283e-15
9589.280456329452,2.2212573e-15
9591.576638661161,2.254392e-15
9593.872820992869,2.2980256e-15
9596.169003324576,2.3713157e-15
9598.465185656285,2.2473366e-15
9600.761367987994,2.3027044e-15
9603.057550319701,2.499278e-15
9605.353732651409,2.6071958e-15
9607.649914983118,2.7914655e-15
9609.946097314827,2.8154598e-15
9612.242279646534,2.80093e-15
9614.538461978242,2.4352384e-15
9616.83464430995,2.0591163e-15
9619.13082664166,2.1347475e-15
9621.427008973367,2.0438733e-15
9623.723191305075,2.27835e-15
9626.019373636784,2.5097836e-15
9628.315555968493,2.7610754e-15
9630.6117383002,2.7366605e-15
9632.907920631907,2.6313036e-15
9635.204102963617,2.367456e-15
9637.500285295324,2.0019475e-15
9639.796467627031,2.1603048e-15
9642.09264995874,2.1428614e-15
9644.38883229045,1.9172963e-15
9646.685014622157,2.0537296e-15
9648.981196953864,2.2792553e-15
9651.277379285573,2.432492e-15
9653.573561617282,2.4219925e-15
9655.86974394899,2.5160832e-15
9658.165926280697,2.3421503e-15
9660.462108612406,2.188607e-15
9662.758290944115,2.2389304e-15
9665.054473275823,2.1728748e-15
9667.35065560753,2.125473e-15
9669.646837939239,2.1560743e-15
9671.943020270948,2.1913594e-15
9674.239202602655,2.2191253e-15
9676.535384934363,2.200204e-15
9678.831567266072,2.3555019e-15
9681.127749597781,2.2493311e-15
9683.423931929488,2.239537e-15
9685.720114261196,2.3886837e-15
9688.016296592905,2.3455342e-15
9690.312478924614,2.2102944e-15
9692.608661256321,2.1761505e-15
9694.904843588029,2.1477295e-15
9697.201025919738,2.112867e-15
9699.497208251447,2.1931112e-15
9701.793390583154,2.1679681e-15
9704.089572914861,2.331327e-15
9706.38575524657,2.5021739e-15
9708.68193757828,2.4747541e-15
9710.978119909987,2.362516e-15
9713.274302241694,2.1829953e-15
9715.570484573404,2.0549684e-15
9717.866666905113,1.9802652e-15
9720.16284923682,2.1192038e-15
9722.459031568527,2.1338232e-15
9724.755213900236,2.2456612e-15
9727.051396231944,2.3876544e-15
9729.347578563651,2.2616508e-15
9731.64376089536,2.3109363e-15
9733.93994322707,2.2549675e-15
9736.236125558777,2.1080626e-15
9738.532307890484,1.986524e-15
9740.828490222193,2.0494883e-15
9743.124672553902,2.121549e-15
9745.42085488561,2.1073892e-15
9747.717037217317,2.1888013e-15
9750.013219549026,2.1836867e-15
9752.309401880735,2.2043332e-15
9754.605584212442,2.2594265e-15
9756.90176654415,2.243859e-15
9759.197948875859,2.239324e-15
9761.494131207568,2.1672244e-15
9763.790313539275,2.193013e-15
9766.086495870983,2.1454184e-15
9768.382678202692,2.2403405e-15
9770.6788605344,2.3214977e-15
9772.975042866108,2.307032e-15
9775.271225197816,2.3941477e-15
9777.567407529525,2.3897478e-15
9779.863589861234,2.311927e-15
9782.159772192941,2.0530918e-15
9784.455954524648,2.0020625e-15
9786.752136856358,2.261741e-15
9789.048319188067,2.0957575e-15
9791.344501519774,2.1261598e-15
9793.640683851481,1.8391739e-15
9795.93686618319,1.96179e-15
9798.2330485149,2.2642478e-15
9800.529230846607,2.1716906e-15
9802.825413178314,2.037348e-15
9805.121595510023,2.377658e-15
9807.417777841732,2.4326284e-15
9809.71396017344,2.2141668e-15
9812.010142505147,2.3686942e-15
9814.306324836856,2.3837572e-15
9816.602507168564,2.2678672e-15
9818.89868950027,2.1713757e-15
9821.19487183198,2.1670953e-15
9823.49105416369,1.9772858e-15
9825.787236495396,2.039345e-15
9828.083418827104,2.0379011e-15
9830.379601158813,2.1801245e-15
9832.675783490522,2.1328304e-15
9834.97196582223,2.2740749e-15
9837.268148153937,2.1297009e-15
9839.564330485646,2.2937682e-15
9841.860512817355,1.946926e-15
9844.156695149062,2.188631e-15
9846.45287748077,2.1589241e-15
9848.749059812479,2.0455935e-15
9851.045242144188,2.1319184e-15
9853.341424475895,2.1382428e-15
