5153.05619146921,1.073584e-14
5155.352373800918,9.963961e-15
5157.648556132626,2.9465168e-15
5159.9447384643345,2.7990665e-15
5162.240920796043,5.8260586e-15
5164.537103127751,9.59446e-15
5166.833285459459,3.8652604e-15
5169.129467791167,4.442065e-15
5171.425650122876,4.049904e-15
5173.721832454584,7.8663924e-15
5176.018014786292,6.993538e-15
5178.314197118,7.044361e-15
5180.6103794497085,3.3729949e-15
5182.906561781417,3.6412346e-15
5185.202744113125,1.3489909e-15
5187.498926444833,4.7875225e-15
5189.795108776541,5.40985e-15
5192.09129110825,7.403502e-15
5194.387473439958,2.1717823e-15
5196.683655771666,5.8783835e-17
5198.979838103373,4.2405193e-15
5201.276020435082,2.7745958e-15
5203.57220276679,4.7747133e-15
5205.868385098498,3.090942e-15
5208.164567430206,-7.3362085e-16
5210.4607497619145,4.776476e-16
5212.756932093623,2.8781983e-15
5215.053114425331,5.7336007e-15
5217.349296757039,4.2248123e-15
5219.645479088747,3.0195725e-15
5221.941661420456,6.522397e-15
5224.237843752164,6.044814e-15
5226.534026083872,4.9380234e-15
5228.83020841558,7.185614e-15
5231.1263907472885,5.028429e-15
5233.422573078997,5.796477e-15
5235.718755410705,5.2463412e-15
5238.014937742413,6.7207025e-15
5240.311120074121,4.593205e-15
5242.60730240583,7.152195e-15
5244.903484737538,7.343398e-15
5247.199667069246,6.003976e-15
5249.495849400954,3.7019384e-15
5251.7920317326625,5.2079363e-15
5254.088214064371,5.2088634e-15
5256.384396396079,3.337237e-15
5258.680578727787,6.4624497e-15
5260.976761059495,4.4925908e-15
5263.272943391204,6.5146892e-15
5265.569125722912,5.935106e-15
5267.86530805462,4.322657e-15
5270.161490386328,4.719556e-15
5272.4576727180365,5.8174977e-15
5274.753855049745,3.600119e-15
5277.050037381453,3.929912e-15
5279.346219713161,4.019333e-15
5281.642402044869,3.3898718e-15
5283.938584376578,4.9043314e-15
5286.234766708285,6.052176e-15
5288.530949039993,5.696128e-15
5290.827131371701,5.5996967e-15
5293.12331370341,6.1848317e-15
5295.419496035118,5.96011e-15
5297.715678366826,5.814982e-15
5300.011860698534,6.0750783e-15
5302.3080430302425,6.228415e-15
5304.604225361951,5.484249e-15
5306.900407693659,5.281519e-15
5309.196590025367,4.756414e-15
5311.492772357075,5.79865e-15
5313.788954688784,5.133202e-15
5316.085137020492,5.603604e-15
5318.3813193522,5.4711713e-15
5320.677501683908,4.2513884e-15
5322.9736840156165,5.3726923e-15
5325.269866347325,6.737865e-15
5327.566048679033,5.794899e-15
5329.862231010741,4.744384e-15
5332.158413342449,5.384383e-15
5334.454595674158,4.3774976e-15
5336.750778005866,3.5706543e-15
5339.046960337574,4.328064e-15
5341.343142669282,5.433196e-15
5343.6393250009905,5.1090677e-15
5345.935507332699,6.01324e-15
5348.231689664407,6.8744364e-15
5350.527871996115,7.181536e-15
5352.824054327823,6.2823557e-15
5355.120236659532,5.795939e-15
5357.41641899124,7.589395e-15
5359.712601322948,6.3872086e-15
5362.008783654656,6.1828725e-15
5364.304965986365,5.9932214e-15
5366.601148318073,6.9636844e-15
5368.897330649781,7.061918e-15
5371.193512981489,6.1733294e-15
5373.489695313197,6.484346e-15
5375.785877644905,6.826268e-15
5378.082059976613,7.276153e-15
5380.378242308321,6.058781e-15
5382.674424640029,7.0235383e-15
5384.970606971738,7.421214e-15
5387.266789303446,6.5282278e-15
5389.562971635154,7.0931784e-15
5391.859153966862,6.700743e-15
5394.155336298571,5.9810928e-15
5396.451518630279,6.0421257e-15
5398.747700961987,5.60463e-15
5401.043883293695,6.762597e-15
5403.340065625403,6.980173e-15
5405.636247957112,6.5666344e-15
5407.93243028882,7.0290013e-15
5410.228612620528,5.7096733e-15
5412.524794952236,5.613687e-15
5414.820977283945,5.5174384e-15
5417.117159615653,6.768276e-15
5419.413341947361,7.1010228e-15
5421.709524279069,7.678294e-15
5424.005706610777,8.124714e-15
5426.301888942486,5.8263966e-15
5428.598071274194,5.3866844e-15
5430.894253605902,5.4432086e-15
5433.19043593761,6.880079e-15
5435.486618269319,6.6148136e-15
5437.782800601027,5.4681635e-15
5440.078982932735,6.4441636e-15
5442.375165264443,7.628873e-15
5444.6713475961515,7.107587e-15
5446.96752992786,5.6322486e-15
5449.263712259568,5.022901e-15
5451.559894591276,4.344442e-15
5453.856076922984,4.208629e-15
5456.152259254693,4.3019003e-15
5458.448441586401,4.010961e-15
5460.744623918109,4.6407898e-15
5463.040806249817,4.394287e-15
5465.336988581525,4.026162e-15
5467.633170913233,4.0615132e-15
5469.929353244941,4.052786e-15
5472.225535576649,4.4018477e-15
5474.5217179083575,4.7790857e-15
5476.817900240066,4.9355555e-15
5479.114082571774,5.5403536e-15
5481.410264903482,5.374863e-15
5483.70644723519,5.0482753e-15
5486.002629566899,4.6454353e-15
5488.298811898607,5.0971e-15
5490.594994230315,5.49822e-15
5492.891176562023,4.6943625e-15
5495.1873588937315,3.913121e-15
5497.48354122544,3.7097222e-15
5499.779723557148,2.9262324e-15
5502.075905888856,3.8748335e-15
5504.372088220564,3.4643419e-15
5506.668270552273,3.5354243e-15
5508.964452883981,3.9623375e-15
5511.260635215689,4.134428e-15
5513.556817547397,4.1590275e-15
5515.8529998791055,3.596996e-15
5518.149182210814,3.103404e-15
5520.445364542522,3.8711896e-15
5522.74154687423,4.0170965e-15
5525.037729205938,4.1926373e-15
5527.333911537647,4.3973622e-15
5529.630093869355,3.8449714e-15
5531.926276201063,3.8309348e-15
5534.222458532771,4.4595997e-15
5536.5186408644795,3.931936e-15
5538.814823196188,4.0038383e-15
5541.111005527896,3.3912942e-15
5543.407187859604,3.718095e-15
5545.703370191312,4.1453394e-15
5547.999552523021,3.6745954e-15
5550.295734854728,4.213246e-15
5552.591917186437,3.700118e-15
5554.888099518144,3.1733357e-15
5557.184281849853,3.8294724e-15
5559.480464181561,3.927743e-15
5561.776646513269,5.0311606e-15
5564.072828844977,4.882243e-15
5566.3690111766855,4.6651953e-15
5568.665193508394,4.613541e-15
5570.961375840102,5.0237507e-15
5573.25755817181,4.6858765e-15
5575.553740503518,4.3326616e-15
5577.849922835227,4.843726e-15
5580.146105166935,5.8747677e-15
5582.442287498643,5.7844443e-15
5584.738469830351,4.986822e-15
5587.0346521620595,5.7229544e-15
5589.330834493768,5.79186e-15
5591.627016825476,5.597644e-15
5593.923199157184,5.609679e-15
5596.219381488892,4.4671743e-15
5598.515563820601,4.20015e-15
5600.811746152309,4.9309193e-15
5603.107928484017,4.8782504e-15
5605.404110815725,4.2300986e-15
5607.7002931474335,4.4133004e-15
5609.996475479142,4.4183166e-15
5612.29265781085,5.06904e-15
5614.588840142558,5.3695667e-15
5616.885022474266,4.8705237e-15
5619.181204805975,5.1330358e-15
5621.477387137683,4.9269755e-15
5623.773569469391,4.8212823e-15
5626.069751801099,5.1413337e-15
5628.3659341328075,5.6420513e-15
5630.662116464516,4.663717e-15
5632.958298796224,3.6511004e-15
5635.254481127932,4.552571e-15
5637.55066345964,4.7613962e-15
5639.846845791348,5.214312e-15
5642.143028123057,5.0014297e-15
5644.439210454764,4.8620826e-15
5646.735392786472,4.782058e-15
5649.031575118181,4.707926e-15
5651.327757449889,4.7944047e-15
5653.623939781597,4.606766e-15
5655.920122113305,4.939857e-15
5658.2163044450135,4.8024714e-15
5660.512486776722,4.3873245e-15
5662.80866910843,5.2181804e-15
5665.104851440138,4.7322126e-15
5667.401033771846,5.4055826e-15
5669.697216103555,4.5154e-15
5671.993398435263,5.1036374e-15
5674.289580766971,4.782373e-15
5676.585763098679,4.4080594e-15
5678.8819454303875,5.119384e-15
5681.178127762096,5.0875577e-15
5683.474310093804,4.9326854e-15
5685.770492425512,4.9758332e-15
5688.06667475722,4.9469392e-15
5690.362857088929,4.7857167e-15
5692.659039420637,4.8280255e-15
5694.955221752345,5.26805e-15
5697.251404084053,5.2471828e-15
5699.5475864157615,5.9069477e-15
5701.84376874747,4.8454033e-15
5704.139951079178,5.6817606e-15
5706.436133410886,5.517373e-15
5708.732315742594,5.672022e-15
5711.028498074303,5.80112e-15
5713.324680406011,5.6337186e-15
5715.620862737719,5.495125e-15
5717.917045069427,5.7897853e-15
5720.213227401136,4.7375637e-15
5722.509409732844,5.1742e-15
5724.805592064551,5.4822704e-15
5727.10177439626,6.2987246e-15
5729.3979567279675,5.6553086e-15
5731.694139059677,5.773329e-15
5733.990321391384,6.2215913e-15
5736.286503723092,6.1450275e-15
5738.5826860548,5.1170175e-15
5740.878868386509,5.496056e-15
5743.175050718217,6.491505e-15
5745.471233049925,6.0249174e-15
5747.767415381633,5.9360374e-15
5750.063597713342,6.1974097e-15
5752.35978004505,6.961279e-15
5754.655962376758,6.8289588e-15
5756.952144708466,6.113514e-15
5759.248327040174,6.5249205e-15
5761.544509371883,5.760042e-15
5763.840691703591,5.0478852e-15
5766.136874035299,5.1933127e-15
5768.433056367007,6.2504175e-15
5770.729238698716,6.407595e-15
5773.025421030424,5.5420417e-15
5775.321603362132,5.046584e-15
5777.61778569384,5.977163e-15
5779.9139680255485,6.047329e-15
5782.210150357257,6.291609e-15
5784.506332688965,6.4367148e-15
5786.802515020673,6.3075096e-15
5789.098697352381,6.2505877e-15
5791.39487968409,6.623402e-15
5793.691062015798,7.0235235e-15
5795.987244347506,6.9161778e-15
5798.283426679214,7.0872335e-15
5800.5796090109225,7.569687e-15
5802.875791342631,7.060533e-15
5805.171973674339,6.6919592e-15
5807.468156006047,6.508368e-15
5809.764338337755,6.6012755e-15
5812.060520669464,6.511217e-15
5814.356703001171,5.6090683e-15
5816.65288533288,5.6074987e-15
5818.949067664587,5.733419e-15
5821.2452499962965,5.373599e-15
5823.541432328004,5.8798816e-15
5825.837614659712,5.5283405e-15
5828.13379699142,5.8447175e-15
5830.4299793231285,6.2346334e-15
5832.726161654837,5.883622e-15
5835.022343986545,6.001714e-15
5837.318526318253,6.0397066e-15
5839.614708649961,5.36677e-15
5841.91089098167,6.0148335e-15
5844.207073313378,5.817281e-15
5846.503255645086,4.859366e-15
5848.799437976794,4.442872e-15
5851.0956203085025,3.8529153e-15
5853.391802640211,4.2710133e-15
5855.687984971919,4.4858306e-15
5857.984167303627,4.044669e-15
5860.280349635335,4.7848633e-15
5862.576531967044,4.5823318e-15
5864.872714298752,3.7494765e-15
5867.16889663046,4.1724703e-15
5869.465078962168,3.9608273e-15
5871.7612612938765,4.0582594e-15
5874.057443625585,4.3273905e-15
5876.353625957293,4.049106e-15
5878.649808289001,3.9195764e-15
5880.945990620709,4.167912e-15
5883.242172952418,2.916302e-15
5885.538355284126,2.3260283e-15
5887.834537615834,2.1833068e-15
5890.130719947542,1.7455915e-15
5892.4269022792505,2.2473444e-15
5894.723084610959,2.6736004e-15
5897.019266942667,1.9983508e-15
5899.315449274375,2.0585124e-15
5901.611631606083,2.7457494e-15
5903.907813937791,3.14695e-15
5906.2039962695,2.8610132e-15
5908.500178601207,2.6566708e-15
5910.796360932916,2.6303708e-15
5913.092543264624,3.400003e-15
5915.388725596332,3.3834303e-15
5917.68490792804,3.5154067e-15
5919.981090259748,3.826e-15
5922.2772725914565,3.3375345e-15
5924.573454923165,3.1251696e-15
5926.869637254873,3.516114e-15
5929.165819586581,3.400761e-15
5931.462001918289,3.2984128e-15
5933.758184249998,3.553246e-15
5936.054366581706,3.668934e-15
5938.350548913414,3.935159e-15
5940.646731245122,3.8327512e-15
5942.9429135768305,4.580752e-15
5945.239095908539,3.776383e-15
5947.535278240247,3.793608e-15
5949.831460571955,3.3697872e-15
5952.127642903663,3.931965e-15
5954.423825235372,3.6683057e-15
5956.72000756708,3.5661137e-15
5959.016189898788,3.477011e-15
5961.312372230496,3.7408837e-15
5963.6085545622045,4.1728553e-15
5965.904736893913,4.7931875e-15
5968.200919225621,3.9636115e-15
5970.497101557329,3.8983353e-15
5972.793283889037,3.7299045e-15
5975.089466220746,3.8816433e-15
5977.385648552454,4.4821396e-15
5979.681830884162,4.0650822e-15
5981.97801321587,3.998699e-15
5984.2741955475785,4.728669e-15
5986.570377879287,4.416383e-15
5988.866560210995,4.9479214e-15
5991.162742542703,5.2484796e-15
5993.4589248744105,4.705486e-15
5995.75510720612,4.948092e-15
5998.051289537827,5.430119e-15
6000.347471869536,4.969376e-15
6002.643654201243,4.8257966e-15
6004.939836532952,4.9690307e-15
6007.23601886466,5.3194173e-15
6009.532201196368,5.3383887e-15
6011.828383528076,5.346094e-15
6014.1245658597845,4.350856e-15
6016.420748191493,4.9260933e-15
6018.716930523201,4.967345e-15
6021.013112854909,5.5456878e-15
6023.309295186617,5.3400375e-15
6025.605477518326,5.2943816e-15
6027.901659850034,4.6339546e-15
6030.197842181742,5.456645e-15
6032.49402451345,5.7561115e-15
6034.7902068451585,5.271514e-15
6037.086389176867,4.69241e-15
6039.382571508575,5.0397994e-15
6041.678753840283,5.3486713e-15
6043.974936171991,5.862556e-15
6046.2711185037,6.0433327e-15
6048.567300835408,6.3482045e-15
6050.863483167116,6.1609115e-15
6053.159665498824,6.2773764e-15
6055.455847830533,5.7700448e-15
6057.752030162241,5.944369e-15
6060.048212493949,6.473657e-15
6062.344394825657,6.2843704e-15
6064.640577157365,5.9390604e-15
6066.936759489074,6.3395563e-15
6069.232941820782,6.378684e-15
6071.52912415249,6.57759e-15
6073.825306484198,6.097107e-15
6076.121488815907,6.018059e-15
6078.417671147615,5.7663873e-15
6080.713853479323,6.3349454e-15
6083.01003581103,5.728458e-15
6085.306218142739,6.5982367e-15
6087.602400474447,6.4120792e-15
6089.898582806156,6.5164595e-15
6092.194765137863,6.5803745e-15
6094.490947469571,6.7364607e-15
6096.78712980128,6.6798035e-15
6099.083312132988,6.5878953e-15
6101.379494464696,6.2197235e-15
6103.675676796404,6.5149446e-15
6105.971859128113,6.6717736e-15
6108.268041459821,6.2783586e-15
6110.564223791529,6.463133e-15
6112.860406123237,6.681597e-15
6115.156588454945,5.9218686e-15
6117.452770786654,5.6710092e-15
6119.748953118362,5.5498814e-15
6122.04513545007,5.5454536e-15
6124.341317781778,6.2443925e-15
6126.637500113487,6.3441307e-15
6128.933682445195,6.575084e-15
6131.229864776903,6.7741206e-15
6133.526047108611,6.584915e-15
6135.8222294403195,6.548997e-15
6138.118411772028,6.674845e-15
6140.414594103736,6.610712e-15
6142.710776435444,7.0300783e-15
6145.006958767152,6.739391e-15
6147.303141098861,5.8458568e-15
6149.599323430569,6.228945e-15
6151.895505762277,5.483206e-15
6154.191688093985,5.3709427e-15
6156.4878704256935,5.3066186e-15
6158.784052757402,4.574907e-15
6161.08023508911,4.088973e-15
6163.376417420818,3.7594664e-15
6165.672599752526,3.1514509e-15
6167.968782084234,3.9664406e-15
6170.264964415943,4.0450406e-15
6172.56114674765,3.744511e-15
6174.857329079359,3.932555e-15
6177.153511411067,3.8245143e-15
6179.449693742776,3.9637076e-15
6181.745876074483,3.8037493e-15
6184.042058406192,3.583066e-15
6186.3382407378995,3.755028e-15
6188.634423069608,3.7361293e-15
6190.930605401316,3.779404e-15
6193.226787733024,3.899612e-15
6195.522970064732,3.4795364e-15
6197.819152396441,3.890273e-15
6200.115334728149,4.1976844e-15
6202.411517059857,4.041177e-15
6204.707699391565,3.8491523e-15
6207.0038817232735,3.5380297e-15
6209.300064054982,3.2299346e-15
6211.59624638669,3.797971e-15
6213.892428718398,3.7196647e-15
6216.188611050106,3.5092596e-15
6218.484793381815,3.4071117e-15
6220.780975713523,3.002637e-15
6223.077158045231,2.7228018e-15
6225.373340376939,2.8288433e-15
6227.6695227086475,3.083326e-15
6229.965705040356,2.954777e-15
6232.261887372064,3.1742367e-15
6234.558069703772,3.5161176e-15
6236.85425203548,3.2512439e-15
6239.150434367189,3.6266563e-15
6241.446616698897,3.8315938e-15
6243.742799030605,3.489716e-15
6246.038981362313,2.6448659e-15
6248.3351636940215,3.3719024e-15
6250.63134602573,4.1939083e-15
6252.927528357437,3.5243753e-15
6255.223710689146,3.9069793e-15
6257.5198930208535,3.758967e-15
6259.816075352563,3.4182489e-15
6262.11225768427,3.8890065e-15
6264.408440015979,3.654412e-15
6266.704622347686,3.4684642e-15
6269.0008046793955,3.8570225e-15
6271.296987011103,3.6232626e-15
6273.593169342811,3.752659e-15
6275.889351674519,3.9233185e-15
6278.1855340062275,3.800515e-15
6280.481716337936,3.861745e-15
6282.777898669644,3.9168112e-15
6285.074081001352,3.7519723e-15
6287.37026333306,4.068732e-15
6289.666445664769,4.55471e-15
6291.962627996477,4.333061e-15
6294.258810328185,3.80943e-15
6296.554992659893,4.5265182e-15
6298.8511749916015,4.6056065e-15
6301.14735732331,4.231176e-15
6303.443539655018,4.9596612e-15
6305.739721986726,5.239205e-15
6308.035904318434,5.5034687e-15
6310.332086650143,5.445627e-15
6312.628268981851,5.138129e-15
6314.924451313559,5.071918e-15
6317.220633645267,5.3540233e-15
6319.5168159769755,5.2832062e-15
6321.812998308684,5.4417047e-15
6324.109180640392,6.0301627e-15
6326.4053629721,5.438998e-15
6328.701545303808,5.3954487e-15
6330.997727635517,5.7203163e-15
6333.293909967225,5.5408465e-15
6335.590092298933,5.796159e-15
6337.886274630641,6.3140394e-15
6340.1824569623495,6.3690283e-15
6342.478639294057,6.2598877e-15
6344.774821625766,6.4263725e-15
6347.071003957473,6.3454995e-15
6349.367186289182,6.7286447e-15
6351.66336862089,6.400469e-15
6353.959550952599,5.9121854e-15
6356.255733284306,6.4366245e-15
6358.551915616015,6.199913e-15
6360.848097947723,5.42645e-15
6363.144280279431,5.5788584e-15
6365.440462611139,6.2024966e-15
6367.736644942847,6.498015e-15
6370.0328272745555,6.3958103e-15
6372.329009606264,5.9791056e-15
6374.625191937972,5.851345e-15
6376.92137426968,5.8243705e-15
6379.217556601388,5.5059886e-15
6381.513738933097,5.3741352e-15
6383.809921264805,5.5263674e-15
6386.106103596513,5.656844e-15
6388.402285928221,5.7991374e-15
6390.6984682599295,6.091261e-15
6392.994650591638,6.6363558e-15
6395.290832923346,7.0514273e-15
6397.587015255054,6.8075123e-15
6399.883197586762,6.7211336e-15
6402.179379918471,7.337902e-15
6404.475562250179,8.031021e-15
6406.771744581887,7.4397004e-15
6409.067926913595,7.370955e-15
6411.364109245304,7.914408e-15
6413.660291577012,7.675923e-15
6415.95647390872,7.615134e-15
6418.252656240428,7.553628e-15
6420.548838572136,7.619296e-15
6422.845020903845,7.446928e-15
6425.141203235553,7.180044e-15
6427.437385567261,7.692924e-15
6429.733567898969,8.196815e-15
6432.029750230677,8.269567e-15
6434.325932562386,8.063165e-15
6436.622114894093,7.992209e-15
6438.918297225802,7.983754e-15
6441.21447955751,8.33483e-15
6443.510661889219,8.729911e-15
6445.806844220926,8.345088e-15
6448.103026552635,8.50066e-15
6450.399208884342,8.539125e-15
6452.695391216051,8.412393e-15
6454.991573547759,8.937749e-15
6457.287755879467,9.122027e-15
6459.583938211175,8.812269e-15
6461.880120542884,8.736507e-15
6464.176302874592,8.88806e-15
6466.4724852063,9.411195e-15
6468.768667538008,9.879851e-15
6471.064849869716,9.573967e-15
6473.361032201425,9.7181725e-15
6475.657214533133,1.0091642e-14
6477.953396864841,9.835699e-15
6480.249579196549,9.332251e-15
6482.545761528258,9.229376e-15
6484.841943859966,9.170982e-15
6487.138126191674,9.246615e-15
6489.434308523382,9.428477e-15
6491.7304908550905,9.289181e-15
6494.026673186799,9.325406e-15
6496.322855518507,9.698267e-15
6498.619037850215,9.593023e-15
6500.915220181923,9.818421e-15
6503.211402513632,1.0583481e-14
6505.50758484534,1.0404494e-14
6507.803767177048,1.0507951e-14
6510.099949508756,1.0754026e-14
6512.3961318404645,1.06829955e-14
6514.692314172173,1.0442235e-14
6516.988496503881,1.0559219e-14
6519.284678835589,1.1078375e-14
6521.5808611672965,1.1281978e-14
6523.877043499006,1.1548408e-14
6526.173225830713,1.18052015e-14
6528.469408162422,1.1692515e-14
6530.765590494129,1.1849988e-14
6533.0617728258385,1.2629617e-14
6535.357955157546,1.31784655e-14
6537.654137489255,1.2907105e-14
6539.950319820962,1.25155666e-14
6542.2465021526705,1.2478165e-14
6544.542684484379,1.1868916e-14
6546.838866816087,1.1202351e-14
6549.135049147795,1.13322785e-14
6551.431231479503,1.1111423e-14
6553.727413811212,1.0609428e-14
6556.02359614292,1.1532725e-14
6558.319778474628,1.5445681e-14
6560.615960806336,2.0756017e-14
6562.9121431380445,2.3123884e-14
6565.208325469753,1.9606773e-14
6567.504507801461,1.3674082e-14
6569.800690133169,1.0600376e-14
6572.096872464877,9.801473e-15
6574.393054796586,9.6003265e-15
6576.689237128294,9.951697e-15
6578.985419460002,9.500039e-15
6581.28160179171,9.778048e-15
6583.5777841234185,1.0576699e-14
6585.873966455127,1.0984178e-14
6588.170148786835,1.0351902e-14
6590.466331118543,1.0262447e-14
6592.762513450251,1.0452851e-14
6595.05869578196,9.7574104e-15
6597.354878113668,9.3520925e-15
6599.651060445376,1.010579e-14
6601.947242777084,1.0365963e-14
6604.2434251087925,1.0275105e-14
6606.5396074405,1.01797275e-14
6608.835789772209,9.610775e-15
6611.131972103916,9.6067716e-15
6613.428154435625,9.287699e-15
6615.724336767333,9.341878e-15
6618.020519099042,1.0147126e-14
6620.316701430749,9.612192e-15
6622.612883762458,8.702697e-15
6624.909066094166,8.549105e-15
6627.205248425875,8.206896e-15
6629.501430757582,8.716144e-15
6631.79761308929,8.884627e-15
6634.0937954209985,8.708201e-15
6636.389977752707,8.826909e-15
6638.686160084415,8.359439e-15
6640.982342416123,8.350739e-15
6643.278524747831,8.792557e-15
6645.57470707954,8.320951e-15
6647.870889411248,7.881614e-15
6650.167071742956,7.361798e-15
6652.463254074664,7.237438e-15
6654.7594364063725,7.125011e-15
6657.055618738081,7.158437e-15
6659.351801069789,7.232266e-15
6661.647983401497,7.680072e-15
6663.944165733205,7.589706e-15
6666.240348064914,7.938206e-15
6668.536530396622,8.351121e-15
6670.83271272833,8.013319e-15
6673.128895060038,7.5987275e-15
6675.4250773917465,7.903343e-15
6677.721259723455,7.968451e-15
6680.017442055163,7.391455e-15
6682.313624386871,6.9052735e-15
6684.609806718579,6.509174e-15
6686.905989050288,6.705804e-15
6689.202171381996,6.7379514e-15
6691.498353713704,6.8314507e-15
6693.794536045412,6.570413e-15
6696.09071837712,6.7519813e-15
6698.386900708829,7.0945155e-15
6700.683083040536,7.0483704e-15
6702.979265372245,7.039569e-15
6705.2754477039525,7.685082e-15
6707.571630035662,7.759568e-15
6709.867812367369,7.539425e-15
6712.163994699078,6.883636e-15
6714.460177030785,6.9855828e-15
6716.756359362495,6.3748847e-15
6719.052541694202,5.465062e-15
6721.34872402591,5.853359e-15
6723.644906357618,6.1038516e-15
6725.9410886893265,6.6047792e-15
6728.237271021035,6.0989557e-15
6730.533453352743,6.219847e-15
6732.829635684451,6.3016325e-15
6735.125818016159,6.2030624e-15
6737.422000347868,6.332604e-15
6739.718182679576,6.6697106e-15
6742.014365011284,6.8178533e-15
6744.310547342992,6.486804e-15
6746.606729674701,7.0668916e-15
6748.902912006409,6.5279436e-15
6751.199094338117,5.9309056e-15
6753.495276669825,6.035572e-15
6755.791459001533,6.250411e-15
6758.087641333242,6.737659e-15
6760.38382366495,6.6959267e-15
6762.680005996658,6.409383e-15
6764.976188328366,7.186222e-15
6767.272370660075,6.554339e-15
6769.568552991783,6.494577e-15
6771.864735323491,7.393233e-15
6774.160917655199,7.128474e-15
6776.457099986907,6.760747e-15
6778.753282318616,6.826787e-15
6781.049464650324,6.2184233e-15
6783.345646982032,5.9847778e-15
6785.641829313739,6.4102784e-15
6787.938011645449,5.9154647e-15
6790.234193977156,6.3905887e-15
6792.530376308865,6.0141732e-15
6794.826558640572,5.921786e-15
6797.1227409722815,5.8824854e-15
6799.418923303989,6.486456e-15
6801.715105635698,6.9522745e-15
6804.011287967405,7.0612592e-15
6806.307470299113,6.429948e-15
6808.603652630822,6.4757558e-15
6810.89983496253,6.57852e-15
6813.196017294238,6.5350955e-15
6815.492199625946,6.459272e-15
6817.788381957655,6.716876e-15
6820.084564289363,6.6824733e-15
6822.380746621071,6.974606e-15
6824.676928952779,6.7499242e-15
6826.9731112844875,6.5506813e-15
6829.269293616196,6.8756464e-15
6831.565475947904,6.9315925e-15
6833.861658279612,7.15102e-15
6836.15784061132,7.5790585e-15
6838.454022943029,7.372637e-15
6840.750205274737,7.398802e-15
6843.046387606445,7.762266e-15
6845.342569938153,7.577868e-15
6847.6387522698615,7.5487415e-15
6849.93493460157,7.248148e-15
6852.231116933278,7.147171e-15
6854.527299264986,7.7484685e-15
6856.823481596694,7.673708e-15
6859.119663928403,7.65285e-15
6861.415846260111,7.557542e-15
6863.712028591819,7.337494e-15
6866.008210923527,6.101774e-15
6868.3043932552355,5.6000643e-15
6870.600575586944,5.3563153e-15
6872.896757918652,5.3041275e-15
6875.192940250359,6.3095006e-15
6877.489122582068,6.669095e-15
6879.785304913776,7.200432e-15
6882.081487245485,7.337601e-15
6884.377669577192,6.5233624e-15
6886.673851908901,6.900251e-15
6888.970034240609,7.0421875e-15
6891.266216572318,7.18167e-15
6893.562398904025,6.960204e-15
6895.858581235733,7.83212e-15
6898.1547635674415,6.9473e-15
6900.45094589915,7.0904925e-15
6902.747128230858,7.946251e-15
6905.043310562566,7.451126e-15
6907.339492894274,7.402656e-15
6909.635675225983,7.66301e-15
6911.931857557691,8.552755e-15
6914.228039889399,8.57425e-15
6916.524222221107,8.106009e-15
6918.8204045528155,8.169703e-15
6921.116586884524,8.400686e-15
6923.412769216232,9.285153e-15
6925.70895154794,9.4150245e-15
6928.005133879648,9.282706e-15
6930.301316211357,9.010208e-15
6932.597498543065,9.542563e-15
6934.893680874773,9.429986e-15
6937.189863206481,9.372239e-15
6939.4860455381895,1.0410933e-14
6941.782227869898,1.0309297e-14
6944.078410201606,1.0114287e-14
6946.374592533314,1.0372089e-14
6948.670774865022,1.0564974e-14
6950.966957196731,1.0584504e-14
6953.263139528439,1.0504075e-14
6955.559321860147,1.0103257e-14
6957.855504191855,1.0518022e-14
6960.1516865235635,1.0354198e-14
6962.447868855272,1.0672036e-14
6964.744051186979,1.07796225e-14
6967.040233518688,1.0948333e-14
6969.3364158503955,1.0855049e-14
6971.632598182105,1.0843767e-14
6973.928780513812,1.0777422e-14
6976.224962845521,1.1227242e-14
6978.521145177228,1.1216731e-14
6980.8173275089375,1.1098134e-14
6983.113509840645,1.2126759e-14
6985.409692172353,1.1436548e-14
6987.705874504061,1.18628735e-14
6990.0020568357695,1.1968709e-14
6992.298239167478,1.1454276e-14
6994.594421499186,1.2040137e-14
6996.890603830894,1.1861274e-14
6999.186786162602,1.1462201e-14
7001.482968494311,1.1944227e-14
7003.779150826019,1.1786962e-14
7006.075333157727,1.16361515e-14
7008.371515489435,1.2016099e-14
7010.6676978211435,1.2599461e-14
7012.963880152852,1.2868541e-14
7015.26006248456,1.2433524e-14
7017.556244816268,1.2977702e-14
7019.852427147976,1.35839224e-14
7022.148609479685,1.2673286e-14
7024.444791811393,1.2486559e-14
7026.740974143101,1.3431479e-14
7029.037156474809,1.3886939e-14
7031.3333388065175,1.4204529e-14
7033.629521138226,1.494291e-14
7035.925703469934,1.5852255e-14
7038.221885801642,1.5836856e-14
7040.51806813335,1.567862e-14
7042.814250465059,1.669702e-14
7045.110432796767,1.6793946e-14
7047.406615128475,1.5823934e-14
7049.702797460182,1.5428305e-14
7051.9989797918915,1.4157217e-14
7054.295162123599,1.1819845e-14
7056.591344455308,9.715645e-15
7058.887526787015,8.222232e-15
7061.183709118724,7.989646e-15
7063.479891450432,8.342398e-15
7065.776073782141,8.427738e-15
7068.072256113848,9.203578e-15
7070.368438445557,9.573976e-15
7072.664620777265,9.474177e-15
7074.960803108973,9.53481e-15
7077.256985440681,1.002811e-14
7079.553167772389,1.0558115e-14
7081.8493501040975,1.02067834e-14
7084.145532435806,9.633762e-15
7086.441714767514,8.820585e-15
7088.737897099222,7.736975e-15
7091.03407943093,7.87999e-15
7093.330261762639,-7.8830905e-16
7095.626444094347,7.015687e-14
7097.922626426055,7.754503e-14
7100.218808757763,-4.262827e-16
7102.514991089472,8.172568e-15
7104.81117342118,8.047831e-15
7107.107355752888,8.291989e-15
7109.403538084596,8.898637e-15
7111.699720416304,9.245604e-15
7113.995902748013,9.408937e-15
7116.292085079721,9.626374e-15
7118.588267411429,9.6026906e-15
7120.884449743137,9.550113e-15
7123.180632074846,8.648342e-15
7125.476814406554,7.744095e-15
7127.772996738262,6.5664895e-15
7130.06917906997,6.0746094e-15
7132.3653614016785,6.0899352e-15
7134.661543733387,6.2733894e-15
7136.957726065095,6.4243964e-15
7139.253908396802,6.7943384e-15
7141.550090728511,7.404783e-15
7143.846273060219,7.4098095e-15
7146.142455391928,7.186698e-15
7148.438637723635,7.747834e-15
7150.734820055344,8.44939e-15
7153.031002387052,8.729354e-15
7155.327184718761,8.843558e-15
7157.623367050468,8.799628e-15
7159.919549382177,8.404296e-15
7162.215731713884,8.505456e-15
7164.511914045593,8.201219e-15
7166.808096377301,8.628231e-15
7169.104278709009,8.810232e-15
7171.400461040717,8.383584e-15
7173.696643372426,8.329166e-15
7175.992825704134,8.674986e-15
7178.289008035842,8.707651e-15
7180.58519036755,9.110993e-15
7182.8813726992585,9.558275e-15
7185.177555030967,9.345335e-15
7187.473737362675,9.731607e-15
7189.769919694383,1.0321145e-14
7192.066102026091,1.0189911e-14
7194.3622843578,1.0045658e-14
7196.658466689508,9.781219e-15
7198.954649021216,9.421491e-15
7201.250831352924,8.961683e-15
7203.5470136846325,9.424824e-15
7205.843196016341,9.792615e-15
7208.139378348049,9.774968e-15
7210.435560679757,1.0155112e-14
7212.731743011465,1.0663387e-14
7215.027925343174,1.1563805e-14
7217.324107674882,1.11327234e-14
7219.620290006589,1.0682909e-14
7221.916472338298,1.1015911e-14
7224.212654670006,1.1319168e-14
7226.508837001715,1.1994561e-14
7228.805019333422,1.0892734e-14
7231.101201665131,1.0051171e-14
7233.3973839968385,1.0814247e-14
7235.693566328548,1.1262494e-14
7237.989748660255,1.08883815e-14
7240.285930991964,1.0881165e-14
7242.582113323671,1.06123996e-14
7244.8782956553805,1.15731314e-14
7247.174477987088,1.2090318e-14
7249.470660318797,1.2094773e-14
7251.766842650504,1.2316779e-14
7254.063024982213,1.2593806e-14
7256.359207313921,1.28016816e-14
7258.65538964563,1.31031355e-14
7260.951571977337,1.333074e-14
7263.247754309045,1.3583489e-14
7265.543936640754,1.4149048e-14
7267.840118972462,1.4493067e-14
7270.13630130417,1.3925888e-14
7272.432483635878,1.3956646e-14
7274.7286659675865,1.28828434e-14
7277.024848299295,1.36743695e-14
7279.321030631003,1.4312776e-14
7281.617212962711,1.5309045e-14
7283.913395294419,1.4755885e-14
7286.209577626128,1.4836399e-14
7288.505759957836,1.4658591e-14
7290.801942289544,1.3967917e-14
7293.098124621252,1.4399123e-14
7295.3943069529605,1.603806e-14
7297.690489284669,1.6239907e-14
7299.986671616377,1.5911517e-14
7302.282853948085,1.5511514e-14
7304.579036279793,1.574723e-14
7306.875218611502,1.6815471e-14
7309.171400943209,1.6891097e-14
7311.467583274918,1.6514186e-14
7313.763765606625,1.6785557e-14
7316.0599479383345,1.7568702e-14
7318.356130270042,1.7666564e-14
7320.652312601751,1.7518769e-14
7322.948494933458,1.766797e-14
7325.244677265167,1.7178297e-14
7327.540859596875,1.7211306e-14
7329.837041928584,1.8261815e-14
7332.133224260291,1.876485e-14
7334.429406592,1.8633383e-14
7336.725588923708,1.8459845e-14
7339.021771255417,1.8299596e-14
7341.317953587124,1.870271e-14
7343.614135918833,1.8944454e-14
7345.9103182505405,1.8821297e-14
7348.20650058225,1.8686394e-14
7350.502682913957,1.8755683e-14
7352.798865245665,1.9003457e-14
7355.095047577373,1.9301187e-14
7357.391229909082,1.8996462e-14
7359.68741224079,1.8568909e-14
7361.983594572498,1.9181883e-14
7364.279776904206,1.9819646e-14
7366.5759592359145,2.0208034e-14
7368.872141567623,1.9963962e-14
7371.168323899331,1.9855538e-14
7373.464506231039,2.0683294e-14
7375.760688562747,2.1060456e-14
7378.056870894456,2.0747394e-14
7380.353053226164,2.1130147e-14
7382.649235557872,2.147127e-14
7384.94541788958,2.0994811e-14
7387.2416002212885,2.1016634e-14
7389.537782552997,2.147768e-14
7391.833964884705,2.1211641e-14
7394.130147216412,2.111394e-14
7396.426329548121,2.1170182e-14
7398.722511879829,2.1447718e-14
7401.018694211538,2.17975e-14
7403.314876543245,2.1798659e-14
7405.611058874954,2.1618168e-14
7407.907241206662,2.1923368e-14
7410.203423538371,2.2047324e-14
7412.499605870078,2.2171916e-14
7414.795788201787,2.2653994e-14
7417.0919705334945,2.2668779e-14
7419.388152865204,2.2449995e-14
7421.684335196911,2.2188502e-14
7423.98051752862,2.2513041e-14
7426.276699860327,2.2597931e-14
7428.572882192037,2.2475953e-14
7430.869064523744,2.29252e-14
7433.165246855453,2.2736622e-14
7435.46142918716,2.27369e-14
7437.757611518869,2.2859107e-14
7440.053793850577,2.2585998e-14
7442.349976182285,2.2346845e-14
7444.646158513993,2.228068e-14
7446.942340845701,2.2919832e-14
7449.23852317741,2.2802354e-14
7451.534705509118,2.2360787e-14
7453.830887840826,2.2619471e-14
7456.127070172534,2.3844323e-14
7458.423252504243,2.320063e-14
7460.719434835951,2.3079154e-14
7463.015617167659,2.3200038e-14
7465.311799499367,2.3354243e-14
7467.607981831075,2.3859937e-14
7469.904164162784,2.477111e-14
7472.200346494492,2.4364833e-14
7474.4965288262,2.4629665e-14
7476.792711157908,2.4002318e-14
7479.088893489617,2.4340942e-14
7481.385075821325,2.4227146e-14
7483.681258153032,2.3954946e-14
7485.977440484741,2.3440036e-14
7488.273622816449,2.3392204e-14
7490.569805148158,2.4135389e-14
7492.865987479865,2.3973575e-14
7495.162169811574,2.4135054e-14
7497.458352143281,2.4648727e-14
7499.754534474991,2.4853226e-14
7502.050716806698,2.5307757e-14
7504.346899138407,2.4929733e-14
7506.643081470114,2.5258245e-14
7508.9392638018235,2.5141568e-14
7511.235446133531,2.5513078e-14
7513.53162846524,2.5665273e-14
7515.827810796947,2.5250672e-14
7518.123993128656,2.5652542e-14
7520.420175460364,2.5249264e-14
7522.716357792073,2.5060071e-14
7525.01254012378,2.617355e-14
7527.308722455488,2.5840226e-14
7529.604904787197,2.6146196e-14
7531.901087118905,2.5971236e-14
7534.197269450613,2.6211989e-14
7536.493451782321,2.5688849e-14
7538.7896341140295,2.5551083e-14
7541.085816445738,2.7714017e-14
7543.381998777446,2.6773158e-14
7545.678181109154,2.6764047e-14
7547.974363440862,2.7095645e-14
7550.270545772571,2.6291303e-14
7552.566728104279,2.6298042e-14
7554.862910435987,2.6774418e-14
7557.159092767695,2.6549914e-14
7559.4552750994035,2.6891643e-14
7561.751457431112,2.6920772e-14
7564.04763976282,2.666274e-14
7566.343822094528,2.5648852e-14
7568.640004426236,2.5811467e-14
7570.936186757945,2.622421e-14
7573.232369089652,2.7074622e-14
7575.528551421361,2.7321835e-14
7577.824733753068,2.7217315e-14
7580.1209160847775,2.7230732e-14
7582.417098416485,3.0743705e-14
7584.713280748194,3.4805427e-14
7587.009463079901,3.7603333e-14
7589.30564541161,3.8360313e-14
7591.601827743318,3.7318113e-14
7593.898010075027,3.370107e-14
7596.194192406734,2.789036e-14
7598.490374738443,2.283264e-14
7600.786557070151,2.1807543e-14
7603.08273940186,2.0516873e-14
7605.378921733567,2.0080617e-14
7607.675104065276,1.9755632e-14
7609.9712863969835,2.5572551e-14
7612.267468728693,3.424079e-14
7614.5636510604,4.984597e-14
7616.859833392108,6.0132305e-14
7619.156015723816,5.787616e-14
7621.452198055525,4.6882186e-14
7623.748380387233,3.3202804e-14
7626.044562718941,2.5265809e-14
7628.340745050649,2.218466e-14
7630.6369273823575,1.983025e-14
7632.933109714066,1.9694294e-14
7635.229292045774,2.1106052e-14
7637.525474377482,2.0317903e-14
7639.82165670919,2.1047002e-14
7642.117839040899,2.0993214e-14
7644.414021372607,2.1909356e-14
7646.710203704315,2.3008464e-14
7649.006386036023,2.3713616e-14
7651.3025683677315,2.2796845e-14
7653.59875069944,2.3603296e-14
7655.894933031148,2.3337272e-14
7658.191115362856,2.1797122e-14
7660.487297694564,1.9103044e-14
7662.783480026272,1.5498812e-14
7665.079662357981,1.29509245e-14
7667.375844689688,1.2776224e-14
7669.672027021397,1.4440792e-14
7671.968209353105,1.4846907e-14
7674.264391684814,1.4438522e-14
7676.560574016521,1.5064117e-14
7678.85675634823,1.4963853e-14
7681.1529386799375,1.4673865e-14
7683.449121011647,1.5208727e-14
7685.745303343354,1.6175036e-14
7688.041485675063,1.6783246e-14
7690.33766800677,1.6298926e-14
7692.6338503384795,1.5622496e-14
7694.930032670187,1.455276e-14
7697.226215001896,1.27277195e-14
7699.522397333603,1.20389225e-14
7701.818579665312,1.3423625e-14
7704.11476199702,1.4689393e-14
7706.410944328728,1.4444927e-14
7708.707126660436,1.5085083e-14
7711.003308992144,1.6013714e-14
7713.299491323853,1.5721328e-14
7715.595673655561,1.6054912e-14
7717.891855987269,1.6255392e-14
7720.188038318977,1.6772718e-14
7722.4842206506855,1.7573933e-14
7724.780402982394,1.7409083e-14
7727.076585314102,1.7720446e-14
7729.37276764581,1.8627932e-14
7731.668949977518,1.9196272e-14
7733.965132309227,1.8935064e-14
7736.261314640935,1.905723e-14
7738.557496972643,1.915198e-14
7740.853679304351,1.9488417e-14
7743.1498616360595,1.8256525e-14
7745.446043967768,1.6678512e-14
7747.742226299476,1.6977859e-14
7750.038408631184,1.623883e-14
7752.3345909628915,1.543753e-14
7754.630773294601,1.5690008e-14
7756.926955626308,1.5696e-14
7759.223137958017,1.5448575e-14
7761.519320289724,1.5970491e-14
7763.815502621434,1.6424736e-14
7766.111684953141,1.6410664e-14
7768.40786728485,1.667492e-14
7770.704049616557,1.7370008e-14
7773.000231948266,1.799293e-14
7775.296414279974,1.8093012e-14
7777.592596611683,1.8060331e-14
7779.88877894339,1.7416251e-14
7782.184961275099,1.667859e-14
7784.481143606807,1.7069869e-14
7786.777325938516,1.668815e-14
7789.073508270223,1.6323604e-14
7791.369690601932,1.6897423e-14
7793.66587293364,1.7402028e-14
7795.962055265348,1.7759845e-14
7798.258237597056,1.7486312e-14
7800.554419928764,1.7354838e-14
7802.850602260472,1.8099857e-14
7805.146784592181,1.9104091e-14
7807.442966923889,1.9177885e-14
7809.739149255597,1.9337425e-14
7812.035331587305,2.0057498e-14
7814.331513919014,1.9246174e-14
7816.627696250722,1.9304238e-14
7818.92387858243,1.9268246e-14
7821.220060914138,1.872182e-14
7823.516243245846,1.8932924e-14
7825.812425577555,1.7380911e-14
7828.108607909263,1.7768542e-14
7830.404790240971,1.8116622e-14
7832.700972572679,1.7952042e-14
7834.997154904388,1.7763614e-14
7837.293337236095,1.8289312e-14
7839.589519567804,1.8841631e-14
7841.885701899511,1.8758707e-14
7844.1818842312205,1.8839122e-14
7846.478066562928,1.860049e-14
7848.774248894637,1.9221675e-14
7851.070431226344,1.947864e-14
7853.366613558053,1.8996638e-14
7855.662795889761,1.9701492e-14
7857.95897822147,2.0147505e-14
7860.255160553177,1.910605e-14
7862.551342884886,1.915076e-14
7864.847525216594,1.920614e-14
7867.143707548303,1.8949464e-14
7869.43988988001,1.988004e-14
7871.736072211719,1.9567064e-14
7874.0322545434265,1.9387297e-14
7876.328436875136,2.058706e-14
7878.624619206843,2.045035e-14
7880.920801538552,2.0786983e-14
7883.216983870259,2.051535e-14
7885.513166201968,2.059405e-14
7887.809348533676,1.972396e-14
7890.105530865384,2.0661466e-14
7892.401713197092,2.0977587e-14
7894.6978955288005,2.0411878e-14
7896.994077860509,2.0798843e-14
7899.290260192217,2.0691816e-14
7901.586442523925,2.0340822e-14
7903.882624855633,2.104407e-14
7906.178807187342,2.0533393e-14
7908.47498951905,1.9410034e-14
7910.771171850758,1.8808744e-14
7913.067354182466,1.8783565e-14
7915.3635365141745,2.0255168e-14
7917.659718845883,2.0020132e-14
7919.955901177591,2.0226352e-14
7922.252083509299,1.991988e-14
7924.548265841007,1.9572519e-14
7926.844448172715,2.0256225e-14
7929.140630504424,2.1849132e-14
7931.436812836131,2.217936e-14
7933.73299516784,2.1685936e-14
7936.029177499548,2.1461357e-14
7938.325359831257,2.1438102e-14
7940.621542162964,2.1594839e-14
7942.917724494673,2.132426e-14
7945.2139068263805,2.0857087e-14
7947.51008915809,2.0391764e-14
7949.806271489797,2.0570136e-14
7952.102453821506,2.1419991e-14
7954.398636153213,2.1442676e-14
7956.6948184849225,2.0978756e-14
7958.99100081663,2.0680658e-14
7961.287183148339,2.070579e-14
7963.583365480046,2.0567686e-14
7965.879547811755,2.1411873e-14
7968.175730143463,2.2377248e-14
7970.471912475171,2.2256633e-14
7972.768094806879,2.2329815e-14
7975.064277138587,2.2402073e-14
7977.360459470296,2.2341399e-14
7979.656641802004,2.206229e-14
7981.952824133712,2.184764e-14
7984.24900646542,2.1556013e-14
7986.5451887971285,2.1451355e-14
7988.841371128837,2.1916481e-14
7991.137553460545,2.159769e-14
7993.433735792253,2.0997098e-14
7995.729918123961,2.1317209e-14
7998.02610045567,2.1821529e-14
8000.322282787378,2.1865043e-14
8002.618465119086,1.8058378e-14
8004.914647450794,4.6309e-14
8007.2108297825025,5.7831e-14
8009.507012114211,1.891359e-14
8011.803194445919,2.2677088e-14
8014.099376777627,2.2567616e-14
8016.3955591093345,2.235674e-14
8018.691741441044,2.2446785e-14
8020.987923772751,2.2093831e-14
8023.28410610446,2.2655705e-14
8025.580288436167,2.286563e-14
8027.8764707678765,2.3119017e-14
8030.172653099584,2.3490966e-14
8032.468835431293,2.4041533e-14
8034.765017763,2.4013526e-14
8037.061200094709,2.3488202e-14
8039.357382426417,2.351203e-14
8041.653564758126,2.3766288e-14
8043.949747089833,2.4178737e-14
8046.245929421542,2.4207226e-14
8048.54211175325,2.4409308e-14
8050.838294084959,2.531623e-14
8053.134476416666,2.540374e-14
8055.430658748375,2.557263e-14
8057.7268410800825,2.4520811e-14
8060.023023411791,2.4676628e-14
8062.319205743499,2.4432525e-14
8064.615388075207,2.543637e-14
8066.911570406915,2.5185883e-14
8069.207752738624,2.4923587e-14
8071.503935070332,2.5600956e-14
8073.80011740204,2.6151661e-14
8076.096299733748,2.5889958e-14
8078.3924820654565,2.5343475e-14
8080.688664397165,2.730881e-14
8082.984846728873,2.6925798e-14
8085.281029060581,2.7128866e-14
8087.577211392289,2.677217e-14
8089.873393723998,2.672235e-14
8092.169576055706,2.7422253e-14
8094.465758387414,2.7848461e-14
8096.761940719122,2.7291596e-14
8099.058123050831,2.8162854e-14
8101.354305382539,2.8519477e-14
8103.650487714247,2.8098002e-14
8105.946670045954,2.863808e-14
8108.242852377663,2.936772e-14
8110.539034709371,2.9062e-14
8112.83521704108,2.852627e-14
8115.131399372787,2.8629026e-14
8117.427581704496,2.9486687e-14
8119.723764036204,2.9154752e-14
8122.019946367913,3.0345328e-14
8124.31612869962,3.128311e-14
8126.612311031329,3.0530625e-14
8128.9084933630365,3.161965e-14
8131.204675694746,3.0173357e-14
8133.500858026453,2.8803142e-14
8135.797040358162,2.9015442e-14
8138.093222689869,3.040114e-14
8140.389405021579,3.013879e-14
8142.685587353286,2.9896133e-14
8144.981769684995,2.9232455e-14
8147.277952016702,2.9639418e-14
8149.574134348411,2.885594e-14
8151.870316680119,3.008866e-14
8154.166499011827,3.0793788e-14
8156.462681343535,3.0633523e-14
8158.758863675243,2.9806103e-14
8161.055046006952,2.844102e-14
8163.35122833866,2.8228647e-14
8165.647410670368,2.8488974e-14
8167.943593002076,2.9804054e-14
8170.239775333785,3.0840815e-14
8172.535957665493,3.185052e-14
8174.832139997201,3.1757173e-14
8177.128322328909,2.894987e-14
8179.4245046606175,2.5990982e-14
8181.720686992326,2.5077295e-14
8184.016869324034,2.3799749e-14
8186.313051655742,2.5169198e-14
8188.60923398745,2.7568573e-14
8190.905416319159,2.658397e-14
8193.201598650867,2.4259938e-14
8195.497780982574,2.1997281e-14
8197.793963314283,2.375922e-14
8200.09014564599,2.8399346e-14
8202.3863279777,3.1914202e-14
8204.682510309407,3.4321894e-14
8206.978692641116,3.4162092e-14
8209.274874972823,3.404046e-14
8211.571057304533,3.458123e-14
8213.86723963624,3.3311817e-14
8216.163421967949,3.376789e-14
8218.459604299656,3.3916663e-14
8220.755786631365,3.3139737e-14
8223.051968963073,3.2040373e-14
8225.348151294782,2.7605032e-14
8227.64433362649,2.5707474e-14
8229.940515958198,2.7407398e-14
8232.236698289906,3.019313e-14
8234.532880621615,3.190634e-14
8236.829062953322,3.2928606e-14
8239.125245285031,3.4306274e-14
8241.421427616739,3.5026452e-14
8243.717609948446,3.575342e-14
8246.013792280155,3.660835e-14
8248.309974611864,3.669148e-14
8250.606156943571,3.6848115e-14
8252.902339275279,3.5295876e-14
8255.198521606988,3.3537985e-14
8257.494703938697,3.3703143e-14
8259.790886270404,3.430631e-14
8262.087068602112,3.5028482e-14
8264.38325093382,3.5392096e-14
8266.67943326553,3.587503e-14
8268.975615597237,3.560935e-14
8271.271797928945,3.380161e-14
8273.567980260654,3.113137e-14
8275.864162592363,3.041075e-14
8278.16034492407,3.1427355e-14
8280.456527255777,3.1832254e-14
8282.752709587487,3.1693093e-14
8285.048891919194,3.15587e-14
8287.345074250903,3.1147814e-14
8289.64125658261,2.9947653e-14
8291.93743891432,3.021122e-14
8294.233621246027,3.0273283e-14
8296.529803577736,3.0951184e-14
8298.825985909443,3.134452e-14
8301.122168241152,2.9276525e-14
8303.41835057286,2.7750946e-14
8305.714532904569,2.7849124e-14
8308.010715236276,2.9220506e-14
8310.306897567985,3.0724036e-14
8312.603079899693,3.0095633e-14
8314.899262231402,2.9613444e-14
8317.195444563109,2.891438e-14
8319.491626894818,2.8133796e-14
8321.787809226525,2.8348932e-14
8324.083991558235,2.834205e-14
8326.380173889942,2.8006089e-14
8328.676356221651,2.755012e-14
8330.972538553358,2.8236106e-14
8333.268720885066,2.7928997e-14
8335.564903216775,2.821127e-14
8337.861085548484,2.86624e-14
8340.157267880191,2.861274e-14
8342.453450211899,2.9361645e-14
8344.749632543608,2.9073223e-14
8347.045814875317,2.9077337e-14
8349.341997207024,2.9075026e-14
8351.638179538731,2.870972e-14
8353.93436187044,2.7737447e-14
8356.23054420215,2.9069876e-14
8358.526726533857,2.910048e-14
8360.822908865564,2.7912433e-14
8363.119091197274,2.7392935e-14
8365.415273528983,2.8218721e-14
8367.71145586069,2.9081585e-14
8370.007638192397,2.9635027e-14
8372.303820524106,2.9462032e-14
8374.600002855814,2.8244678e-14
8376.896185187523,2.734889e-14
8379.19236751923,2.7218535e-14
8381.48854985094,2.7019394e-14
8383.784732182647,2.708732e-14
8386.080914514356,2.6321937e-14
8388.377096846063,2.6669146e-14
8390.673279177772,2.7889305e-14
8392.96946150948,2.893297e-14
8395.265643841189,2.8988856e-14
8397.561826172896,2.8419627e-14
8399.858008504605,2.837924e-14
8402.154190836312,2.9278338e-14
8404.450373168022,2.9953043e-14
8406.746555499729,2.9848936e-14
8409.042737831438,2.854182e-14
8411.338920163145,2.7846154e-14
8413.635102494854,2.9232388e-14
8415.931284826562,2.993945e-14
8418.22746715827,2.9369773e-14
8420.523649489978,2.8255218e-14
8422.819831821686,2.837083e-14
8425.116014153395,2.857203e-14
8427.412196485104,2.6725936e-14
8429.708378816811,2.7563872e-14
8432.004561148518,2.7191314e-14
8434.300743480228,2.5501745e-14
8436.596925811937,2.435428e-14
8438.893108143644,2.4811865e-14
8441.189290475351,2.5622315e-14
8443.48547280706,2.6816468e-14
8445.78165513877,2.630704e-14
8448.077837470477,2.5924118e-14
8450.374019802184,2.5729063e-14
8452.670202133893,2.4305253e-14
8454.966384465602,2.390283e-14
8457.26256679731,2.4979798e-14
8459.558749129017,2.483922e-14
8461.854931460726,2.46853e-14
8464.151113792434,2.4934742e-14
8466.447296124143,2.447934e-14
8468.74347845585,2.5285787e-14
8471.03966078756,2.4381491e-14
8473.335843119266,2.432526e-14
8475.632025450976,2.3947334e-14
8477.928207782683,2.5747901e-14
8480.224390114392,2.5680546e-14
8482.5205724461,2.5721157e-14
8484.816754777808,2.5526205e-14
8487.112937109516,2.57259e-14
8489.409119441225,2.5594664e-14
8491.705301772932,2.534968e-14
8494.001484104641,2.555479e-14
8496.297666436349,2.5418288e-14
8498.593848768058,2.5266964e-14
8500.890031099765,2.5702214e-14
8503.186213431472,2.4882752e-14
8505.482395763182,2.4859382e-14
8507.77857809489,2.6101503e-14
8510.074760426598,2.451862e-14
8512.370942758305,2.4549117e-14
8514.667125090014,2.4577166e-14
8516.963307421724,2.375006e-14
8519.25948975343,2.355338e-14
8521.555672085138,2.4366639e-14
8523.851854416847,2.5842304e-14
8526.148036748556,2.6265092e-14
8528.444219080264,2.6064527e-14
8530.740401411971,2.6402471e-14
8533.03658374368,2.6550685e-14
8535.33276607539,2.6282104e-14
8537.628948407097,2.5556546e-14
8539.925130738804,2.5169454e-14
8542.221313070513,2.50342e-14
8544.517495402222,2.5810525e-14
8546.81367773393,2.7502076e-14
8549.109860065637,2.771369e-14
8551.406042397346,2.7078864e-14
8553.702224729053,2.7744149e-14
8555.998407060762,2.7114365e-14
8558.29458939247,2.6635829e-14
8560.590771724179,2.7410462e-14
8562.886954055886,2.8200373e-14
8565.183136387595,2.7884667e-14
8567.479318719303,2.7696991e-14
8569.775501051012,2.7834873e-14
8572.07168338272,2.7042294e-14
8574.367865714428,2.7118825e-14
8576.664048046136,2.824026e-14
8578.960230377845,2.8755037e-14
8581.256412709552,2.8175726e-14
8583.552595041261,2.854682e-14
8585.848777372968,2.877274e-14
8588.144959704678,2.8191032e-14
8590.441142036385,2.861285e-14
8592.737324368092,2.9287994e-14
8595.033506699801,2.874789e-14
8597.32968903151,2.7921863e-14
8599.625871363218,2.8422783e-14
8601.922053694925,2.7998376e-14
8604.218236026634,2.9424915e-14
8606.514418358343,3.095668e-14
8608.81060069005,2.9518055e-14
8611.106783021758,2.9211778e-14
8613.402965353467,2.9198083e-14
8615.699147685176,2.8237742e-14
8617.995330016884,2.804567e-14
8620.291512348591,2.9325785e-14
8622.5876946803,2.928326e-14
8624.88387701201,2.8983858e-14
8627.180059343716,3.071098e-14
8629.476241675424,3.054024e-14
8631.772424007133,2.7957933e-14
8634.068606338842,2.8399043e-14
8636.36478867055,2.9392402e-14
8638.660971002257,2.898878e-14
8640.957153333966,3.002009e-14
8643.253335665673,2.9401117e-14
8645.549517997382,2.956702e-14
8647.84570032909,3.0123073e-14
8650.141882660799,2.974916e-14
8652.438064992506,2.9977282e-14
8654.734247324215,2.9862702e-14
8657.030429655922,2.8698516e-14
8659.326611987632,2.671897e-14
8661.622794319339,2.6513525e-14
8663.918976651048,2.7415668e-14
8666.215158982755,2.8853727e-14
8668.511341314465,3.0947043e-14
8670.807523646172,3.0345846e-14
8673.103705977881,2.9152882e-14
8675.399888309588,2.9701112e-14
8677.696070641297,3.0061162e-14
8679.992252973005,2.9669806e-14
8682.288435304712,2.993473e-14
8684.584617636421,2.9339758e-14
8686.88079996813,2.8497932e-14
8689.176982299838,2.853269e-14
8691.473164631545,2.7699697e-14
8693.769346963254,2.8515818e-14
8696.065529294963,2.8112844e-14
8698.36171162667,2.877812e-14
8700.657893958378,2.9823962e-14
8702.954076290087,2.999651e-14
8705.250258621796,2.9899392e-14
8707.546440953503,2.9923363e-14
8709.84262328521,2.9142924e-14
8712.13880561692,2.921438e-14
8714.434987948629,2.9628318e-14
8716.731170280336,2.8606173e-14
8719.027352612044,2.9769844e-14
8721.323534943753,2.9865304e-14
8723.619717275462,3.019762e-14
8725.91589960717,3.0027467e-14
8728.212081938877,2.9896407e-14
8730.508264270586,2.9784182e-14
8732.804446602293,2.9145706e-14
8735.100628934002,3.0606336e-14
8737.39681126571,3.1367236e-14
8739.692993597419,3.144418e-14
8741.989175929126,3.0955056e-14
8744.285358260835,3.1584005e-14
8746.581540592542,3.0745412e-14
8748.877722924251,3.0343295e-14
8751.173905255959,3.1114796e-14
8753.470087587668,3.141655e-14
8755.766269919375,3.1695976e-14
8758.062452251084,3.2086462e-14
8760.358634582792,3.260184e-14
8762.6548169145,3.275016e-14
8764.950999246208,3.3212016e-14
8767.247181577917,3.2386542e-14
8769.543363909625,3.1918705e-14
8771.839546241332,3.243089e-14
8774.135728573041,3.2498052e-14
8776.43191090475,3.1747815e-14
8778.728093236457,3.1487132e-14
8781.024275568165,3.2393677e-14
8783.320457899874,3.3589403e-14
8785.616640231583,3.3040702e-14
8787.91282256329,3.436073e-14
8790.209004894998,3.4503104e-14
8792.505187226707,3.3830875e-14
8794.801369558416,3.4550365e-14
8797.097551890123,3.3897852e-14
8799.39373422183,3.2982108e-14
8801.68991655354,3.1999997e-14
8803.986098885249,3.1418116e-14
8806.282281216956,3.1342144e-14
8808.578463548663,3.2827924e-14
8810.874645880373,3.4393434e-14
8813.17082821208,3.5873404e-14
8815.467010543789,3.5898388e-14
8817.763192875496,3.509666e-14
8820.059375207205,3.255407e-14
8822.355557538913,3.047114e-14
8824.651739870622,3.052886e-14
8826.94792220233,3.068243e-14
8829.244104534038,3.2814795e-14
8831.540286865746,3.4678007e-14
8833.836469197455,3.672532e-14
8836.132651529162,3.5859292e-14
8838.428833860871,3.5261677e-14
8840.725016192579,3.510786e-14
8843.021198524288,3.4671193e-14
8845.317380855995,3.285931e-14
8847.613563187704,3.1207482e-14
8849.909745519411,3.3631294e-14
8852.20592785112,3.442296e-14
8854.502110182828,3.5880204e-14
8856.798292514537,3.5110285e-14
8859.094474846244,3.314931e-14
8861.390657177952,3.177167e-14
8863.68683950966,3.1644524e-14
8865.98302184137,2.985977e-14
8868.279204173077,2.9532437e-14
8870.575386504785,2.9340513e-14
8872.871568836494,2.8294268e-14
8875.167751168203,2.8733187e-14
8877.46393349991,3.1298227e-14
8879.760115831617,3.1916777e-14
8882.056298163327,3.0970967e-14
8884.352480495036,3.161748e-14
8886.648662826743,3.201354e-14
8888.94484515845,3.1381405e-14
8891.24102749016,3.1283976e-14
8893.537209821869,3.1463903e-14
8895.833392153576,2.942909e-14
8898.129574485283,2.9412826e-14
8900.425756816992,3.2024645e-14
8902.7219391487,3.378996e-14
8905.018121480409,3.387939e-14
8907.314303812116,3.36486e-14
8909.610486143825,3.3414216e-14
8911.906668475533,3.268907e-14
8914.202850807242,3.3531405e-14
8916.499033138949,3.304442e-14
8918.795215470658,3.3219938e-14
8921.091397802365,3.339368e-14
8923.387580134075,3.5215114e-14
8925.683762465782,3.3943497e-14
8927.979944797491,3.5266457e-14
8930.276127129198,3.4248744e-14
8932.572309460907,3.6143953e-14
8934.868491792615,3.669149e-14
8937.164674124324,3.614035e-14
8939.460856456031,3.575534e-14
8941.75703878774,3.5368183e-14
8944.053221119448,3.3618426e-14
8946.349403451157,3.4431473e-14
8948.645585782864,3.677361e-14
8950.941768114571,3.5013374e-14
8953.23795044628,3.5477582e-14
8955.53413277799,3.6631014e-14
8957.830315109697,3.772002e-14
8960.126497441404,3.675719e-14
8962.422679773113,3.2401643e-14
8964.718862104823,3.2774842e-14
8967.01504443653,3.4891384e-14
8969.311226768237,3.4734964e-14
8971.607409099946,3.6583804e-14
8973.903591431656,3.701527e-14
8976.199773763363,3.7708125e-14
8978.49595609507,3.8910562e-14
8980.79213842678,4.096636e-14
8983.088320758488,3.8125688e-14
8985.384503090196,3.5507276e-14
8987.680685421903,3.0633096e-14
8989.976867753612,2.912677e-14
8992.27305008532,3.3719657e-14
8994.569232417029,3.84026e-14
8996.865414748736,3.99965e-14
8999.161597080445,3.8370986e-14
9001.457779412152,3.4284536e-14
9003.753961743862,3.554483e-14
9006.050144075569,3.573037e-14
9008.346326407278,3.5852506e-14
9010.642508738985,3.901332e-14
9012.938691070694,3.7649117e-14
9015.234873402402,3.7118183e-14
9017.53105573411,3.6393197e-14
9019.827238065818,3.6472903e-14
9022.123420397527,3.4597857e-14
9024.419602729235,3.383908e-14
9026.715785060944,3.4192592e-14
9029.011967392651,3.6963884e-14
9031.30814972436,4.0508392e-14
9033.604332056068,4.1859498e-14
9035.900514387777,4.3556426e-14
9038.196696719484,4.2770404e-14
9040.492879051191,4.130241e-14
9042.7890613829,3.9690344e-14
9045.08524371461,3.862526e-14
9047.381426046317,3.9122897e-14
9049.677608378024,3.8582273e-14
9051.973790709733,3.7389657e-14
9054.269973041442,3.934362e-14
9056.56615537315,4.0205845e-14
9058.862337704857,3.8215176e-14
9061.158520036566,3.5704197e-14
9063.454702368275,3.691718e-14
9065.750884699983,3.6671712e-14
9068.04706703169,3.4038026e-14
9070.343249363399,3.204843e-14
9072.639431695108,3.4175645e-14
9074.935614026816,3.3518737e-14
9077.231796358523,3.400648e-14
9079.527978690232,3.451525e-14
9081.82416102194,3.553694e-14
9084.120343353648,3.6081784e-14
9086.416525685356,3.575307e-14
9088.712708017065,3.3718762e-14
9091.008890348772,3.3819457e-14
9093.305072680481,3.6140077e-14
9095.601255012189,3.438745e-14
9097.897437343898,3.568742e-14
9100.193619675605,3.6524403e-14
9102.489802007314,3.5474075e-14
9104.785984339022,3.4735114e-14
9107.08216667073,3.61041e-14
9109.378349002438,3.952741e-14
9111.674531334147,4.1842896e-14
9113.970713665854,3.9734065e-14
9116.266895997564,3.6187965e-14
9118.56307832927,3.49604e-14
9120.85926066098,3.5926343e-14
9123.155442992687,3.9033314e-14
9125.451625324396,3.793909e-14
9127.747807656104,3.524062e-14
9130.043989987811,3.434448e-14
9132.34017231952,3.356989e-14
9134.63635465123,3.2584307e-14
9136.932536982937,3.377786e-14
9139.228719314644,3.7080948e-14
9141.524901646353,3.7692126e-14
9143.821083978062,3.9214342e-14
9146.11726630977,4.0187915e-14
9148.413448641477,3.8140762e-14
9150.709630973186,3.3489006e-14
9153.005813304895,3.101649e-14
9155.301995636602,3.29361e-14
9157.59817796831,3.5847793e-14
9159.894360300019,3.935049e-14
9162.190542631728,4.0501016e-14
9164.486724963435,3.956069e-14
9166.782907295143,3.9400012e-14
9169.079089626852,3.7171482e-14
9171.37527195856,3.5114506e-14
9173.671454290268,3.3417954e-14
9175.967636621976,3.1400975e-14
9178.263818953685,3.4876534e-14
9180.560001285392,3.678565e-14
9182.856183617101,3.6551803e-14
9185.152365948808,3.6132135e-14
9187.448548280518,3.8910888e-14
9189.744730612225,4.0497967e-14
9192.040912943934,3.932612e-14
9194.337095275641,3.7851344e-14
9196.63327760735,3.6427997e-14
9198.929459939058,3.8955035e-14
9201.225642270767,4.2085425e-14
9203.521824602474,4.063296e-14
9205.818006934183,3.8007358e-14
9208.11418926589,3.6080625e-14
9210.4103715976,3.6320173e-14
9212.706553929307,3.65879e-14
9215.002736261016,3.4391303e-14
9217.298918592724,3.417315e-14
9219.59510092443,3.505269e-14
9221.89128325614,3.74454e-14
9224.18746558785,3.6853624e-14
9226.483647919556,3.7236324e-14
9228.779830251264,3.68505e-14
9231.076012582973,3.6410128e-14
9233.372194914682,3.4987092e-14
9235.66837724639,3.416971e-14
9237.964559578097,3.54821e-14
9240.260741909806,3.5880593e-14
9242.556924241515,3.4412533e-14
9244.853106573222,3.5259027e-14
9247.14928890493,3.5567842e-14
9249.445471236639,3.5733172e-14
9251.741653568348,3.70906e-14
9254.037835900055,3.8953165e-14
9256.334018231762,4.084195e-14
9258.630200563472,4.0132082e-14
9260.92638289518,3.9533484e-14
9263.222565226888,4.2255702e-14
9265.518747558595,4.5273725e-14
9267.814929890304,4.5933787e-14
9270.111112222014,4.5697895e-14
9272.407294553721,4.635005e-14
9274.703476885428,4.4672047e-14
9276.999659217137,4.0537675e-14
9279.295841548845,4.0123985e-14
9281.592023880552,4.1904946e-14
9283.888206212261,4.3720412e-14
9286.18438854397,4.4719057e-14
9288.480570875678,4.536285e-14
9290.776753207385,4.63318e-14
9293.072935539094,4.6495797e-14
9295.369117870803,4.2912427e-14
9297.66530020251,4.227106e-14
9299.961482534218,4.4404374e-14
9302.257664865927,4.6760766e-14
9304.553847197636,4.722436e-14
9306.850029529343,4.5645257e-14
9309.14621186105,4.549338e-14
9311.44239419276,4.571646e-14
9313.738576524469,4.6360373e-14
9316.034758856176,4.0141105e-14
9318.330941187884,3.9094718e-14
9320.627123519593,4.1911224e-14
9322.923305851302,3.7465636e-14
9325.21948818301,3.541947e-14
9327.515670514716,4.1218646e-14
9329.811852846426,4.6609353e-14
9332.108035178135,4.0432826e-14
9334.404217509842,3.256383e-14
9336.70039984155,3.2477825e-14
9338.996582173259,3.2500173e-14
9341.292764504968,2.7457618e-14
9343.588946836675,2.5746364e-14
9345.885129168382,3.661403e-14
9348.181311500091,5.0431068e-14
9350.4774938318,5.127071e-14
9352.773676163508,4.4470246e-14
9355.069858495215,3.2404895e-14
9357.366040826924,3.494124e-14
9359.662223158633,4.4359485e-14
9361.95840549034,4.3399932e-14
9364.254587822048,4.3538198e-14
9366.550770153757,3.496534e-14
9368.846952485464,3.0135637e-14
9371.143134817172,2.959014e-14
9373.439317148881,3.499454e-14
9375.73549948059,3.7940805e-14
9378.031681812297,2.9527233e-14
9380.327864144005,3.2209597e-14
9382.624046475714,3.668294e-14
9384.920228807423,4.184857e-14
9387.21641113913,4.8411345e-14
9389.512593470838,5.500031e-14
9391.808775802547,6.010956e-14
9394.104958134256,6.0891525e-14
9396.401140465963,5.626506e-14
9398.69732279767,4.7513985e-14
9400.99350512938,4.4574763e-14
9403.289687461089,4.623744e-14
9405.585869792796,4.71764e-14
9407.882052124503,4.2854483e-14
9410.178234456213,4.127997e-14
9412.474416787922,4.3909605e-14
9414.770599119629,4.436103e-14
9417.066781451336,4.4712277e-14
9419.362963783045,4.5903406e-14
9421.659146114755,4.5000025e-14
9423.955328446462,3.9888526e-14
9426.25151077817,3.0640394e-14
9428.547693109878,2.5740843e-14
9430.843875441587,3.6081544e-14
9433.140057773295,4.5896216e-14
9435.436240105002,4.705412e-14
9437.732422436711,3.6685878e-14
9440.02860476842,2.7177206e-14
9442.324787100128,2.7661902e-14
9444.620969431835,3.3916988e-14
9446.917151763544,4.771472e-14
9449.213334095253,5.2480203e-14
9451.50951642696,4.402905e-14
9453.805698758668,4.1682762e-14
9456.101881090377,3.5580093e-14
9458.398063422084,2.867213e-14
9460.694245753792,3.6017586e-14
9462.9904280855,4.129345e-14
9465.28661041721,4.5914898e-14
9467.582792748917,4.21698e-14
9469.878975080625,4.5305255e-14
9472.175157412334,4.334239e-14
9474.471339744043,4.577747e-14
9476.76752207575,4.2986997e-14
9479.063704407457,3.7491775e-14
9481.359886739167,3.76866e-14
9483.656069070876,4.15862e-14
9485.952251402583,5.023205e-14
9488.24843373429,5.3838658e-14
9490.544616066,5.04346e-14
9492.840798397709,4.473791e-14
9495.136980729416,3.1744176e-14
9497.433163061123,2.8699682e-14
9499.729345392832,2.7966058e-14
9502.025527724541,3.3869663e-14
9504.321710056249,4.148957e-14
9506.617892387956,5.29574e-14
9508.914074719665,5.3475772e-14
9511.210257051374,5.3971496e-14
9513.506439383082,4.7830158e-14
9515.802621714789,4.2621312e-14
9518.098804046498,3.179707e-14
9520.394986378207,3.302698e-14
9522.691168709915,3.6279444e-14
9524.987351041622,3.7616896e-14
9527.283533373331,4.1139414e-14
9529.57971570504,4.873309e-14
9531.875898036747,5.095063e-14
9534.172080368455,4.6760322e-14
9536.468262700164,4.9904267e-14
9538.764445031873,5.0886948e-14
9541.06062736358,4.635172e-14
9543.356809695288,4.0386666e-14
9545.652992026997,4.1151425e-14
9547.949174358704,4.694094e-14
9550.245356690411,4.6365164e-14
9552.54153902212,4.0083784e-14
9554.83772135383,3.7793414e-14
9557.133903685537,4.1253164e-14
9559.430086017244,4.3711843e-14
9561.726268348953,4.3905885e-14
9564.022450680663,3.9716125e-14
9566.31863301237,3.5749412e-14
9568.614815344077,3.8982452e-14
9570.910997675786,4.4921223e-14
9573.207180007495,4.956358e-14
9575.503362339203,5.2814205e-14
9577.79954467091,4.5151423e-14
9580.09572700262,4.216025e-14
9582.391909334328,4.182632e-14
9584.688091666036,4.1282804e-14
9586.984273997743,4.1658632e-14
9589.280456329452,3.6175124e-14
9591.576638661161,3.0918132e-14
9593.872820992869,3.415472e-14
9596.169003324576,3.6549465e-14
9598.465185656285,3.4892018e-14
9600.761367987994,3.6190357e-14
9603.057550319701,3.7716842e-14
9605.353732651409,3.365408e-14
9607.649914983118,3.6290398e-14
9609.946097314827,4.0907765e-14
9612.242279646534,4.2680825e-14
9614.538461978242,4.3601312e-14
9616.83464430995,3.678616e-14
9619.13082664166,3.5172244e-14
9621.427008973367,3.2824532e-14
9623.723191305075,3.3948376e-14
9626.019373636784,3.9447663e-14
9628.315555968493,3.996874e-14
9630.6117383002,4.3448118e-14
9632.907920631907,3.9413026e-14
9635.204102963617,3.3424245e-14
9637.500285295324,2.8083725e-14
9639.796467627031,2.90083e-14
9642.09264995874,3.145629e-14
9644.38883229045,2.887632e-14
9646.685014622157,2.8069903e-14
9648.981196953864,3.0230938e-14
9651.277379285573,3.2782496e-14
9653.573561617282,3.3103904e-14
9655.86974394899,3.5781182e-14
9658.165926280697,3.3431557e-14
9660.462108612406,2.9587257e-14
9662.758290944115,2.8965135e-14
9665.054473275823,2.7621944e-14
9667.35065560753,2.953855e-14
9669.646837939239,3.0395794e-14
9671.943020270948,3.0346534e-14
9674.239202602655,3.3360362e-14
9676.535384934363,3.3344177e-14
9678.831567266072,2.9470512e-14
9681.127749597781,3.0280306e-14
9683.423931929488,3.3880762e-14
9685.720114261196,3.251452e-14
9688.016296592905,3.2066082e-14
9690.312478924614,3.2973976e-14
9692.608661256321,3.321798e-14
9694.904843588029,3.449731e-14
9697.201025919738,3.3962843e-14
9699.497208251447,3.429039e-14
9701.793390583154,3.1947223e-14
9704.089572914861,2.9572505e-14
9706.38575524657,3.233348e-14
9708.68193757828,3.5330374e-14
9710.978119909987,3.5567716e-14
9713.274302241694,3.4391208e-14
9715.570484573404,3.301332e-14
9717.866666905113,3.2071585e-14
9720.16284923682,3.262518e-14
9722.459031568527,3.2658206e-14
9724.755213900236,3.356788e-14
9727.051396231944,3.2760727e-14
9729.347578563651,3.3802198e-14
9731.64376089536,3.329159e-14
9733.93994322707,3.2232358e-14
9736.236125558777,3.2553983e-14
9738.532307890484,2.965891e-14
9740.828490222193,2.8907727e-14
9743.124672553902,3.276012e-14
9745.42085488561,3.147628e-14
9747.717037217317,3.152561e-14
9750.013219549026,3.5840024e-14
9752.309401880735,3.6096743e-14
9754.605584212442,3.4539327e-14
9756.90176654415,3.2950642e-14
9759.197948875859,3.2076745e-14
9761.494131207568,3.061448e-14
9763.790313539275,3.0647207e-14
9766.086495870983,3.2822096e-14
9768.382678202692,3.517408e-14
9770.6788605344,3.5528045e-14
9772.975042866108,3.7321613e-14
9775.271225197816,3.557574e-14
9777.567407529525,3.264751e-14
9779.863589861234,3.2308296e-14
9782.159772192941,3.030709e-14
9784.455954524648,2.9866023e-14
9786.752136856358,2.979984e-14
9789.048319188067,2.8516143e-14
9791.344501519774,3.0128857e-14
9793.640683851481,3.5299698e-14
9795.93686618319,3.216715e-14
9798.2330485149,2.9982103e-14
9800.529230846607,3.288924e-14
9802.825413178314,3.2287436e-14
9805.121595510023,3.2402087e-14
9807.417777841732,3.3874718e-14
9809.71396017344,3.4785536e-14
9812.010142505147,3.438634e-14
9814.306324836856,3.249068e-14
9816.602507168564,3.1643806e-14
9818.89868950027,3.0367144e-14
9821.19487183198,2.885037e-14
9823.49105416369,2.8832957e-14
9825.787236495396,2.8315193e-14
9828.083418827104,2.8470407e-14
9830.379601158813,3.1041965e-14
9832.675783490522,3.128295e-14
9834.97196582223,3.0305568e-14
9837.268148153937,3.0980813e-14
9839.564330485646,2.9165062e-14
9841.860512817355,3.0947023e-14
9844.156695149062,3.2582074e-14
9846.45287748077,3.0685175e-14
9848.749059812479,2.6972053e-14
9851.045242144188,2.9695484e-14
9853.341424475895,2.871842e-14
