2539.27733644475,-5.8940622e-15
2541.0910215042973,5.5843976e-15
2542.9047065638447,8.5319376e-15
2544.718391623392,1.7205624e-15
2546.5320766829395,-1.5759312e-15
2548.345761742487,2.182967e-15
2550.1594468020344,5.598205e-15
2551.973131861582,-1.842349e-15
2553.7868169211292,-4.2220925e-15
2555.6005019806767,9.776139e-16
2557.414187040224,2.9618216e-15
2559.2278720997715,5.996611e-16
2561.041557159319,-2.2770725e-15
2562.8552422188664,4.2395147e-15
2564.668927278414,1.2192374e-14
2566.482612337961,3.9590765e-15
2568.2962973975086,-2.1648186e-15
2570.109982457056,2.3712747e-15
2571.9236675166035,6.0577852e-15
2573.737352576151,3.7665717e-15
2575.5510376356983,2.030637e-15
2577.3647226952457,2.8074043e-15
2579.178407754793,3.6043624e-15
2580.9920928143406,4.6602016e-15
2582.805777873888,4.9447806e-15
2584.6194629334354,-2.1449063e-16
2586.433147992983,-2.9685527e-15
2588.2468330525303,4.0547814e-15
2590.0605181120777,4.188124e-15
2591.874203171625,-6.261092e-16
2593.6878882311726,-1.4694042e-15
2595.50157329072,9.334291e-16
2597.3152583502674,2.0997538e-15
2599.128943409815,3.1026912e-15
2600.9426284693623,4.020925e-15
2602.7563135289097,4.8711052e-15
2604.569998588457,2.970047e-15
2606.3836836480045,-3.6317003e-15
2608.197368707552,-5.6608453e-15
2610.0110537670994,-8.9141e-17
2611.824738826647,-1.7232928e-15
2613.6384238861942,-5.7595886e-15
2615.4521089457417,-9.247988e-16
2617.265794005289,1.8079886e-15
2619.0794790648365,-2.9228947e-16
2620.893164124384,1.1173142e-15
2622.7068491839314,3.3084863e-15
2624.520534243479,3.3008114e-15
2626.334219303026,3.9486664e-15
2628.1479043625736,6.091804e-16
2629.961589422121,-1.3720986e-15
2631.7752744816685,-7.2217923e-16
2633.588959541216,1.2063606e-15
2635.402644600763,4.1054903e-15
2637.2163296603103,5.609276e-15
2639.0300147198577,4.8301e-15
2640.843699779405,3.238495e-15
2642.6573848389526,2.2583863e-15
2644.4710698985,5.1323235e-16
2646.2847549580474,1.6915159e-15
2648.098440017595,3.765002e-15
2649.9121250771423,5.2688313e-16
2651.7258101366897,-2.3037152e-16
2653.539495196237,5.220247e-15
2655.3531802557845,3.800308e-15
2657.166865315332,-1.2703634e-15
2658.9805503748794,-2.9791157e-15
2660.794235434427,-2.5115844e-15
2662.6079204939742,1.013255e-15
2664.4216055535217,3.125884e-15
2666.235290613069,3.5854833e-15
2668.0489756726165,2.7008012e-15
2669.862660732164,3.809409e-15
2671.6763457917114,1.4244919e-15
2673.490030851259,-1.129956e-15
2675.303715910806,2.0311609e-15
2677.1174009703536,2.769798e-15
2678.931086029901,1.5581962e-15
2680.7447710894485,-7.0413425e-16
2682.558456148996,-2.0287957e-15
2684.3721412085433,1.0377674e-15
2686.1858262680908,3.3899254e-15
2687.999511327638,1.9584012e-15
2689.8131963871856,1.300911e-15
2691.626881446733,4.47253e-16
2693.4405665062804,-5.067008e-16
2695.254251565828,1.1622783e-15
2697.0679366253753,1.7735194e-15
2698.8816216849227,3.0525388e-15
2700.69530674447,2.1542625e-15
2702.5089918040176,-4.297865e-16
2704.322676863565,-2.2301163e-16
2706.1363619231124,1.6295746e-15
2707.95004698266,3.1820804e-15
2709.7637320422073,8.992828e-16
2711.5774171017547,-1.215055e-15
2713.391102161302,3.0435657e-16
2715.2047872208495,2.8485366e-15
2717.018472280397,2.1662925e-15
2718.8321573399444,1.2320235e-15
2720.645842399492,1.8946293e-15
2722.4595274590392,3.7224438e-16
2724.2732125185867,-6.455873e-16
2726.086897578134,1.3007017e-16
2727.9005826376815,1.0098193e-15
2729.714267697229,2.5109375e-15
2731.5279527567764,4.0978827e-15
2733.341637816324,3.6491497e-15
2735.155322875871,1.7406518e-15
2736.9690079354186,2.3148157e-15
2738.782692994966,2.5994683e-15
2740.5963780545135,1.6604628e-15
2742.410063114061,4.630561e-16
2744.2237481736083,-4.0152445e-16
2746.0374332331558,-4.4821824e-17
2747.851118292703,6.404693e-16
2749.6648033522506,1.9157573e-15
2751.478488411798,3.1038101e-15
2753.2921734713454,2.0753211e-15
2755.105858530893,1.3430357e-16
2756.9195435904403,-2.1903356e-16
2758.7332286499877,1.869473e-15
2760.546913709535,1.3574965e-15
2762.3605987690826,-8.3968335e-16
2764.17428382863,1.2655273e-15
2765.9879688881774,1.8368936e-15
2767.801653947725,2.430852e-15
2769.6153390072723,3.6207173e-15
2771.4290240668197,2.1218844e-15
2773.242709126367,2.2096887e-15
2775.0563941859145,3.0531262e-15
2776.870079245462,2.5414737e-15
2778.6837643050094,1.4858195e-15
2780.497449364557,1.6816631e-15
2782.3111344241042,2.6815096e-15
2784.1248194836517,2.0573223e-15
2785.938504543199,1.9614854e-15
2787.7521896027465,3.180519e-15
2789.565874662294,3.1726369e-15
2791.3795597218414,1.3885726e-15
2793.193244781389,1.1236494e-15
2795.006929840936,2.4261135e-15
2796.8206149004836,1.8096607e-15
2798.634299960031,1.1102068e-15
2800.4479850195785,1.2411867e-15
2802.261670079126,2.29845e-15
2804.0753551386733,1.6731902e-15
2805.8890401982208,3.18407e-16
2807.702725257768,1.1374246e-15
2809.5164103173156,3.7480345e-16
2811.330095376863,-3.0079876e-16
2813.1437804364105,1.5607585e-15
2814.957465495958,2.8970452e-15
2816.7711505555053,1.3937392e-15
2818.5848356150527,4.6297164e-16
2820.3985206746,1.5291536e-15
2822.2122057341476,1.7891735e-15
2824.025890793695,1.2937251e-15
2825.8395758532424,7.8541305e-16
2827.65326091279,7.403838e-16
2829.4669459723373,1.2411435e-15
2831.2806310318847,1.451036e-15
2833.094316091432,2.9914448e-16
2834.9080011509795,-3.159288e-16
2836.721686210527,1.3075568e-15
2838.5353712700744,2.1982826e-15
2840.349056329622,1.718031e-15
2842.1627413891692,2.2504185e-15
2843.9764264487167,1.8033357e-15
2845.7901115082636,1.5510283e-15
2847.603796567811,2.506987e-15
2849.4174816273585,1.9129627e-15
2851.231166686906,1.2647124e-15
2853.0448517464533,2.1344e-15
2854.8585368060008,2.9226567e-15
2856.672221865548,1.6601113e-15
2858.4859069250956,5.9845043e-16
2860.299591984643,4.678228e-16
2862.1132770441905,5.002801e-16
2863.926962103738,3.6005647e-16
2865.7406471632853,8.0208594e-17
2867.5543322228327,2.8415788e-16
2869.36801728238,9.553984e-16
2871.1817023419276,1.8136415e-15
2872.995387401475,2.5914435e-15
2874.8090724610224,2.6917182e-15
2876.62275752057,2.3631847e-15
2878.4364425801173,1.1831878e-15
2880.2501276396647,6.986222e-16
2882.063812699212,1.7570169e-15
2883.8774977587595,1.5263048e-15
2885.691182818307,1.7189748e-15
2887.5048678778544,1.9698727e-15
2889.318552937402,1.7182564e-15
2891.1322379969492,1.948307e-15
2892.9459230564967,9.044987e-16
2894.759608116044,1.3174708e-15
2896.5732931755915,1.4351778e-15
2898.386978235139,-4.0487683e-16
2900.2006632946864,-1.2641639e-15
2902.014348354234,-1.7422334e-17
2903.828033413781,1.6674056e-15
2905.6417184733286,1.4495119e-15
2907.455403532876,8.140495e-17
2909.2690885924235,-2.7946724e-16
2911.082773651971,9.613553e-16
2912.8964587115183,1.5093531e-15
2914.7101437710658,1.8883736e-15
2916.523828830613,2.5020038e-15
2918.3375138901606,2.6100945e-15
2920.151198949708,2.3910135e-15
2921.9648840092555,2.6225444e-15
2923.778569068803,2.8710965e-15
2925.5922541283503,2.7327026e-15
2927.4059391878977,3.2303584e-15
2929.219624247445,3.0589212e-15
2931.0333093069926,3.293535e-15
2932.84699436654,3.0725616e-15
2934.6606794260874,2.383997e-15
2936.474364485635,1.2023286e-15
2938.2880495451823,1.351948e-15
2940.1017346047297,2.4860593e-15
2941.915419664277,2.4443836e-15
2943.7291047238245,2.4693132e-15
2945.542789783372,7.8068835e-16
2947.3564748429194,1.3782018e-15
2949.170159902467,1.7463681e-15
2950.9838449620142,9.121122e-16
2952.7975300215617,1.9147097e-15
2954.611215081109,1.8537392e-15
2956.4249001406565,1.2336446e-15
2958.238585200204,1.8192686e-15
2960.0522702597514,1.4654825e-15
2961.865955319299,1.3120567e-15
2963.679640378846,1.4731175e-15
2965.4933254383936,1.0564654e-15
2967.307010497941,1.711703e-15
2969.1206955574885,2.0259683e-15
2970.934380617036,3.6649773e-15
2972.7480656765833,5.8562744e-15
2974.5617507361308,6.5591665e-15
2976.375435795678,5.3321935e-15
2978.1891208552256,2.9130115e-15
2980.002805914773,2.3139557e-15
2981.8164909743205,8.924265e-16
2983.630176033868,5.52249e-16
2985.4438610934153,2.1335328e-15
2987.2575461529627,2.0079928e-15
2989.07123121251,1.1431115e-15
2990.8849162720576,1.8389056e-15
2992.698601331605,2.9351252e-15
2994.5122863911524,2.4003717e-15
2996.3259714507,1.5349875e-15
2998.1396565102473,1.5199802e-15
2999.9533415697947,1.007868e-15
3001.767026629342,1.1660855e-15
3003.5807116888896,1.6133737e-15
3005.394396748437,3.9649155e-15
3007.2080818079844,7.492369e-15
3009.021766867532,9.428776e-15
3010.8354519270792,8.10979e-15
3012.6491369866267,5.1193553e-15
3014.462822046174,3.1835475e-15
3016.276507105721,2.6916748e-15
3018.0901921652685,2.7295391e-15
3019.903877224816,3.148009e-15
3021.7175622843633,3.3732268e-15
3023.5312473439108,2.9480922e-15
3025.344932403458,2.2626272e-15
3027.1586174630056,2.300931e-15
3028.972302522553,1.5469253e-15
3030.7859875821005,1.5558022e-15
3032.599672641648,2.5864035e-15
3034.4133577011953,2.4693179e-15
3036.2270427607427,1.6476e-15
3038.04072782029,1.4082468e-15
3039.8544128798376,2.212262e-15
3041.668097939385,3.1742117e-15
3043.4817829989324,2.5526115e-15
3045.29546805848,1.558574e-15
3047.1091531180273,2.1176997e-15
3048.9228381775747,1.8705062e-15
3050.736523237122,2.745874e-15
3052.5502082966696,3.1469053e-15
3054.363893356217,2.2750634e-15
3056.1775784157644,2.5429157e-15
3057.991263475312,3.567458e-15
3059.8049485348592,3.2344934e-15
3061.6186335944067,1.5155202e-15
3063.432318653954,2.4018178e-15
3065.2460037135015,2.2119632e-15
3067.059688773049,2.1394595e-15
3068.8733738325964,2.8235638e-15
3070.687058892144,2.5937826e-15
3072.500743951691,1.8621537e-15
3074.3144290112386,2.0190225e-15
3076.128114070786,2.198852e-15
3077.9417991303335,2.346537e-15
3079.755484189881,2.403267e-15
3081.5691692494283,2.788149e-15
3083.3828543089758,2.181446e-15
3085.196539368523,1.6983311e-15
3087.0102244280706,1.7551116e-15
3088.823909487618,1.5522595e-15
3090.6375945471655,1.6275607e-15
3092.451279606713,2.7509282e-15
3094.2649646662603,3.0348951e-15
3096.0786497258077,2.0559065e-15
3097.892334785355,2.1711591e-15
3099.7060198449026,2.0601357e-15
3101.51970490445,1.6211717e-15
3103.3333899639974,2.7884655e-15
3105.147075023545,2.9597428e-15
3106.9607600830923,2.7682727e-15
3108.7744451426397,3.066369e-15
3110.588130202187,2.930519e-15
3112.4018152617346,2.968803e-15
3114.215500321282,2.400506e-15
3116.0291853808294,1.9711816e-15
3117.842870440377,2.0431803e-15
3119.6565554999243,1.9827142e-15
3121.4702405594717,1.8975185e-15
3123.283925619019,2.2766928e-15
3125.0976106785665,2.152042e-15
3126.911295738114,2.1225182e-15
3128.7249807976614,1.6924286e-15
3130.538665857209,2.467953e-15
3132.352350916756,3.383301e-15
3134.1660359763036,1.5902133e-15
3135.979721035851,2.2535074e-15
3137.7934060953985,4.1423625e-15
3139.607091154946,4.9620723e-15
3141.4207762144933,5.5292037e-15
3143.2344612740408,5.2625534e-15
3145.048146333588,4.4568197e-15
3146.8618313931356,3.5419002e-15
3148.675516452683,2.1958791e-15
3150.4892015122305,1.7247139e-15
3152.302886571778,2.6004286e-15
3154.1165716313253,2.73815e-15
3155.9302566908727,2.6307107e-15
3157.74394175042,2.1976967e-15
3159.5576268099676,1.7020961e-15
3161.371311869515,2.184643e-15
3163.1849969290624,2.50174e-15
3164.99868198861,2.3922707e-15
3166.8123670481573,2.4914367e-15
3168.6260521077047,2.91722e-15
3170.439737167252,2.5929385e-15
3172.2534222267996,2.5052037e-15
3174.067107286347,2.0122356e-15
3175.8807923458944,1.6922898e-15
3177.694477405442,2.3716897e-15
3179.5081624649893,2.6520763e-15
3181.3218475245367,2.8250383e-15
3183.135532584084,3.0538773e-15
3184.9492176436315,2.6829648e-15
3186.762902703179,2.5662318e-15
3188.5765877627264,2.7984128e-15
3190.390272822274,2.5201642e-15
3192.203957881821,2.6944559e-15
3194.0176429413686,3.5039214e-15
3195.831328000916,3.2291433e-15
3197.6450130604635,2.9342704e-15
3199.458698120011,2.4249452e-15
3201.2723831795583,2.5277985e-15
3203.0860682391058,3.3494895e-15
3204.899753298653,4.285651e-15
3206.7134383582006,4.059332e-15
3208.527123417748,3.369147e-15
3210.3408084772955,3.3195679e-15
3212.154493536843,3.1057424e-15
3213.9681785963903,2.541405e-15
3215.7818636559377,2.5856284e-15
3217.595548715485,2.8814172e-15
3219.4092337750326,2.9926134e-15
3221.22291883458,3.2412076e-15
3223.0366038941274,3.241486e-15
3224.850288953675,3.6141625e-15
3226.6639740132223,3.195116e-15
3228.4776590727697,2.1554943e-15
3230.291344132317,2.7702575e-15
3232.1050291918646,3.4226693e-15
3233.918714251412,2.5254152e-15
3235.7323993109594,1.8977005e-15
3237.546084370507,2.0225434e-15
3239.3597694300543,2.4127543e-15
3241.1734544896017,2.452069e-15
3242.987139549149,1.7454388e-15
3244.8008246086965,1.6527609e-15
3246.614509668244,1.1646575e-15
3248.428194727791,1.3258413e-15
3250.2418797873383,2.0167806e-15
3252.0555648468858,1.7727599e-15
3253.869249906433,2.0204086e-15
3255.6829349659806,1.656534e-15
3257.496620025528,7.758634e-16
3259.3103050850755,7.748854e-16
3261.123990144623,1.0784654e-15
3262.9376752041703,1.4222664e-15
3264.7513602637177,1.7039347e-15
3266.565045323265,1.2592444e-15
3268.3787303828126,6.17397e-16
3270.19241544236,6.763267e-16
3272.0061005019074,8.552088e-16
3273.819785561455,1.1593877e-15
3275.6334706210023,1.9264337e-15
3277.4471556805497,1.8415356e-15
3279.260840740097,1.6088392e-15
3281.0745257996446,1.6953372e-15
3282.888210859192,1.6405174e-15
3284.7018959187394,1.800871e-15
3286.515580978287,2.3035247e-15
3288.3292660378343,2.9720931e-15
3290.1429510973817,2.172123e-15
3291.956636156929,1.0429617e-15
3293.7703212164765,7.745639e-16
3295.584006276024,1.1902682e-15
3297.3976913355714,2.1113967e-15
3299.211376395119,2.3278568e-15
3301.0250614546662,2.3089009e-15
3302.8387465142137,2.9030756e-15
3304.652431573761,2.7656208e-15
3306.4661166333085,2.3256746e-15
3308.279801692856,1.8033763e-15
3310.0934867524034,1.3578344e-15
3311.907171811951,1.6428397e-15
3313.720856871498,1.3539439e-15
3315.5345419310456,1.6849643e-15
3317.348226990593,2.7377382e-15
3319.1619120501405,2.8964633e-15
3320.975597109688,2.5782565e-15
3322.7892821692353,2.280491e-15
3324.6029672287827,1.8604613e-15
3326.41665228833,2.2926505e-15
3328.2303373478776,2.292926e-15
3330.044022407425,1.665711e-15
3331.8577074669724,2.0364218e-15
3333.67139252652,2.2191268e-15
3335.4850775860673,1.8749466e-15
3337.2987626456147,1.9937815e-15
3339.112447705162,2.4793965e-15
3340.9261327647096,3.069298e-15
3342.739817824257,2.946589e-15
3344.5535028838044,2.4575261e-15
3346.367187943352,1.9771358e-15
3348.1808730028993,1.8908945e-15
3349.9945580624467,2.736819e-15
3351.808243121994,3.3452135e-15
3353.6219281815415,2.77103e-15
3355.435613241089,2.0677747e-15
3357.2492983006364,2.721733e-15
3359.062983360184,2.7719058e-15
3360.8766684197312,2.381187e-15
3362.6903534792787,2.4638679e-15
3364.504038538826,2.5531752e-15
3366.3177235983735,3.5299365e-15
3368.131408657921,3.4791802e-15
3369.9450937174684,2.4882944e-15
3371.758778777016,2.8608438e-15
3373.572463836563,3.6921357e-15
3375.3861488961106,3.9450797e-15
3377.199833955658,5.053733e-15
3379.0135190152055,8.121264e-15
3380.827204074753,9.947583e-15
3382.6408891343003,8.047897e-15
3384.4545741938477,4.7653887e-15
3386.268259253395,3.26137e-15
3388.0819443129426,3.7700467e-15
3389.89562937249,3.792458e-15
3391.7093144320374,3.1005065e-15
3393.522999491585,2.9344086e-15
3395.336684551132,2.339701e-15
3397.1503696106793,2.4094826e-15
3398.9640546702267,2.3342117e-15
3400.777739729774,2.533309e-15
3402.5914247893215,2.7875011e-15
3404.405109848869,2.9588155e-15
3406.2187949084164,3.1669092e-15
3408.032479967964,3.0598616e-15
3409.8461650275112,3.3236895e-15
3411.6598500870587,3.7207493e-15
3413.473535146606,2.9949205e-15
3415.2872202061535,3.0171375e-15
3417.100905265701,3.7880906e-15
3418.9145903252484,3.1801293e-15
3420.728275384796,2.7840336e-15
3422.541960444343,3.2586757e-15
3424.3556455038906,2.6270538e-15
3426.169330563438,2.5631363e-15
3427.9830156229855,4.018278e-15
3429.796700682533,3.861004e-15
3431.6103857420803,3.8554966e-15
3433.4240708016277,3.960483e-15
3435.237755861175,3.779492e-15
3437.0514409207226,3.58644e-15
3438.86512598027,3.2821157e-15
3440.6788110398174,2.980174e-15
3442.492496099365,2.676177e-15
3444.3061811589123,2.6511553e-15
3446.1198662184597,3.718017e-15
3447.933551278007,3.749284e-15
3449.7472363375546,3.9491217e-15
3451.560921397102,3.5139829e-15
3453.3746064566494,4.175554e-15
3455.188291516197,4.47629e-15
3457.0019765757443,4.461602e-15
3458.8156616352917,4.313635e-15
3460.629346694839,3.9132274e-15
3462.4430317543865,3.650353e-15
3464.256716813934,3.1689165e-15
3466.0704018734814,3.7161377e-15
3467.884086933029,4.128418e-15
3469.6977719925762,4.031919e-15
3471.5114570521237,3.7532746e-15
3473.325142111671,3.981067e-15
3475.1388271712185,3.9621923e-15
3476.952512230766,3.5121872e-15
3478.7661972903134,4.3414953e-15
3480.579882349861,4.349493e-15
3482.393567409408,3.6631757e-15
3484.2072524689556,4.4927415e-15
3486.020937528503,5.326659e-15
3487.8346225880505,5.2736902e-15
3489.648307647598,5.439602e-15
3491.4619927071453,5.317271e-15
3493.2756777666928,3.9109836e-15
3495.08936282624,3.6498853e-15
3496.9030478857876,4.7849014e-15
3498.716732945335,4.313055e-15
3500.5304180048824,3.9262565e-15
3502.34410306443,4.5319617e-15
3504.1577881239773,4.869068e-15
3505.9714731835247,5.4909898e-15
3507.785158243072,5.1987507e-15
3509.5988433026196,5.8334397e-15
3511.412528362167,6.048029e-15
3513.2262134217144,5.0640606e-15
3515.039898481262,4.7395593e-15
3516.8535835408093,5.1744874e-15
3518.6672686003567,5.303359e-15
3520.480953659904,4.9429497e-15
3522.2946387194515,4.7518574e-15
3524.108323778999,4.6261204e-15
3525.9220088385464,5.105229e-15
3527.735693898094,5.7540757e-15
3529.5493789576412,5.9241895e-15
3531.3630640171887,5.76042e-15
3533.176749076736,5.178018e-15
3534.9904341362835,5.116303e-15
3536.804119195831,5.9032902e-15
3538.6178042553784,6.2163066e-15
3540.431489314926,5.491867e-15
3542.245174374473,4.9943163e-15
3544.0588594340206,5.1499756e-15
3545.872544493568,5.8195187e-15
3547.6862295531155,5.272715e-15
3549.499914612663,5.2643627e-15
3551.3135996722103,5.256632e-15
3553.1272847317578,4.749305e-15
3554.940969791305,4.7884822e-15
3556.7546548508526,5.501702e-15
3558.5683399104,5.8180317e-15
3560.3820249699475,5.658804e-15
3562.195710029495,5.3711113e-15
3564.0093950890423,5.348418e-15
3565.8230801485897,4.869892e-15
3567.636765208137,4.778125e-15
3569.4504502676846,5.059545e-15
3571.264135327232,4.6236047e-15
3573.0778203867794,4.331872e-15
3574.891505446327,4.7162384e-15
3576.7051905058743,5.707871e-15
3578.5188755654217,5.748955e-15
3580.332560624969,5.8905615e-15
3582.1462456845165,6.123858e-15
3583.959930744064,5.9225467e-15
3585.7736158036114,5.721042e-15
3587.587300863159,5.0954173e-15
3589.4009859227062,4.8170306e-15
3591.2146709822537,6.1050717e-15
3593.028356041801,6.289385e-15
3594.8420411013485,5.5417203e-15
3596.655726160896,6.21361e-15
3598.4694112204434,6.264962e-15
3600.283096279991,6.3927304e-15
3602.096781339538,7.0466293e-15
3603.9104663990856,6.701872e-15
3605.724151458633,6.3187027e-15
3607.5378365181805,7.111799e-15
3609.351521577728,7.522345e-15
3611.1652066372753,7.116699e-15
3612.9788916968228,7.239674e-15
3614.79257675637,6.9163035e-15
3616.6062618159176,6.1414344e-15
3618.419946875465,6.182875e-15
3620.2336319350125,6.8936276e-15
3622.04731699456,6.745187e-15
3623.8610020541073,5.762916e-15
3625.6746871136547,5.521236e-15
3627.488372173202,5.889206e-15
3629.3020572327496,5.7755585e-15
3631.115742292297,5.4128404e-15
3632.9294273518444,5.7701362e-15
3634.743112411392,6.1963797e-15
3636.5567974709393,6.6346736e-15
3638.3704825304867,6.3413613e-15
3640.184167590034,6.4269336e-15
3641.9978526495815,6.3277605e-15
3643.811537709129,5.1521355e-15
3645.6252227686764,4.956182e-15
3647.438907828224,5.5344426e-15
3649.2525928877712,5.824362e-15
3651.0662779473187,6.649107e-15
3652.879963006866,7.651483e-15
3654.6936480664135,8.37507e-15
3656.507333125961,7.464328e-15
3658.3210181855084,7.459614e-15
3660.134703245056,7.75386e-15
3661.948388304603,7.285126e-15
3663.76207336415,6.795293e-15
3665.5757584236976,6.3507362e-15
3667.389443483245,6.4356085e-15
3669.2031285427925,6.3461593e-15
3671.01681360234,5.522848e-15
3672.8304986618873,5.9304393e-15
3674.6441837214347,6.6284635e-15
3676.457868780982,5.954738e-15
3678.2715538405296,6.078394e-15
3680.085238900077,6.3112984e-15
3681.8989239596244,6.3804222e-15
3683.712609019172,6.112075e-15
3685.5262940787193,5.387585e-15
3687.3399791382667,5.538798e-15
3689.153664197814,5.8258244e-15
3690.9673492573615,6.1211874e-15
3692.781034316909,6.495549e-15
3694.5947193764564,6.2056166e-15
3696.408404436004,5.6833836e-15
3698.2220894955512,6.4350817e-15
3700.0357745550987,7.156865e-15
3701.849459614646,6.8800344e-15
3703.6631446741935,6.9184787e-15
3705.476829733741,6.8791887e-15
3707.2905147932884,6.455203e-15
3709.104199852836,6.1251807e-15
3710.917884912383,5.55521e-15
3712.7315699719306,5.272413e-15
3714.545255031478,5.5956534e-15
3716.3589400910255,5.7603547e-15
3718.172625150573,5.466821e-15
3719.9863102101203,5.197539e-15
3721.7999952696678,5.139466e-15
3723.613680329215,5.106083e-15
3725.4273653887626,5.5743005e-15
3727.24105044831,5.999603e-15
3729.0547355078575,6.2194288e-15
3730.868420567405,6.1939725e-15
3732.6821056269523,5.980247e-15
3734.4957906864997,6.509885e-15
3736.309475746047,7.081215e-15
3738.1231608055946,6.671221e-15
3739.936845865142,6.835268e-15
3741.7505309246894,7.160519e-15
3743.564215984237,7.2906955e-15
3745.3779010437843,7.109379e-15
3747.1915861033317,6.5701593e-15
3749.005271162879,6.8901683e-15
3750.8189562224266,7.1992236e-15
3752.632641281974,6.8775048e-15
3754.4463263415214,6.439878e-15
3756.260011401069,6.277408e-15
3758.0736964606162,5.8481094e-15
3759.8873815201637,6.093367e-15
3761.7010665797106,6.1204072e-15
3763.514751639258,6.5110914e-15
3765.3284366988055,7.060203e-15
3767.142121758353,6.421515e-15
3768.9558068179003,5.990267e-15
3770.7694918774478,6.132023e-15
3772.583176936995,6.492086e-15
3774.3968619965426,6.4456183e-15
3776.21054705609,6.6205755e-15
3778.0242321156375,6.635426e-15
3779.837917175185,7.26509e-15
3781.6516022347323,7.287504e-15
3783.4652872942797,6.7907766e-15
3785.278972353827,7.294101e-15
3787.0926574133746,6.560933e-15
3788.906342472922,6.394994e-15
3790.7200275324694,7.533917e-15
3792.533712592017,7.448078e-15
3794.3473976515643,7.363495e-15
3796.1610827111117,7.35378e-15
3797.974767770659,6.4845353e-15
3799.7884528302066,5.3553552e-15
3801.602137889754,4.8369202e-15
3803.4158229493014,4.661726e-15
3805.229508008849,4.546002e-15
3807.0431930683962,4.4790933e-15
3808.8568781279437,4.556086e-15
3810.670563187491,4.436622e-15
3812.4842482470385,4.529629e-15
3814.297933306586,4.5926935e-15
3816.1116183661334,4.4993873e-15
3817.925303425681,4.651543e-15
3819.738988485228,4.9508953e-15
3821.5526735447756,5.6934433e-15
3823.366358604323,4.9518825e-15
3825.1800436638705,5.2045173e-15
3826.993728723418,5.4724592e-15
3828.8074137829653,5.3813397e-15
3830.6210988425128,5.6090386e-15
3832.43478390206,5.923099e-15
3834.2484689616076,6.0095865e-15
3836.062154021155,5.7233004e-15
3837.8758390807025,6.3575904e-15
3839.68952414025,5.983922e-15
3841.5032091997973,6.327687e-15
3843.3168942593447,6.495925e-15
3845.130579318892,5.401049e-15
3846.9442643784396,4.286402e-15
3848.757949437987,3.8828507e-15
3850.5716344975344,4.5649723e-15
3852.385319557082,4.1694367e-15
3854.1990046166293,5.0037713e-15
3856.0126896761767,5.578201e-15
3857.826374735724,5.564453e-15
3859.6400597952716,5.6144567e-15
3861.453744854819,5.3044096e-15
3863.2674299143664,5.833182e-15
3865.081114973914,6.6127663e-15
3866.8948000334613,6.7147177e-15
3868.7084850930087,5.8555726e-15
3870.522170152556,5.3360433e-15
3872.3358552121035,6.3974616e-15
3874.149540271651,6.4686924e-15
3875.9632253311984,6.406325e-15
3877.776910390746,6.269281e-15
3879.590595450293,5.9834352e-15
3881.4042805098406,6.12669e-15
3883.217965569388,6.2620426e-15
3885.0316506289355,6.4254903e-15
3886.845335688483,6.298388e-15
3888.6590207480303,5.9676245e-15
3890.4727058075778,6.046076e-15
3892.286390867125,5.736092e-15
3894.1000759266726,5.001207e-15
3895.91376098622,6.1964606e-15
3897.7274460457675,1.0460527e-14
3899.541131105315,1.600031e-14
3901.3548161648623,1.7662373e-14
3903.1685012244097,1.4340564e-14
3904.982186283957,9.048223e-15
3906.7958713435046,7.310985e-15
3908.609556403052,6.8045274e-15
3910.4232414625994,5.8266228e-15
3912.236926522147,6.7379955e-15
3914.0506115816943,6.7098155e-15
3915.8642966412417,6.2204833e-15
3917.677981700789,6.5557004e-15
3919.4916667603366,6.1642357e-15
3921.305351819884,6.709907e-15
3923.1190368794314,7.25928e-15
3924.932721938979,7.619233e-15
3926.7464069985263,7.416203e-15
3928.5600920580737,6.659225e-15
3930.373777117621,7.5762125e-15
3932.1874621771685,7.484263e-15
3934.001147236716,7.419327e-15
3935.8148322962634,7.21214e-15
3937.628517355811,8.041832e-15
3939.442202415358,7.6094314e-15
3941.2558874749056,7.420768e-15
3943.069572534453,7.725388e-15
3944.8832575940005,8.121646e-15
3946.696942653548,8.371279e-15
3948.5106277130953,8.210972e-15
3950.3243127726428,8.4417785e-15
3952.13799783219,9.0113e-15
3953.9516828917376,8.751065e-15
3955.765367951285,8.326483e-15
3957.5790530108325,8.537072e-15
3959.39273807038,8.754958e-15
3961.2064231299273,8.876691e-15
3963.0201081894747,8.887963e-15
3964.833793249022,9.272666e-15
3966.6474783085696,9.469393e-15
3968.461163368117,9.8608315e-15
3970.2748484276644,9.711589e-15
3972.088533487212,9.591867e-15
3973.9022185467593,9.896203e-15
3975.7159036063067,9.359547e-15
3977.529588665854,9.27163e-15
3979.3432737254016,9.599763e-15
3981.156958784949,1.0444875e-14
3982.9706438444964,1.0675543e-14
3984.784328904044,1.0751801e-14
3986.5980139635913,1.1003619e-14
3988.4116990231387,1.1332038e-14
3990.225384082686,1.18701164e-14
3992.0390691422335,1.0572891e-14
3993.852754201781,8.545562e-15
3995.6664392613284,5.8405243e-15
3997.480124320876,5.1037547e-15
3999.293809380423,5.184043e-15
4001.1074944399707,5.1226723e-15
4002.921179499518,4.8012093e-15
4004.7348645590655,5.2489382e-15
4006.548549618613,5.9706645e-15
4008.3622346781603,7.106489e-15
4010.1759197377078,6.916276e-15
4011.989604797255,6.9451645e-15
4013.8032898568026,7.291157e-15
4015.61697491635,7.463057e-15
4017.4306599758975,7.281142e-15
4019.244345035445,6.8389165e-15
4021.0580300949923,7.93061e-15
4022.8717151545397,7.684162e-15
4024.685400214087,7.918579e-15
4026.4990852736346,8.204026e-15
4028.312770333182,8.217902e-15
4030.1264553927294,8.179454e-15
4031.940140452277,7.696322e-15
4033.7538255118243,7.663732e-15
4035.5675105713717,7.855428e-15
4037.381195630919,8.150185e-15
4039.1948806904666,7.597293e-15
4041.008565750014,6.7498184e-15
4042.8222508095614,5.879498e-15
4044.635935869109,5.9545578e-15
4046.4496209286563,6.6386427e-15
4048.2633059882037,7.2649355e-15
4050.076991047751,6.2603477e-15
4051.8906761072985,5.885548e-15
4053.704361166846,5.809464e-15
4055.518046226393,6.5617817e-15
4057.3317312859404,6.8091865e-15
4059.145416345488,6.3140424e-15
4060.959101405035,6.4382542e-15
4062.7727864645826,6.89154e-15
4064.58647152413,7.0768735e-15
4066.4001565836775,6.695319e-15
4068.213841643225,7.296827e-15
4070.0275267027723,7.701773e-15
4071.8412117623197,8.261318e-15
4073.654896821867,7.728736e-15
4075.4685818814146,7.160969e-15
4077.282266940962,7.418403e-15
4079.0959520005094,7.981748e-15
4080.909637060057,7.536405e-15
4082.7233221196043,7.90227e-15
4084.5370071791517,8.61353e-15
4086.350692238699,9.092142e-15
4088.1643772982466,8.459769e-15
4089.978062357794,7.946881e-15
4091.7917474173414,7.283614e-15
4093.605432476889,7.55614e-15
4095.4191175364363,8.3931995e-15
4097.232802595983,8.580467e-15
4099.046487655531,8.683998e-15
4100.860172715078,8.958677e-15
4102.6738577746255,8.2811235e-15
4104.487542834173,8.1236524e-15
4106.30122789372,8.547476e-15
4108.114912953268,8.087361e-15
4109.928598012815,8.191602e-15
4111.742283072363,8.687073e-15
4113.55596813191,9.225119e-15
4115.3696531914575,9.1264835e-15
4117.183338251005,8.624896e-15
4118.997023310552,8.633783e-15
4120.8107083701,9.06421e-15
4122.624393429647,9.092791e-15
4124.438078489195,9.006198e-15
4126.251763548742,9.286869e-15
4128.065448608289,8.798486e-15
4129.879133667837,8.741345e-15
4131.692818727384,8.837342e-15
4133.506503786932,8.786088e-15
4135.320188846479,8.3620795e-15
4137.133873906027,8.608092e-15
4138.947558965574,9.46052e-15
4140.761244025121,8.355059e-15
4142.574929084669,8.123398e-15
4144.388614144216,8.340361e-15
4146.202299203764,8.5784075e-15
4148.015984263311,9.128692e-15
4149.8296693228585,8.154861e-15
4151.643354382406,8.124453e-15
4153.457039441953,9.451611e-15
4155.270724501501,1.0105832e-14
4157.084409561048,9.498522e-15
4158.898094620596,1.0122939e-14
4160.711779680143,9.492626e-15
4162.5254647396905,9.027835e-15
4164.339149799238,9.229563e-15
4166.152834858785,7.939838e-15
4167.966519918333,7.834425e-15
4169.78020497788,8.162489e-15
4171.593890037428,8.624913e-15
4173.407575096975,9.792353e-15
4175.2212601565225,1.00957095e-14
4177.03494521607,1.0345053e-14
4178.848630275617,1.0353834e-14
4180.662315335165,1.0320847e-14
4182.476000394712,9.3990376e-15
4184.28968545426,8.774198e-15
4186.103370513807,8.628429e-15
4187.917055573354,7.8580365e-15
4189.730740632902,8.145561e-15
4191.544425692449,8.4446856e-15
4193.358110751997,8.084992e-15
4195.171795811544,8.787026e-15
4196.985480871092,9.886359e-15
4198.799165930639,1.0445211e-14
4200.612850990186,1.1434371e-14
4202.426536049734,1.0986393e-14
4204.240221109281,9.296678e-15
4206.053906168829,7.411051e-15
4207.867591228376,6.0437944e-15
4209.6812762879235,5.5374453e-15
4211.494961347471,4.852422e-15
4213.308646407018,4.4156535e-15
4215.122331466566,4.975695e-15
4216.936016526113,5.235991e-15
4218.749701585661,5.453363e-15
4220.563386645208,5.830568e-15
4222.3770717047555,5.987512e-15
4224.190756764303,6.538351e-15
4226.00444182385,7.355374e-15
4227.818126883398,7.8388e-15
4229.631811942945,7.671393e-15
4231.445497002493,8.001424e-15
4233.25918206204,7.660602e-15
4235.0728671215875,7.526467e-15
4236.886552181135,8.58932e-15
4238.700237240682,8.690274e-15
4240.51392230023,7.442608e-15
4242.327607359777,7.032435e-15
4244.141292419325,6.7678466e-15
4245.954977478872,5.9168246e-15
4247.768662538419,5.6895576e-15
4249.582347597967,7.213685e-15
4251.396032657514,9.181101e-15
4253.209717717062,9.789488e-15
4255.023402776609,9.844348e-15
4256.837087836157,1.0325329e-14
4258.650772895704,1.1351148e-14
4260.464457955251,1.2193921e-14
4262.278143014799,1.0998549e-14
4264.091828074346,1.0102489e-14
4265.905513133894,1.0003883e-14
4267.719198193441,1.0127114e-14
4269.5328832529885,1.0460701e-14
4271.346568312536,1.095433e-14
4273.160253372083,1.1093091e-14
4274.973938431631,1.1392559e-14
4276.787623491178,1.0858646e-14
4278.601308550726,1.0625449e-14
4280.414993610273,9.607458e-15
4282.2286786698205,9.336113e-15
4284.042363729368,9.61644e-15
4285.856048788915,8.970393e-15
4287.669733848463,8.922731e-15
4289.48341890801,9.619271e-15
4291.297103967558,1.0396038e-14
4293.110789027105,1.0535465e-14
4294.9244740866525,1.0566878e-14
4296.7381591462,1.1281528e-14
4298.551844205747,1.0948344e-14
4300.365529265295,1.000066e-14
4302.179214324842,8.958131e-15
4303.99289938439,8.804209e-15
4305.806584443937,8.5409305e-15
4307.620269503484,7.791205e-15
4309.433954563032,8.466084e-15
4311.247639622579,9.417314e-15
4313.061324682127,1.0118688e-14
4314.875009741674,1.0592514e-14
4316.688694801222,1.092614e-14
4318.502379860769,1.05348766e-14
4320.316064920316,1.0003281e-14
4322.129749979864,1.0532511e-14
4323.943435039411,1.0516407e-14
4325.757120098959,1.1468224e-14
4327.570805158506,1.1395009e-14
4329.3844902180535,1.1093778e-14
4331.198175277601,1.20382686e-14
4333.011860337148,1.089181e-14
4334.825545396696,1.0973538e-14
4336.639230456243,1.1232063e-14
4338.452915515791,1.0641359e-14
4340.266600575338,1.0682212e-14
4342.0802856348855,1.16049324e-14
4343.893970694433,1.11923546e-14
4345.70765575398,1.0473395e-14
4347.521340813528,9.960667e-15
4349.335025873075,9.6145134e-15
4351.148710932623,1.0670153e-14
4352.96239599217,1.1065699e-14
4354.7760810517175,1.1009621e-14
4356.589766111265,1.1007179e-14
4358.403451170812,1.2013206e-14
4360.21713623036,1.1464675e-14
4362.030821289907,1.1130007e-14
4363.844506349455,1.1224023e-14
4365.658191409002,1.0556233e-14
4367.471876468549,1.0492295e-14
4369.285561528097,1.0310538e-14
4371.099246587644,9.421175e-15
4372.912931647192,1.0347086e-14
4374.726616706739,1.1541884e-14
4376.540301766287,9.999226e-15
4378.353986825834,9.977003e-15
4380.167671885381,1.1405797e-14
4381.981356944929,1.0484169e-14
4383.795042004476,1.0504722e-14
4385.608727064024,1.1136349e-14
4387.422412123571,1.0907449e-14
4389.2360971831185,1.1113608e-14
4391.049782242666,1.2629095e-14
4392.863467302213,1.3538211e-14
4394.677152361761,1.2389577e-14
4396.490837421308,1.1696285e-14
4398.304522480856,1.1828743e-14
4400.118207540403,1.2163422e-14
4401.9318925999505,1.18992e-14
4403.745577659498,1.2395873e-14
4405.559262719045,1.28219324e-14
4407.372947778593,1.2088365e-14
4409.18663283814,1.0728602e-14
4411.000317897688,1.1008587e-14
4412.814002957235,1.33470895e-14
4414.6276880167825,1.307051e-14
4416.44137307633,1.3268219e-14
4418.255058135877,1.3211125e-14
4420.068743195425,1.3855017e-14
4421.882428254972,1.3984031e-14
4423.69611331452,1.3857705e-14
4425.509798374067,1.39999655e-14
4427.3234834336145,1.4231e-14
4429.137168493162,1.4320454e-14
4430.950853552709,1.3606456e-14
4432.764538612257,1.2080423e-14
4434.578223671804,1.1443411e-14
4436.391908731352,1.2450142e-14
4438.205593790899,1.2472106e-14
4440.019278850446,1.20346e-14
4441.832963909994,1.3657254e-14
4443.646648969541,1.27855795e-14
4445.460334029089,1.2288532e-14
4447.274019088636,1.3704118e-14
4449.087704148184,1.3473711e-14
4450.901389207731,1.3538788e-14
4452.715074267278,1.5339736e-14
4454.528759326826,1.4444343e-14
4456.342444386373,1.2665167e-14
4458.156129445921,1.33549525e-14
4459.969814505468,1.5281233e-14
4461.7834995650155,1.567776e-14
4463.597184624563,1.5579013e-14
4465.41086968411,1.5468106e-14
4467.224554743658,1.3496655e-14
4469.038239803205,1.27688345e-14
4470.851924862753,1.3871492e-14
4472.6656099223,1.35193e-14
4474.4792949818475,1.3877179e-14
4476.292980041395,1.4483913e-14
4478.106665100942,1.5236896e-14
4479.92035016049,1.41747e-14
4481.734035220037,1.475991e-14
4483.547720279585,1.6400284e-14
4485.361405339132,1.5500684e-14
4487.1750903986795,1.3951941e-14
4488.988775458227,1.1386953e-14
4490.802460517774,9.9079434e-15
4492.616145577322,9.805173e-15
4494.429830636869,1.0386528e-14
4496.243515696417,1.07686754e-14
4498.057200755964,1.0015905e-14
4499.870885815511,9.348103e-15
4501.684570875059,1.0773261e-14
4503.498255934606,1.1312061e-14
4505.311940994154,1.3452473e-14
4507.125626053701,1.410384e-14
4508.939311113249,1.1607978e-14
4510.752996172796,1.1320028e-14
4512.566681232343,1.3082208e-14
4514.380366291891,1.31871646e-14
4516.194051351438,1.3755388e-14
4518.007736410986,1.452985e-14
4519.821421470533,1.4607944e-14
4521.6351065300805,1.3477639e-14
4523.448791589628,1.3707553e-14
4525.262476649175,1.3572538e-14
4527.076161708723,1.5054117e-14
4528.88984676827,1.5615557e-14
4530.703531827818,1.415312e-14
4532.517216887365,1.6772531e-14
4534.3309019469125,1.7498259e-14
4536.14458700646,1.6226988e-14
4537.958272066007,1.4655515e-14
4539.771957125555,1.3808735e-14
4541.585642185102,1.337148e-14
4543.399327244649,1.2318384e-14
4545.213012304196,1.2038186e-14
4547.026697363744,1.1324295e-14
4548.840382423291,1.1448737e-14
4550.654067482838,1.2429692e-14
4552.467752542386,1.1430987e-14
4554.281437601933,1.38091595e-14
4556.095122661481,1.4513503e-14
4557.908807721028,1.6632447e-14
4559.7224927805755,1.28605936e-14
4561.536177840123,1.0357502e-14
4563.34986289967,1.11684555e-14
4565.163547959218,1.3903455e-14
4566.977233018765,1.4589138e-14
4568.790918078313,1.4481594e-14
4570.60460313786,1.1634274e-14
4572.4182881974075,1.0273655e-14
4574.231973256955,1.0439144e-14
4576.045658316502,1.2246715e-14
4577.85934337605,1.3168474e-14
4579.673028435597,1.3596597e-14
4581.486713495145,1.4680394e-14
4583.300398554692,1.1386665e-14
4585.1140836142395,9.395474e-15
4586.927768673787,1.21525985e-14
4588.741453733335,1.2170619e-14
4590.555138792883,1.2450486e-14
4592.368823852429,1.050268e-14
4594.182508911977,8.381245e-15
4595.996193971524,8.8021555e-15
4597.809879031071,1.134294e-14
4599.623564090619,1.3007891e-14
4601.437249150166,1.2156242e-14
4603.250934209714,1.2479038e-14
4605.064619269261,1.3932766e-14
4606.878304328809,1.4026286e-14
4608.691989388356,7.212214e-15
4610.505674447903,4.6058996e-15
4612.319359507451,1.0022533e-14
4614.133044566998,1.1241347e-14
4615.946729626546,1.0942456e-14
4617.760414686093,1.07263585e-14
4619.5740997456405,7.799674e-15
4621.387784805188,1.3462875e-14
4623.201469864735,1.1916488e-14
4625.015154924283,6.8642453e-15
4626.82883998383,1.0645855e-14
4628.642525043378,9.099622e-15
4630.456210102925,2.9769612e-15
4632.2698951624725,3.6836497e-15
4634.08358022202,8.308353e-15
4635.897265281567,7.144508e-15
4637.710950341115,8.758768e-15
4639.524635400662,8.723083e-15
4641.33832046021,7.762903e-15
4643.152005519757,5.111903e-15
4644.9656905793045,7.740361e-15
4646.779375638852,1.3359543e-14
4648.593060698399,1.0479689e-14
4650.406745757947,1.0526915e-14
4652.220430817494,1.0127815e-14
4654.034115877042,5.424391e-15
4655.847800936589,4.8448425e-15
4657.661485996136,9.114521e-15
4659.475171055684,8.092705e-15
4661.288856115231,7.5770816e-15
4663.102541174779,9.7302884e-15
4664.916226234326,9.599194e-15
4666.729911293874,4.8255755e-15
4668.543596353421,3.3110776e-15
4670.357281412968,7.399145e-15
4672.170966472516,1.2507898e-14
4673.984651532063,8.651618e-15
4675.798336591611,8.362327e-15
4677.612021651158,1.295422e-14
4679.4257067107055,8.783647e-15
4681.239391770253,9.255009e-15
4683.0530768298,1.2595191e-14
4684.866761889348,1.5610751e-14
4686.680446948895,1.925431e-14
4688.494132008443,1.8302256e-14
4690.30781706799,7.248183e-15
4692.1215021275375,1.5140833e-14
4693.935187187085,1.5360724e-14
4695.748872246632,-1.3327875e-15
4697.56255730618,1.2930897e-14
4699.376242365727,2.7023561e-14
4701.189927425275,2.4590483e-14
4703.003612484822,1.5940052e-14
4704.8172975443695,1.8860806e-14
4706.630982603917,1.4437814e-14
4708.444667663464,7.40141e-15
4710.258352723012,3.8989265e-15
4712.072037782559,7.420511e-15
4713.885722842107,2.2392961e-14
4715.699407901654,2.1175996e-14
4717.513092961201,1.276569e-14
4719.326778020749,8.652319e-15
4721.140463080296,1.2540021e-14
4722.954148139844,2.7114863e-14
4724.767833199391,2.1348037e-14
4726.581518258939,9.684757e-15
4728.395203318486,1.1815349e-14
4730.208888378033,1.6308791e-15
4732.022573437581,8.64218e-15
4733.836258497128,1.2993208e-14
4735.649943556676,1.5127212e-14
4737.463628616223,2.6782716e-14
4739.2773136757705,3.3745064e-14
